AAA,1682
AAC,185
AAD,727
AAE,1000
AAF,516
AAG,1246
AAH,350
AAI,764
AAK,761
AAL,1534
AAM,374
AAN,488
AAP,498
AAQ,561
AAR,903
AAS,789
AAT,661
AAV,1034
AAW,190
AAY,429
ACA,154
ACC,27
ACD,108
ACE,116
ACF,67
ACG,157
ACH,58
ACI,78
ACK,87
ACL,140
ACM,36
ACN,69
ACP,80
ACQ,73
ACR,118
ACS,117
ACT,89
ACV,101
ACW,23
ACY,45
ADA,792
ADC,98
ADD,390
ADE,536
ADF,430
ADG,783
ADH,172
ADI,598
ADK,413
ADL,879
ADM,206
ADN,271
ADP,380
ADQ,249
ADR,418
ADS,404
ADT,360
ADV,660
ADW,138
ADY,345
AEA,1011
AEC,88
AED,437
AEE,663
AEF,361
AEG,734
AEH,219
AEI,563
AEK,652
AEL,1046
AEM,229
AEN,422
AEP,288
AEQ,393
AER,636
AES,438
AET,438
AEV,683
AEW,134
AEY,297
AFA,523
AFC,79
AFD,370
AFE,342
AFF,169
AFG,436
AFH,114
AFI,298
AFK,294
AFL,553
AFM,110
AFN,237
AFP,245
AFQ,201
AFR,284
AFS,380
AFT,319
AFV,380
AFW,73
AFY,204
AGA,1029
AGC,167
AGD,596
AGE,669
AGF,530
AGG,858
AGH,302
AGI,712
AGK,639
AGL,1032
AGM,251
AGN,410
AGP,346
AGQ,395
AGR,532
AGS,640
AGT,641
AGV,900
AGW,188
AGY,412
AHA,327
AHC,65
AHD,151
AHE,158
AHF,138
AHG,302
AHH,202
AHI,163
AHK,141
AHL,342
AHM,72
AHN,114
AHP,215
AHQ,130
AHR,175
AHS,176
AHT,151
AHV,207
AHW,61
AHY,111
AIA,862
AIC,92
AID,478
AIE,581
AIF,237
AIG,565
AIH,166
AII,430
AIK,517
AIL,613
AIM,133
AIN,352
AIP,297
AIQ,287
AIR,458
AIS,476
AIT,401
AIV,529
AIW,80
AIY,251
AKA,839
AKC,55
AKD,413
AKE,603
AKF,264
AKG,528
AKH,157
AKI,435
AKK,565
AKL,656
AKM,179
AKN,347
AKP,229
AKQ,293
AKR,445
AKS,393
AKT,362
AKV,539
AKW,72
AKY,279
ALA,1563
ALC,160
ALD,812
ALE,1111
ALF,421
ALG,1076
ALH,291
ALI,628
ALK,910
ALL,1289
ALM,277
ALN,565
ALP,589
ALQ,524
ALR,894
ALS,855
ALT,723
ALV,887
ALW,179
ALY,386
AMA,418
AMC,37
AMD,180
AME,233
AMF,99
AMG,277
AMH,87
AMI,162
AMK,265
AML,343
AMM,98
AMN,156
AMP,151
AMQ,148
AMR,205
AMS,197
AMT,215
AMV,206
AMW,41
AMY,97
ANA,499
ANC,68
AND,267
ANE,274
ANF,196
ANG,477
ANH,111
ANI,325
ANK,263
ANL,491
ANM,124
ANN,231
ANP,306
ANQ,218
ANR,269
ANS,312
ANT,251
ANV,377
ANW,97
ANY,210
APA,530
APC,56
APD,381
APE,462
APF,232
APG,594
APH,160
API,285
APK,254
APL,541
APM,94
APN,223
APP,250
APQ,203
APR,259
APS,360
APT,270
APV,414
APW,86
APY,202
AQA,594
AQC,62
AQD,239
AQE,336
AQF,195
AQG,425
AQH,117
AQI,308
AQK,296
AQL,534
AQM,121
AQN,210
AQP,195
AQQ,255
AQR,314
AQS,265
AQT,325
AQV,337
AQW,93
AQY,186
ARA,843
ARC,79
ARD,371
ARE,578
ARF,333
ARG,582
ARH,222
ARI,461
ARK,371
ARL,805
ARM,169
ARN,277
ARP,263
ARQ,315
ARR,530
ARS,363
ART,334
ARV,516
ARW,99
ARY,274
ASA,732
ASC,121
ASD,426
ASE,482
ASF,324
ASG,823
ASH,202
ASI,452
ASK,378
ASL,785
ASM,214
ASN,287
ASP,346
ASQ,284
ASR,412
ASS,491
AST,467
ASV,581
ASW,116
ASY,288
ATA,799
ATC,102
ATD,389
ATE,408
ATF,310
ATG,737
ATH,165
ATI,391
ATK,336
ATL,724
ATM,147
ATN,273
ATP,394
ATQ,242
ATR,398
ATS,387
ATT,393
ATV,580
ATW,100
ATY,265
AVA,1118
AVC,148
AVD,570
AVE,713
AVF,371
AVG,728
AVH,225
AVI,589
AVK,634
AVL,938
AVM,196
AVN,435
AVP,396
AVQ,392
AVR,633
AVS,568
AVT,551
AVV,771
AVW,111
AVY,288
AWA,176
AWC,28
AWD,128
AWE,118
AWF,62
AWG,143
AWH,66
AWI,84
AWK,130
AWL,183
AWM,35
AWN,107
AWP,79
AWQ,93
AWR,121
AWS,127
AWT,108
AWV,114
AWW,23
AWY,55
AYA,414
AYC,60
AYD,275
AYE,283
AYF,169
AYG,333
AYH,105
AYI,206
AYK,210
AYL,413
AYM,91
AYN,187
AYP,198
AYQ,198
AYR,267
AYS,278
AYT,240
AYV,304
AYW,66
AYY,160
CAA,184
CAC,26
CAD,96
CAE,91
CAF,55
CAG,141
CAH,37
CAI,67
CAK,79
CAL,128
CAM,34
CAN,58
CAP,68
CAQ,64
CAR,76
CAS,75
CAT,82
CAV,115
CAW,20
CAY,38
CCA,26
CCC,4
CCD,18
CCE,16
CCF,15
CCG,20
CCH,15
CCI,15
CCK,9
CCL,22
CCM,6
CCN,11
CCP,16
CCQ,15
CCR,18
CCS,40
CCT,15
CCV,22
CCW,2
CCY,15
CDA,92
CDC,27
CDD,63
CDE,78
CDF,47
CDG,94
CDH,23
CDI,96
CDK,72
CDL,127
CDM,20
CDN,37
CDP,56
CDQ,29
CDR,69
CDS,73
CDT,52
CDV,121
CDW,15
CDY,56
CEA,96
CEC,22
CED,79
CEE,91
CEF,42
CEG,59
CEH,30
CEI,87
CEK,87
CEL,126
CEM,31
CEN,66
CEP,51
CEQ,43
CER,71
CES,56
CET,63
CEV,93
CEW,22
CEY,36
CFA,80
CFC,11
CFD,56
CFE,59
CFF,24
CFG,54
CFH,20
CFI,40
CFK,34
CFL,66
CFM,19
CFN,47
CFP,33
CFQ,32
CFR,46
CFS,65
CFT,41
CFV,60
CFW,11
CFY,30
CGA,146
CGC,26
CGD,107
CGE,101
CGF,70
CGG,158
CGH,51
CGI,91
CGK,89
CGL,131
CGM,35
CGN,85
CGP,96
CGQ,62
CGR,76
CGS,138
CGT,111
CGV,130
CGW,26
CGY,68
CHA,57
CHC,11
CHD,48
CHE,37
CHF,23
CHG,63
CHH,21
CHI,35
CHK,25
CHL,51
CHM,15
CHN,30
CHP,38
CHQ,26
CHR,27
CHS,43
CHT,42
CHV,35
CHW,4
CHY,19
CIA,93
CIC,17
CID,72
CIE,58
CIF,28
CIG,105
CIH,28
CII,56
CIK,57
CIL,72
CIM,24
CIN,70
CIP,43
CIQ,36
CIR,59
CIS,69
CIT,50
CIV,71
CIW,7
CIY,37
CKA,87
CKC,15
CKD,53
CKE,71
CKF,28
CKG,75
CKH,23
CKI,50
CKK,71
CKL,73
CKM,22
CKN,54
CKP,52
CKQ,39
CKR,39
CKS,63
CKT,54
CKV,61
CKW,13
CKY,31
CLA,146
CLC,31
CLD,118
CLE,115
CLF,61
CLG,118
CLH,41
CLI,82
CLK,112
CLL,134
CLM,32
CLN,61
CLP,79
CLQ,87
CLR,105
CLS,104
CLT,92
CLV,121
CLW,21
CLY,50
CMA,27
CMC,4
CMD,35
CME,30
CMF,10
CMG,23
CMH,8
CMI,15
CMK,18
CML,41
CMM,7
CMN,22
CMP,16
CMQ,16
CMR,22
CMS,26
CMT,22
CMV,32
CMW,2
CMY,11
CNA,42
CNC,14
CND,43
CNE,57
CNF,22
CNG,74
CNH,18
CNI,53
CNK,29
CNL,64
CNM,16
CNN,31
CNP,47
CNQ,37
CNR,27
CNS,58
CNT,61
CNV,56
CNW,12
CNY,28
CPA,93
CPC,19
CPD,64
CPE,80
CPF,40
CPG,104
CPH,38
CPI,70
CPK,63
CPL,68
CPM,16
CPN,48
CPP,59
CPQ,35
CPR,52
CPS,66
CPT,73
CPV,81
CPW,16
CPY,56
CQA,51
CQC,12
CQD,44
CQE,59
CQF,24
CQG,73
CQH,14
CQI,35
CQK,45
CQL,80
CQM,18
CQN,36
CQP,35
CQQ,47
CQR,46
CQS,51
CQT,42
CQV,56
CQW,7
CQY,35
CRA,87
CRC,24
CRD,78
CRE,81
CRF,48
CRG,60
CRH,29
CRI,64
CRK,68
CRL,95
CRM,24
CRN,52
CRP,50
CRQ,43
CRR,70
CRS,60
CRT,61
CRV,93
CRW,15
CRY,45
CSA,135
CSC,34
CSD,74
CSE,83
CSF,49
CSG,146
CSH,32
CSI,56
CSK,60
CSL,115
CSM,25
CSN,70
CSP,64
CSQ,58
CSR,64
CSS,121
CST,81
CSV,103
CSW,16
CSY,40
CTA,80
CTC,29
CTD,65
CTE,59
CTF,46
CTG,114
CTH,49
CTI,49
CTK,50
CTL,74
CTM,21
CTN,47
CTP,60
CTQ,35
CTR,50
CTS,80
CTT,68
CTV,94
CTW,16
CTY,32
CVA,121
CVC,24
CVD,77
CVE,93
CVF,54
CVG,112
CVH,28
CVI,48
CVK,67
CVL,114
CVM,33
CVN,76
CVP,75
CVQ,42
CVR,69
CVS,86
CVT,58
CVV,111
CVW,14
CVY,43
CWA,25
CWC,5
CWD,27
CWE,14
CWF,12
CWG,18
CWH,6
CWI,15
CWK,15
CWL,17
CWM,9
CWN,8
CWP,10
CWQ,15
CWR,8
CWS,20
CWT,8
CWV,15
CWW,4
CWY,10
CYA,52
CYC,16
CYD,48
CYE,39
CYF,30
CYG,53
CYH,19
CYI,40
CYK,38
CYL,56
CYM,21
CYN,29
CYP,42
CYQ,30
CYR,20
CYS,54
CYT,47
CYV,37
CYW,8
CYY,30
DAA,874
DAC,93
DAD,458
DAE,502
DAF,386
DAG,600
DAH,177
DAI,571
DAK,406
DAL,946
DAM,214
DAN,281
DAP,339
DAQ,285
DAR,347
DAS,398
DAT,442
DAV,724
DAW,139
DAY,237
DCA,95
DCC,13
DCD,59
DCE,58
DCF,51
DCG,94
DCH,39
DCI,69
DCK,49
DCL,120
DCM,14
DCN,40
DCP,63
DCQ,32
DCR,67
DCS,107
DCT,71
DCV,80
DCW,25
DCY,35
DDA,421
DDC,62
DDD,359
DDE,366
DDF,262
DDG,364
DDH,109
DDI,373
DDK,265
DDL,566
DDM,103
DDN,171
DDP,296
DDQ,147
DDR,230
DDS,296
DDT,239
DDV,421
DDW,89
DDY,211
DEA,601
DEC,68
DED,376
DEE,473
DEF,279
DEG,364
DEH,140
DEI,482
DEK,376
DEL,730
DEM,149
DEN,286
DEP,200
DEQ,222
DER,345
DES,337
DET,331
DEV,587
DEW,99
DEY,207
DFA,353
DFC,53
DFD,310
DFE,294
DFF,179
DFG,325
DFH,122
DFI,271
DFK,230
DFL,469
DFM,86
DFN,206
DFP,219
DFQ,149
DFR,230
DFS,342
DFT,300
DFV,365
DFW,111
DFY,186
DGA,563
DGC,91
DGD,397
DGE,460
DGF,332
DGG,501
DGH,188
DGI,464
DGK,709
DGL,619
DGM,162
DGN,381
DGP,252
DGQ,297
DGR,534
DGS,673
DGT,656
DGV,631
DGW,142
DGY,275
DHA,184
DHC,38
DHD,99
DHE,108
DHF,103
DHG,181
DHH,63
DHI,167
DHK,65
DHL,221
DHM,49
DHN,40
DHP,160
DHQ,71
DHR,99
DHS,121
DHT,103
DHV,165
DHW,22
DHY,121
DIA,606
DIC,93
DID,449
DIE,405
DIF,263
DIG,375
DIH,122
DII,402
DIK,353
DIL,625
DIM,126
DIN,263
DIP,321
DIQ,209
DIR,302
DIS,409
DIT,384
DIV,513
DIW,72
DIY,242
DKA,351
DKC,53
DKD,313
DKE,359
DKF,212
DKG,261
DKH,95
DKI,557
DKK,302
DKL,603
DKM,94
DKN,277
DKP,244
DKQ,151
DKR,215
DKS,273
DKT,284
DKV,467
DKW,77
DKY,226
DLA,831
DLC,122
DLD,500
DLE,581
DLF,351
DLG,730
DLH,214
DLI,593
DLK,606
DLL,910
DLM,193
DLN,371
DLP,529
DLQ,294
DLR,485
DLS,653
DLT,534
DLV,723
DLW,107
DLY,341
DMA,196
DMC,30
DMD,111
DME,134
DMF,83
DMG,134
DMH,43
DMI,129
DMK,124
DML,223
DMM,58
DMN,90
DMP,95
DMQ,66
DMR,94
DMS,87
DMT,135
DMV,157
DMW,26
DMY,77
DNA,266
DNC,50
DND,178
DNE,186
DNF,195
DNG,275
DNH,77
DNI,278
DNK,173
DNL,359
DNM,86
DNN,147
DNP,250
DNQ,150
DNR,144
DNS,221
DNT,206
DNV,302
DNW,70
DNY,156
DPA,532
DPC,34
DPD,362
DPE,497
DPF,159
DPG,226
DPH,107
DPI,191
DPK,324
DPL,358
DPM,87
DPN,313
DPP,141
DPQ,205
DPR,326
DPS,447
DPT,315
DPV,363
DPW,63
DPY,171
DQA,252
DQC,24
DQD,168
DQE,176
DQF,147
DQG,186
DQH,64
DQI,235
DQK,116
DQL,338
DQM,65
DQN,103
DQP,146
DQQ,135
DQR,141
DQS,152
DQT,136
DQV,263
DQW,67
DQY,138
DRA,358
DRC,61
DRD,269
DRE,271
DRF,263
DRG,282
DRH,101
DRI,386
DRK,199
DRL,516
DRM,101
DRN,186
DRP,202
DRQ,145
DRR,228
DRS,245
DRT,221
DRV,454
DRW,79
DRY,193
DSA,418
DSC,65
DSD,262
DSE,302
DSF,245
DSG,478
DSH,109
DSI,319
DSK,298
DSL,514
DSM,100
DSN,219
DSP,253
DSQ,183
DSR,256
DSS,386
DST,305
DSV,382
DSW,107
DSY,190
DTA,416
DTC,74
DTD,255
DTE,244
DTF,255
DTG,348
DTH,105
DTI,301
DTK,206
DTL,533
DTM,103
DTN,199
DTP,270
DTQ,150
DTR,196
DTS,284
DTT,254
DTV,427
DTW,86
DTY,176
DVA,647
DVC,90
DVD,418
DVE,421
DVF,278
DVG,343
DVH,149
DVI,505
DVK,389
DVL,771
DVM,168
DVN,282
DVP,329
DVQ,232
DVR,380
DVS,429
DVT,425
DVV,719
DVW,132
DVY,266
DWA,111
DWC,27
DWD,111
DWE,116
DWF,73
DWG,104
DWH,37
DWI,108
DWK,99
DWL,167
DWM,39
DWN,77
DWP,75
DWQ,67
DWR,101
DWS,98
DWT,83
DWV,128
DWW,27
DWY,44
DYA,292
DYC,48
DYD,234
DYE,246
DYF,180
DYG,225
DYH,102
DYI,315
DYK,182
DYL,447
DYM,82
DYN,144
DYP,192
DYQ,160
DYR,186
DYS,236
DYT,213
DYV,346
DYW,67
DYY,173
EAA,1021
EAC,121
EAD,421
EAE,618
EAF,465
EAG,813
EAH,206
EAI,703
EAK,482
EAL,1316
EAM,270
EAN,298
EAP,313
EAQ,359
EAR,543
EAS,433
EAT,436
EAV,861
EAW,142
EAY,310
ECA,90
ECC,12
ECD,54
ECE,67
ECF,51
ECG,69
ECH,34
ECI,55
ECK,56
ECL,113
ECM,29
ECN,39
ECP,60
ECQ,37
ECR,81
ECS,59
ECT,45
ECV,91
ECW,13
ECY,43
EDA,478
EDC,85
EDD,279
EDE,384
EDF,330
EDG,568
EDH,106
EDI,461
EDK,285
EDL,678
EDM,144
EDN,185
EDP,293
EDQ,168
EDR,267
EDS,281
EDT,240
EDV,511
EDW,94
EDY,275
EEA,833
EEC,104
EED,380
EEE,595
EEF,400
EEG,621
EEH,181
EEI,720
EEK,484
EEL,1066
EEM,243
EEN,280
EEP,207
EEQ,269
EER,382
EES,306
EET,399
EEV,712
EEW,127
EEY,278
EFA,322
EFC,58
EFD,285
EFE,303
EFF,206
EFG,291
EFH,102
EFI,240
EFK,241
EFL,495
EFM,116
EFN,193
EFP,178
EFQ,154
EFR,203
EFS,256
EFT,235
EFV,325
EFW,53
EFY,166
EGA,586
EGC,105
EGD,416
EGE,496
EGF,372
EGG,590
EGH,358
EGI,483
EGK,614
EGL,777
EGM,187
EGN,302
EGP,249
EGQ,253
EGR,485
EGS,387
EGT,379
EGV,605
EGW,134
EGY,312
EHA,222
EHC,30
EHD,117
EHE,94
EHF,137
EHG,237
EHH,332
EHI,163
EHK,98
EHL,291
EHM,55
EHN,80
EHP,170
EHQ,66
EHR,117
EHS,100
EHT,123
EHV,155
EHW,51
EHY,110
EIA,670
EIC,84
EID,404
EIE,459
EIF,276
EIG,418
EIH,126
EII,433
EIK,455
EIL,664
EIM,135
EIN,268
EIP,330
EIQ,230
EIR,385
EIS,378
EIT,384
EIV,550
EIW,71
EIY,254
EKA,717
EKC,88
EKD,413
EKE,477
EKF,356
EKG,625
EKH,154
EKI,603
EKK,360
EKL,956
EKM,209
EKN,300
EKP,253
EKQ,223
EKR,359
EKS,321
EKT,341
EKV,627
EKW,111
EKY,358
ELA,1051
ELC,135
ELD,570
ELE,699
ELF,440
ELG,862
ELH,242
ELI,625
ELK,769
ELL,1129
ELM,233
ELN,413
ELP,463
ELQ,367
ELR,599
ELS,613
ELT,537
ELV,770
ELW,120
ELY,366
EMA,246
EMC,27
EMD,123
EME,167
EMF,101
EMG,205
EMH,51
EMI,160
EMK,184
EML,283
EMM,56
EMN,98
EMP,84
EMQ,92
EMR,122
EMS,117
EMT,128
EMV,181
EMW,27
EMY,88
ENA,389
ENC,75
END,202
ENE,264
ENF,234
ENG,513
ENH,106
ENI,406
ENK,265
ENL,748
ENM,105
ENN,213
ENP,296
ENQ,155
ENR,234
ENS,262
ENT,235
ENV,360
ENW,78
ENY,172
EPA,254
EPC,49
EPD,220
EPE,287
EPF,210
EPG,365
EPH,95
EPI,251
EPK,167
EPL,431
EPM,81
EPN,132
EPP,171
EPQ,120
EPR,178
EPS,223
EPT,192
EPV,358
EPW,64
EPY,157
EQA,438
EQC,38
EQD,161
EQE,224
EQF,230
EQG,306
EQH,96
EQI,277
EQK,197
EQL,562
EQM,109
EQN,136
EQP,144
EQQ,173
EQR,220
EQS,180
EQT,219
EQV,353
EQW,85
EQY,161
ERA,571
ERC,84
ERD,253
ERE,344
ERF,345
ERG,439
ERH,124
ERI,522
ERK,266
ERL,851
ERM,158
ERN,195
ERP,232
ERQ,197
ERR,313
ERS,238
ERT,251
ERV,569
ERW,93
ERY,280
ESA,441
ESC,75
ESD,255
ESE,293
ESF,286
ESG,453
ESH,112
ESI,359
ESK,283
ESL,625
ESM,117
ESN,218
ESP,208
ESQ,164
ESR,236
ESS,303
EST,266
ESV,401
ESW,92
ESY,237
ETA,458
ETC,68
ETD,270
ETE,313
ETF,304
ETG,467
ETH,134
ETI,388
ETK,254
ETL,694
ETM,156
ETN,159
ETP,270
ETQ,202
ETR,260
ETS,305
ETT,290
ETV,454
ETW,93
ETY,187
EVA,691
EVC,100
EVD,413
EVE,555
EVF,362
EVG,439
EVH,185
EVI,576
EVK,537
EVL,913
EVM,205
EVN,243
EVP,350
EVQ,257
EVR,420
EVS,443
EVT,456
EVV,692
EVW,117
EVY,311
EWA,130
EWC,21
EWD,74
EWE,87
EWF,66
EWG,111
EWH,33
EWI,112
EWK,106
EWL,188
EWM,40
EWN,63
EWP,58
EWQ,62
EWR,90
EWS,88
EWT,97
EWV,113
EWW,18
EWY,65
EYA,268
EYC,54
EYD,186
EYE,221
EYF,176
EYG,278
EYH,61
EYI,226
EYK,189
EYL,406
EYM,97
EYN,119
EYP,148
EYQ,143
EYR,185
EYS,184
EYT,186
EYV,256
EYW,54
EYY,142
FAA,483
FAC,64
FAD,395
FAE,409
FAF,148
FAG,385
FAH,95
FAI,214
FAK,343
FAL,381
FAM,90
FAN,241
FAP,256
FAQ,210
FAR,336
FAS,328
FAT,279
FAV,314
FAW,64
FAY,149
FCA,84
FCC,18
FCD,47
FCE,65
FCF,33
FCG,70
FCH,35
FCI,40
FCK,56
FCL,57
FCM,12
FCN,33
FCP,40
FCQ,42
FCR,46
FCS,65
FCT,39
FCV,42
FCW,8
FCY,30
FDA,401
FDC,67
FDD,251
FDE,336
FDF,209
FDG,341
FDH,117
FDI,294
FDK,297
FDL,441
FDM,94
FDN,193
FDP,249
FDQ,159
FDR,255
FDS,251
FDT,239
FDV,327
FDW,82
FDY,181
FEA,346
FEC,42
FED,265
FEE,387
FEF,145
FEG,318
FEH,107
FEI,226
FEK,384
FEL,316
FEM,90
FEN,236
FEP,178
FEQ,188
FER,253
FES,227
FET,265
FEV,303
FEW,69
FEY,134
FFA,190
FFC,24
FFD,200
FFE,182
FFF,67
FFG,205
FFH,58
FFI,129
FFK,163
FFL,177
FFM,38
FFN,127
FFP,140
FFQ,101
FFR,134
FFS,183
FFT,158
FFV,167
FFW,35
FFY,75
FGA,369
FGC,63
FGD,340
FGE,370
FGF,234
FGG,489
FGH,150
FGI,259
FGK,298
FGL,421
FGM,130
FGN,257
FGP,228
FGQ,155
FGR,239
FGS,335
FGT,279
FGV,348
FGW,63
FGY,205
FHA,109
FHC,24
FHD,100
FHE,111
FHF,71
FHG,139
FHH,49
FHI,80
FHK,75
FHL,140
FHM,38
FHN,79
FHP,114
FHQ,75
FHR,81
FHS,84
FHT,94
FHV,124
FHW,27
FHY,71
FIA,279
FIC,56
FID,307
FIE,276
FIF,116
FIG,286
FIH,94
FII,142
FIK,233
FIL,209
FIM,60
FIN,178
FIP,177
FIQ,119
FIR,201
FIS,219
FIT,197
FIV,199
FIW,34
FIY,100
FKA,262
FKC,34
FKD,285
FKE,330
FKF,112
FKG,258
FKH,67
FKI,166
FKK,255
FKL,268
FKM,50
FKN,236
FKP,181
FKQ,145
FKR,167
FKS,211
FKT,187
FKV,242
FKW,36
FKY,112
FLA,454
FLC,80
FLD,424
FLE,461
FLF,160
FLG,406
FLH,140
FLI,206
FLK,429
FLL,440
FLM,93
FLN,254
FLP,280
FLQ,250
FLR,336
FLS,368
FLT,317
FLV,322
FLW,57
FLY,150
FMA,112
FMC,17
FMD,97
FME,112
FMF,33
FMG,85
FMH,32
FMI,53
FMK,92
FML,95
FMM,27
FMN,46
FMP,65
FMQ,55
FMR,81
FMS,83
FMT,78
FMV,85
FMW,8
FMY,30
FNA,257
FNC,31
FND,201
FNE,220
FNF,113
FNG,232
FNH,64
FNI,173
FNK,177
FNL,258
FNM,62
FNN,155
FNP,170
FNQ,137
FNR,163
FNS,180
FNT,179
FNV,222
FNW,41
FNY,108
FPA,270
FPC,34
FPD,258
FPE,305
FPF,103
FPG,276
FPH,76
FPI,147
FPK,170
FPL,237
FPM,53
FPN,154
FPP,179
FPQ,126
FPR,121
FPS,190
FPT,161
FPV,223
FPW,39
FPY,97
FQA,179
FQC,32
FQD,152
FQE,165
FQF,89
FQG,356
FQH,58
FQI,117
FQK,165
FQL,186
FQM,48
FQN,121
FQP,141
FQQ,113
FQR,131
FQS,216
FQT,149
FQV,149
FQW,36
FQY,74
FRA,286
FRC,45
FRD,214
FRE,272
FRF,121
FRG,224
FRH,84
FRI,134
FRK,190
FRL,267
FRM,56
FRN,166
FRP,164
FRQ,166
FRR,179
FRS,180
FRT,165
FRV,209
FRW,40
FRY,111
FSA,362
FSC,59
FSD,304
FSE,313
FSF,192
FSG,384
FSH,122
FSI,239
FSK,281
FSL,342
FSM,90
FSN,212
FSP,243
FSQ,198
FSR,248
FSS,332
FST,264
FSV,271
FSW,59
FSY,158
FTA,312
FTC,54
FTD,295
FTE,276
FTF,176
FTG,312
FTH,83
FTI,177
FTK,194
FTL,317
FTM,79
FTN,182
FTP,282
FTQ,148
FTR,194
FTS,315
FTT,186
FTV,314
FTW,59
FTY,139
FVA,355
FVC,86
FVD,357
FVE,375
FVF,166
FVG,317
FVH,116
FVI,196
FVK,278
FVL,311
FVM,77
FVN,235
FVP,219
FVQ,170
FVR,278
FVS,266
FVT,252
FVV,304
FVW,50
FVY,135
FWA,80
FWC,6
FWD,76
FWE,59
FWF,19
FWG,70
FWH,24
FWI,40
FWK,69
FWL,69
FWM,24
FWN,52
FWP,30
FWQ,41
FWR,62
FWS,58
FWT,45
FWV,41
FWW,8
FWY,24
FYA,187
FYC,24
FYD,151
FYE,169
FYF,95
FYG,192
FYH,75
FYI,112
FYK,150
FYL,171
FYM,38
FYN,144
FYP,126
FYQ,140
FYR,156
FYS,141
FYT,138
FYV,129
FYW,29
FYY,91
GAA,885
GAC,126
GAD,702
GAE,563
GAF,378
GAG,912
GAH,235
GAI,557
GAK,516
GAL,818
GAM,351
GAN,424
GAP,465
GAQ,319
GAR,474
GAS,656
GAT,665
GAV,717
GAW,144
GAY,328
GCA,113
GCC,22
GCD,117
GCE,95
GCF,52
GCG,170
GCH,43
GCI,84
GCK,64
GCL,136
GCM,39
GCN,59
GCP,81
GCQ,65
GCR,70
GCS,98
GCT,110
GCV,119
GCW,23
GCY,58
GDA,583
GDC,68
GDD,357
GDE,416
GDF,346
GDG,570
GDH,162
GDI,495
GDK,427
GDL,690
GDM,136
GDN,265
GDP,379
GDQ,188
GDR,349
GDS,408
GDT,392
GDV,628
GDW,133
GDY,345
GEA,563
GEC,79
GED,369
GEE,529
GEF,333
GEG,579
GEH,179
GEI,515
GEK,544
GEL,764
GEM,154
GEN,335
GEP,386
GEQ,225
GER,464
GES,392
GET,480
GEV,668
GEW,147
GEY,273
GFA,405
GFC,77
GFD,392
GFE,322
GFF,202
GFG,523
GFH,139
GFI,283
GFK,286
GFL,409
GFM,128
GFN,256
GFP,273
GFQ,178
GFR,269
GFS,393
GFT,378
GFV,370
GFW,82
GFY,192
GGA,811
GGC,109
GGD,484
GGE,530
GGF,438
GGG,929
GGH,253
GGI,566
GGK,550
GGL,796
GGM,221
GGN,406
GGP,433
GGQ,379
GGR,492
GGS,776
GGT,639
GGV,760
GGW,177
GGY,393
GHA,236
GHC,47
GHD,165
GHE,182
GHF,139
GHG,273
GHH,329
GHI,213
GHK,121
GHL,274
GHM,187
GHN,103
GHP,192
GHQ,89
GHR,172
GHS,233
GHT,208
GHV,207
GHW,51
GHY,109
GIA,628
GIC,76
GID,562
GIE,462
GIF,237
GIG,640
GIH,175
GII,430
GIK,439
GIL,524
GIM,113
GIN,320
GIP,525
GIQ,225
GIR,391
GIS,499
GIT,498
GIV,517
GIW,71
GIY,273
GKA,564
GKC,70
GKD,436
GKE,506
GKF,252
GKG,569
GKH,161
GKI,576
GKK,466
GKL,724
GKM,133
GKN,302
GKP,530
GKQ,225
GKR,392
GKS,482
GKT,601
GKV,729
GKW,104
GKY,298
GLA,995
GLC,116
GLD,690
GLE,679
GLF,395
GLG,823
GLH,226
GLI,450
GLK,626
GLL,918
GLM,209
GLN,413
GLP,721
GLQ,361
GLR,590
GLS,765
GLT,667
GLV,923
GLW,128
GLY,327
GMA,314
GMC,33
GMD,206
GME,205
GMF,99
GMG,267
GMH,75
GMI,171
GMK,200
GML,235
GMM,71
GMN,151
GMP,193
GMQ,89
GMR,162
GMS,256
GMT,251
GMV,213
GMW,27
GMY,91
GNA,427
GNC,60
GND,278
GNE,297
GNF,198
GNG,419
GNH,131
GNI,348
GNK,278
GNL,438
GNM,110
GNN,231
GNP,347
GNQ,165
GNR,236
GNS,321
GNT,317
GNV,418
GNW,107
GNY,223
GPA,411
GPC,75
GPD,307
GPE,302
GPF,193
GPG,494
GPH,143
GPI,234
GPK,203
GPL,491
GPM,91
GPN,222
GPP,148
GPQ,173
GPR,223
GPS,264
GPT,259
GPV,393
GPW,88
GPY,181
GQA,368
GQC,69
GQD,215
GQE,234
GQF,171
GQG,314
GQH,109
GQI,274
GQK,212
GQL,393
GQM,84
GQN,146
GQP,262
GQQ,179
GQR,240
GQS,259
GQT,289
GQV,361
GQW,84
GQY,168
GRA,474
GRC,101
GRD,345
GRE,419
GRF,293
GRG,471
GRH,159
GRI,457
GRK,301
GRL,657
GRM,136
GRN,235
GRP,359
GRQ,189
GRR,346
GRS,359
GRT,402
GRV,550
GRW,124
GRY,272
GSA,674
GSC,130
GSD,634
GSE,404
GSF,344
GSG,835
GSH,631
GSI,411
GSK,360
GSL,767
GSM,326
GSN,313
GSP,420
GSQ,270
GSR,345
GSS,907
GST,526
GSV,616
GSW,143
GSY,324
GTA,603
GTC,109
GTD,364
GTE,469
GTF,345
GTG,654
GTH,191
GTI,479
GTK,339
GTL,722
GTM,146
GTN,293
GTP,499
GTQ,238
GTR,292
GTS,482
GTT,488
GTV,609
GTW,162
GTY,285
GVA,761
GVC,125
GVD,700
GVE,572
GVF,370
GVG,667
GVH,200
GVI,497
GVK,559
GVL,813
GVM,192
GVN,375
GVP,598
GVQ,283
GVR,466
GVS,576
GVT,574
GVV,686
GVW,141
GVY,330
GWA,131
GWC,29
GWD,136
GWE,119
GWF,66
GWG,187
GWH,52
GWI,89
GWK,109
GWL,168
GWM,36
GWN,117
GWP,85
GWQ,95
GWR,138
GWS,132
GWT,135
GWV,131
GWW,40
GWY,76
GYA,360
GYC,67
GYD,358
GYE,290
GYF,198
GYG,441
GYH,118
GYI,258
GYK,240
GYL,363
GYM,94
GYN,201
GYP,253
GYQ,194
GYR,278
GYS,340
GYT,344
GYV,346
GYW,88
GYY,196
HAA,291
HAC,25
HAD,165
HAE,188
HAF,135
HAG,227
HAH,90
HAI,166
HAK,128
HAL,320
HAM,71
HAN,95
HAP,149
HAQ,109
HAR,178
HAS,192
HAT,141
HAV,235
HAW,44
HAY,106
HCA,48
HCC,8
HCD,31
HCE,35
HCF,31
HCG,53
HCH,34
HCI,33
HCK,26
HCL,65
HCM,8
HCN,19
HCP,39
HCQ,24
HCR,25
HCS,44
HCT,33
HCV,60
HCW,10
HCY,29
HDA,169
HDC,24
HDD,124
HDE,118
HDF,104
HDG,144
HDH,74
HDI,130
HDK,79
HDL,220
HDM,45
HDN,89
HDP,128
HDQ,56
HDR,85
HDS,101
HDT,94
HDV,168
HDW,50
HDY,75
HEA,189
HEC,14
HED,106
HEE,125
HEF,103
HEG,152
HEH,56
HEI,144
HEK,141
HEL,217
HEM,57
HEN,136
HEP,63
HEQ,84
HER,122
HES,98
HET,104
HEV,179
HEW,29
HEY,64
HFA,133
HFC,36
HFD,144
HFE,113
HFF,96
HFG,143
HFH,71
HFI,108
HFK,104
HFL,152
HFM,40
HFN,86
HFP,90
HFQ,71
HFR,79
HFS,132
HFT,95
HFV,152
HFW,18
HFY,74
HGA,262
HGC,30
HGD,221
HGE,165
HGF,158
HGG,285
HGH,99
HGI,230
HGK,166
HGL,274
HGM,93
HGN,142
HGP,126
HGQ,88
HGR,150
HGS,234
HGT,195
HGV,259
HGW,58
HGY,126
HHA,84
HHC,20
HHD,74
HHE,119
HHF,56
HHG,167
HHH,6143
HHI,64
HHK,38
HHL,131
HHM,231
HHN,44
HHP,76
HHQ,42
HHR,61
HHS,460
HHT,65
HHV,80
HHW,25
HHY,41
HIA,221
HIC,40
HID,166
HIE,154
HIF,72
HIG,147
HIH,73
HII,119
HIK,122
HIL,203
HIM,34
HIN,102
HIP,121
HIQ,85
HIR,127
HIS,131
HIT,125
HIV,156
HIW,30
HIY,91
HKA,124
HKC,17
HKD,100
HKE,107
HKF,74
HKG,116
HKH,47
HKI,107
HKK,76
HKL,152
HKM,36
HKN,72
HKP,73
HKQ,47
HKR,76
HKS,67
HKT,93
HKV,128
HKW,22
HKY,65
HLA,350
HLC,38
HLD,245
HLE,275
HLF,135
HLG,241
HLH,143
HLI,193
HLK,226
HLL,379
HLM,80
HLN,142
HLP,226
HLQ,132
HLR,195
HLS,234
HLT,220
HLV,265
HLW,41
HLY,122
HMA,193
HMC,14
HMD,86
HME,83
HMF,41
HMG,136
HMH,27
HMI,60
HMK,96
HML,110
HMM,31
HMN,71
HMP,61
HMQ,41
HMR,70
HMS,110
HMT,124
HMV,102
HMW,13
HMY,36
HNA,102
HNC,17
HND,76
HNE,73
HNF,72
HNG,115
HNH,40
HNI,118
HNK,72
HNL,161
HNM,31
HNN,62
HNP,97
HNQ,60
HNR,69
HNS,62
HNT,68
HNV,113
HNW,34
HNY,54
HPA,180
HPC,19
HPD,241
HPE,259
HPF,110
HPG,183
HPH,72
HPI,98
HPK,114
HPL,194
HPM,53
HPN,120
HPP,78
HPQ,117
HPR,108
HPS,136
HPT,135
HPV,148
HPW,40
HPY,78
HQA,139
HQC,21
HQD,72
HQE,75
HQF,58
HQG,117
HQH,49
HQI,66
HQK,79
HQL,172
HQM,30
HQN,51
HQP,59
HQQ,63
HQR,79
HQS,74
HQT,81
HQV,122
HQW,25
HQY,49
HRA,161
HRC,28
HRD,146
HRE,117
HRF,104
HRG,133
HRH,48
HRI,124
HRK,71
HRL,203
HRM,44
HRN,79
HRP,83
HRQ,71
HRR,97
HRS,106
HRT,95
HRV,155
HRW,31
HRY,72
HSA,170
HSC,21
HSD,126
HSE,114
HSF,105
HSG,164
HSH,62
HSI,134
HSK,106
HSL,234
HSM,56
HSN,101
HSP,112
HSQ,108
HSR,100
HSS,535
HST,124
HSV,147
HSW,32
HSY,88
HTA,165
HTC,28
HTD,112
HTE,113
HTF,112
HTG,165
HTH,75
HTI,119
HTK,94
HTL,242
HTM,39
HTN,81
HTP,93
HTQ,77
HTR,92
HTS,113
HTT,100
HTV,165
HTW,27
HTY,83
HVA,217
HVC,34
HVD,175
HVE,159
HVF,125
HVG,158
HVH,88
HVI,154
HVK,125
HVL,205
HVM,60
HVN,95
HVP,128
HVQ,85
HVR,124
HVS,152
HVT,137
HVV,212
HVW,41
HVY,87
HWA,40
HWC,7
HWD,44
HWE,30
HWF,23
HWG,36
HWH,37
HWI,39
HWK,28
HWL,61
HWM,25
HWN,28
HWP,38
HWQ,29
HWR,27
HWS,46
HWT,34
HWV,35
HWW,14
HWY,33
HYA,129
HYC,17
HYD,101
HYE,73
HYF,88
HYG,111
HYH,43
HYI,84
HYK,73
HYL,158
HYM,24
HYN,64
HYP,76
HYQ,69
HYR,88
HYS,82
HYT,91
HYV,91
HYW,26
HYY,68
IAA,875
IAC,120
IAD,575
IAE,629
IAF,305
IAG,618
IAH,217
IAI,372
IAK,522
IAL,657
IAM,157
IAN,337
IAP,380
IAQ,350
IAR,519
IAS,531
IAT,443
IAV,523
IAW,92
IAY,241
ICA,87
ICC,18
ICD,95
ICE,95
ICF,38
ICG,103
ICH,33
ICI,73
ICK,60
ICL,112
ICM,23
ICN,60
ICP,58
ICQ,41
ICR,59
ICS,83
ICT,70
ICV,65
ICW,16
ICY,48
IDA,599
IDC,98
IDD,384
IDE,465
IDF,301
IDG,565
IDH,170
IDI,386
IDK,376
IDL,561
IDM,138
IDN,275
IDP,305
IDQ,219
IDR,315
IDS,325
IDT,371
IDV,412
IDW,100
IDY,218
IEA,579
IEC,58
IED,416
IEE,601
IEF,203
IEG,483
IEH,134
IEI,362
IEK,551
IEL,509
IEM,145
IEN,346
IEP,244
IEQ,281
IER,394
IES,347
IET,337
IEV,396
IEW,67
IEY,193
IFA,258
IFC,38
IFD,240
IFE,227
IFF,124
IFG,272
IFH,75
IFI,151
IFK,203
IFL,233
IFM,56
IFN,179
IFP,146
IFQ,117
IFR,146
IFS,232
IFT,216
IFV,190
IFW,32
IFY,110
IGA,494
IGC,100
IGD,435
IGE,471
IGF,274
IGG,626
IGH,170
IGI,377
IGK,395
IGL,532
IGM,135
IGN,288
IGP,255
IGQ,211
IGR,403
IGS,447
IGT,376
IGV,486
IGW,84
IGY,269
IHA,172
IHC,40
IHD,131
IHE,135
IHF,100
IHG,181
IHH,218
IHI,83
IHK,107
IHL,172
IHM,40
IHN,87
IHP,139
IHQ,97
IHR,142
IHS,155
IHT,116
IHV,128
IHW,37
IHY,83
IIA,445
IIC,67
IID,386
IIE,385
IIF,171
IIG,441
IIH,131
III,218
IIK,322
IIL,301
IIM,86
IIN,324
IIP,228
IIQ,204
IIR,262
IIS,372
IIT,288
IIV,293
IIW,51
IIY,131
IKA,499
IKC,45
IKD,399
IKE,521
IKF,171
IKG,363
IKH,127
IKI,281
IKK,454
IKL,402
IKM,92
IKN,336
IKP,290
IKQ,225
IKR,268
IKS,335
IKT,303
IKV,356
IKW,68
IKY,162
ILA,631
ILC,102
ILD,532
ILE,635
ILF,231
ILG,551
ILH,168
ILI,308
ILK,535
ILL,511
ILM,127
ILN,394
ILP,341
ILQ,340
ILR,429
ILS,547
ILT,457
ILV,460
ILW,60
ILY,213
IMA,136
IMC,16
IMD,122
IME,128
IMF,42
IMG,134
IMH,42
IMI,76
IMK,124
IML,113
IMM,35
IMN,82
IMP,99
IMQ,81
IMR,104
IMS,101
IMT,96
IMV,107
IMW,16
IMY,35
INA,358
INC,59
IND,286
INE,307
INF,150
ING,392
INH,110
INI,222
INK,253
INL,342
INM,75
INN,259
INP,260
INQ,189
INR,197
INS,289
INT,245
INV,278
INW,71
INY,168
IPA,431
IPC,57
IPD,307
IPE,391
IPF,185
IPG,389
IPH,110
IPI,227
IPK,264
IPL,393
IPM,102
IPN,197
IPP,184
IPQ,192
IPR,197
IPS,273
IPT,290
IPV,423
IPW,58
IPY,188
IQA,282
IQC,42
IQD,196
IQE,241
IQF,116
IQG,201
IQH,102
IQI,149
IQK,245
IQL,237
IQM,60
IQN,194
IQP,171
IQQ,192
IQR,168
IQS,213
IQT,178
IQV,200
IQW,37
IQY,88
IRA,388
IRC,58
IRD,321
IRE,443
IRF,170
IRG,280
IRH,133
IRI,211
IRK,308
IRL,325
IRM,78
IRN,230
IRP,226
IRQ,211
IRR,291
IRS,291
IRT,271
IRV,316
IRW,39
IRY,162
ISA,494
ISC,72
ISD,411
ISE,371
ISF,212
ISG,500
ISH,163
ISI,248
ISK,324
ISL,456
ISM,108
ISN,310
ISP,329
ISQ,220
ISR,355
ISS,407
IST,329
ISV,371
ISW,87
ISY,184
ITA,462
ITC,62
ITD,386
ITE,355
ITF,212
ITG,484
ITH,124
ITI,281
ITK,299
ITL,441
ITM,92
ITN,240
ITP,342
ITQ,206
ITR,244
ITS,330
ITT,302
ITV,413
ITW,80
ITY,175
IVA,600
IVC,86
IVD,475
IVE,525
IVF,212
IVG,554
IVH,159
IVI,307
IVK,414
IVL,469
IVM,106
IVN,289
IVP,275
IVQ,195
IVR,350
IVS,430
IVT,396
IVV,437
IVW,60
IVY,185
IWA,70
IWC,14
IWD,84
IWE,77
IWF,32
IWG,78
IWH,32
IWI,46
IWK,43
IWL,90
IWM,19
IWN,70
IWP,46
IWQ,41
IWR,40
IWS,66
IWT,56
IWV,59
IWW,14
IWY,28
IYA,214
IYC,44
IYD,215
IYE,207
IYF,123
IYG,250
IYH,81
IYI,136
IYK,173
IYL,250
IYM,56
IYN,173
IYP,159
IYQ,145
IYR,179
IYS,208
IYT,190
IYV,198
IYW,35
IYY,141
KAA,759
KAC,107
KAD,378
KAE,434
KAF,356
KAG,682
KAH,160
KAI,549
KAK,500
KAL,998
KAM,211
KAN,274
KAP,261
KAQ,249
KAR,352
KAS,362
KAT,346
KAV,647
KAW,112
KAY,298
KCA,53
KCC,12
KCD,66
KCE,66
KCF,55
KCG,71
KCH,26
KCI,52
KCK,46
KCL,83
KCM,15
KCN,35
KCP,63
KCQ,34
KCR,41
KCS,57
KCT,46
KCV,68
KCW,12
KCY,28
KDA,456
KDC,65
KDD,266
KDE,340
KDF,312
KDG,557
KDH,114
KDI,409
KDK,384
KDL,568
KDM,108
KDN,218
KDP,259
KDQ,152
KDR,247
KDS,322
KDT,278
KDV,375
KDW,96
KDY,257
KEA,649
KEC,68
KED,326
KEE,474
KEF,352
KEG,535
KEH,160
KEI,517
KEK,541
KEL,899
KEM,201
KEN,348
KEP,211
KEQ,242
KER,334
KES,308
KET,316
KEV,541
KEW,107
KEY,281
KFA,287
KFC,35
KFD,231
KFE,218
KFF,138
KFG,275
KFH,88
KFI,209
KFK,216
KFL,310
KFM,61
KFN,195
KFP,154
KFQ,98
KFR,130
KFS,231
KFT,185
KFV,239
KFW,30
KFY,131
KGA,447
KGC,77
KGD,400
KGE,491
KGF,316
KGG,382
KGH,135
KGI,465
KGK,519
KGL,618
KGM,169
KGN,246
KGP,202
KGQ,222
KGR,293
KGS,401
KGT,365
KGV,471
KGW,109
KGY,325
KHA,129
KHC,30
KHD,78
KHE,92
KHF,129
KHG,182
KHH,72
KHI,147
KHK,91
KHL,230
KHM,47
KHN,97
KHP,103
KHQ,65
KHR,71
KHS,104
KHT,81
KHV,130
KHW,36
KHY,74
KIA,487
KIC,72
KID,342
KIE,389
KIF,212
KIG,418
KIH,284
KII,398
KIK,398
KIL,554
KIM,123
KIN,268
KIP,244
KIQ,185
KIR,276
KIS,327
KIT,358
KIV,444
KIW,78
KIY,233
KKA,472
KKC,67
KKD,292
KKE,397
KKF,267
KKG,429
KKH,135
KKI,540
KKK,324
KKL,655
KKM,146
KKN,241
KKP,207
KKQ,167
KKR,232
KKS,254
KKT,273
KKV,495
KKW,88
KKY,303
KLA,729
KLC,95
KLD,450
KLE,554
KLF,358
KLG,629
KLH,177
KLI,538
KLK,564
KLL,754
KLM,182
KLN,399
KLP,388
KLQ,321
KLR,391
KLS,552
KLT,484
KLV,626
KLW,120
KLY,297
KMA,169
KMC,18
KMD,90
KME,114
KMF,85
KMG,142
KMH,36
KMI,141
KMK,137
KML,206
KMM,49
KMN,87
KMP,83
KMQ,58
KMR,88
KMS,100
KMT,106
KMV,151
KMW,16
KMY,70
KNA,309
KNC,55
KND,191
KNE,218
KNF,240
KNG,404
KNH,80
KNI,352
KNK,289
KNL,404
KNM,95
KNN,216
KNP,258
KNQ,154
KNR,180
KNS,222
KNT,215
KNV,335
KNW,100
KNY,181
KPA,297
KPC,37
KPD,270
KPE,355
KPF,218
KPG,414
KPH,80
KPI,261
KPK,202
KPL,410
KPM,84
KPN,179
KPP,125
KPQ,118
KPR,153
KPS,218
KPT,224
KPV,380
KPW,76
KPY,164
KQA,283
KQC,40
KQD,129
KQE,194
KQF,152
KQG,241
KQH,92
KQI,227
KQK,188
KQL,412
KQM,79
KQN,142
KQP,128
KQQ,124
KQR,159
KQS,151
KQT,161
KQV,251
KQW,58
KQY,140
KRA,346
KRC,48
KRD,161
KRE,267
KRF,228
KRG,355
KRH,83
KRI,353
KRK,225
KRL,542
KRM,102
KRN,130
KRP,153
KRQ,156
KRR,204
KRS,199
KRT,204
KRV,380
KRW,76
KRY,182
KSA,344
KSC,80
KSD,295
KSE,269
KSF,249
KSG,421
KSH,100
KSI,347
KSK,305
KSL,513
KSM,85
KSN,195
KSP,192
KSQ,138
KSR,209
KSS,296
KST,280
KSV,403
KSW,84
KSY,195
KTA,380
KTC,67
KTD,249
KTE,249
KTF,265
KTG,424
KTH,97
KTI,387
KTK,264
KTL,603
KTM,101
KTN,194
KTP,249
KTQ,143
KTR,210
KTS,242
KTT,296
KTV,412
KTW,95
KTY,210
KVA,565
KVC,77
KVD,368
KVE,424
KVF,315
KVG,412
KVH,134
KVI,502
KVK,481
KVL,747
KVM,157
KVN,288
KVP,278
KVQ,172
KVR,319
KVS,380
KVT,420
KVV,605
KVW,78
KVY,255
KWA,88
KWC,12
KWD,78
KWE,94
KWF,50
KWG,69
KWH,19
KWI,75
KWK,66
KWL,118
KWM,30
KWN,79
KWP,36
KWQ,42
KWR,53
KWS,64
KWT,71
KWV,77
KWW,20
KWY,52
KYA,223
KYC,38
KYD,187
KYE,167
KYF,154
KYG,318
KYH,76
KYI,199
KYK,199
KYL,325
KYM,73
KYN,181
KYP,188
KYQ,115
KYR,158
KYS,214
KYT,173
KYV,238
KYW,60
KYY,152
LAA,1478
LAC,151
LAD,882
LAE,1172
LAF,408
LAG,1082
LAH,374
LAI,532
LAK,906
LAL,1131
LAM,258
LAN,557
LAP,597
LAQ,621
LAR,933
LAS,828
LAT,727
LAV,771
LAW,148
LAY,355
LCA,128
LCC,29
LCD,126
LCE,146
LCF,50
LCG,145
LCH,49
LCI,76
LCK,89
LCL,150
LCM,33
LCN,64
LCP,88
LCQ,89
LCR,119
LCS,117
LCT,82
LCV,111
LCW,17
LCY,70
LDA,838
LDC,109
LDD,534
LDE,730
LDF,378
LDG,740
LDH,193
LDI,518
LDK,563
LDL,802
LDM,182
LDN,390
LDP,483
LDQ,320
LDR,515
LDS,531
LDT,482
LDV,641
LDW,133
LDY,355
LEA,1111
LEC,86
LED,664
LEE,979
LEF,311
LEG,751
LEH,476
LEI,483
LEK,956
LEL,851
LEM,170
LEN,543
LEP,388
LEQ,444
LER,730
LES,590
LET,517
LEV,659
LEW,104
LEY,274
LFA,454
LFC,59
LFD,381
LFE,415
LFF,178
LFG,426
LFH,118
LFI,231
LFK,302
LFL,390
LFM,87
LFN,232
LFP,283
LFQ,201
LFR,298
LFS,380
LFT,277
LFV,293
LFW,60
LFY,172
LGA,909
LGC,146
LGD,636
LGE,673
LGF,486
LGG,865
LGH,294
LGI,690
LGK,597
LGL,1080
LGM,231
LGN,462
LGP,389
LGQ,361
LGR,584
LGS,637
LGT,613
LGV,828
LGW,163
LGY,420
LHA,290
LHC,57
LHD,203
LHE,235
LHF,138
LHG,273
LHH,116
LHI,185
LHK,174
LHL,320
LHM,64
LHN,150
LHP,192
LHQ,163
LHR,200
LHS,204
LHT,187
LHV,205
LHW,55
LHY,141
LIA,617
LIC,94
LID,663
LIE,583
LIF,213
LIG,558
LIH,202
LII,316
LIK,461
LIL,520
LIM,91
LIN,400
LIP,348
LIQ,300
LIR,413
LIS,500
LIT,406
LIV,458
LIW,65
LIY,212
LKA,902
LKC,72
LKD,690
LKE,1001
LKF,272
LKG,675
LKH,218
LKI,444
LKK,746
LKL,669
LKM,171
LKN,560
LKP,475
LKQ,427
LKR,492
LKS,573
LKT,473
LKV,561
LKW,86
LKY,256
LLA,1296
LLC,135
LLD,990
LLE,1166
LLF,364
LLG,983
LLH,340
LLI,500
LLK,926
LLL,965
LLM,206
LLN,607
LLP,664
LLQ,584
LLR,776
LLS,917
LLT,701
LLV,705
LLW,132
LLY,324
LMA,248
LMC,29
LMD,165
LME,267
LMF,89
LMG,215
LMH,75
LMI,125
LMK,207
LML,240
LMM,63
LMN,162
LMP,158
LMQ,147
LMR,178
LMS,184
LMT,167
LMV,176
LMW,27
LMY,70
LNA,535
LNC,75
LND,392
LNE,474
LNF,213
LNG,457
LNH,161
LNI,353
LNK,410
LNL,526
LNM,122
LNN,334
LNP,338
LNQ,236
LNR,340
LNS,384
LNT,338
LNV,414
LNW,85
LNY,207
LPA,676
LPC,83
LPD,532
LPE,715
LPF,282
LPG,640
LPH,178
LPI,354
LPK,418
LPL,674
LPM,126
LPN,292
LPP,453
LPQ,295
LPR,347
LPS,474
LPT,366
LPV,573
LPW,100
LPY,256
LQA,585
LQC,68
LQD,370
LQE,528
LQF,145
LQG,423
LQH,167
LQI,225
LQK,388
LQL,443
LQM,125
LQN,260
LQP,272
LQQ,315
LQR,345
LQS,359
LQT,284
LQV,341
LQW,66
LQY,194
LRA,795
LRC,95
LRD,619
LRE,824
LRF,290
LRG,565
LRH,218
LRI,360
LRK,510
LRL,713
LRM,156
LRN,358
LRP,381
LRQ,407
LRR,521
LRS,450
LRT,407
LRV,474
LRW,91
LRY,273
LSA,866
LSC,111
LSD,677
LSE,735
LSF,330
LSG,820
LSH,253
LSI,423
LSK,626
LSL,751
LSM,158
LSN,452
LSP,518
LSQ,449
LSR,546
LSS,681
LST,525
LSV,544
LSW,118
LSY,294
LTA,759
LTC,108
LTD,592
LTE,667
LTF,286
LTG,765
LTH,219
LTI,406
LTK,493
LTL,712
LTM,147
LTN,394
LTP,532
LTQ,320
LTR,443
LTS,503
LTT,454
LTV,590
LTW,100
LTY,241
LVA,854
LVC,141
LVD,796
LVE,808
LVF,341
LVG,733
LVH,264
LVI,452
LVK,667
LVL,769
LVM,195
LVN,490
LVP,667
LVQ,358
LVR,544
LVS,626
LVT,576
LVV,688
LVW,113
LVY,241
LWA,144
LWC,16
LWD,128
LWE,135
LWF,53
LWG,128
LWH,36
LWI,70
LWK,108
LWL,142
LWM,32
LWN,93
LWP,72
LWQ,97
LWR,101
LWS,112
LWT,92
LWV,86
LWW,14
LWY,54
LYA,383
LYC,60
LYD,332
LYE,347
LYF,444
LYG,391
LYH,129
LYI,192
LYK,275
LYL,367
LYM,74
LYN,222
LYP,265
LYQ,219
LYR,300
LYS,291
LYT,242
LYV,252
LYW,67
LYY,176
MAA,410
MAC,33
MAD,221
MAE,307
MAF,131
MAG,230
MAH,178
MAI,152
MAK,231
MAL,294
MAM,80
MAN,147
MAP,154
MAQ,147
MAR,202
MAS,299
MAT,222
MAV,219
MAW,38
MAY,97
MCA,34
MCC,10
MCD,27
MCE,26
MCF,10
MCG,36
MCH,9
MCI,29
MCK,24
MCL,33
MCM,10
MCN,13
MCP,18
MCQ,18
MCR,29
MCS,30
MCT,17
MCV,25
MCW,5
MCY,12
MDA,161
MDC,31
MDD,120
MDE,183
MDF,90
MDG,161
MDH,55
MDI,135
MDK,139
MDL,167
MDM,53
MDN,76
MDP,105
MDQ,73
MDR,111
MDS,110
MDT,109
MDV,180
MDW,39
MDY,102
MEA,221
MEC,21
MED,122
MEE,193
MEF,84
MEG,171
MEH,62
MEI,141
MEK,245
MEL,236
MEM,56
MEN,122
MEP,110
MEQ,127
MER,162
MES,130
MET,145
MEV,147
MEW,35
MEY,82
MFA,111
MFC,27
MFD,108
MFE,108
MFF,29
MFG,93
MFH,36
MFI,66
MFK,71
MFL,73
MFM,24
MFN,65
MFP,68
MFQ,41
MFR,64
MFS,81
MFT,85
MFV,55
MFW,14
MFY,41
MGA,255
MGC,34
MGD,143
MGE,159
MGF,131
MGG,242
MGH,109
MGI,168
MGK,148
MGL,215
MGM,78
MGN,105
MGP,116
MGQ,100
MGR,154
MGS,586
MGT,189
MGV,188
MGW,57
MGY,106
MHA,70
MHC,16
MHD,47
MHE,70
MHF,38
MHG,65
MHH,176
MHI,37
MHK,39
MHL,73
MHM,17
MHN,38
MHP,41
MHQ,35
MHR,55
MHS,47
MHT,61
MHV,48
MHW,17
MHY,36
MIA,178
MIC,37
MID,159
MIE,155
MIF,58
MIG,180
MIH,46
MII,75
MIK,147
MIL,121
MIM,34
MIN,91
MIP,96
MIQ,73
MIR,98
MIS,128
MIT,99
MIV,114
MIW,23
MIY,60
MKA,222
MKC,20
MKD,146
MKE,218
MKF,82
MKG,160
MKH,53
MKI,169
MKK,206
MKL,212
MKM,66
MKN,140
MKP,103
MKQ,111
MKR,131
MKS,128
MKT,173
MKV,174
MKW,30
MKY,74
MLA,338
MLC,33
MLD,247
MLE,293
MLF,97
MLG,232
MLH,66
MLI,126
MLK,227
MLL,230
MLM,64
MLN,147
MLP,147
MLQ,147
MLR,206
MLS,203
MLT,182
MLV,192
MLW,43
MLY,93
MMA,83
MMC,10
MMD,58
MME,49
MMF,28
MMG,70
MMH,24
MMI,42
MMK,67
MML,69
MMM,38
MMN,56
MMP,36
MMQ,44
MMR,52
MMS,63
MMT,55
MMV,55
MMW,12
MMY,28
MNA,127
MNC,9
MND,107
MNE,128
MNF,73
MNG,105
MNH,43
MNI,100
MNK,82
MNL,142
MNM,33
MNN,91
MNP,112
MNQ,71
MNR,93
MNS,98
MNT,105
MNV,103
MNW,16
MNY,77
MPA,162
MPC,20
MPD,112
MPE,153
MPF,80
MPG,162
MPH,58
MPI,89
MPK,113
MPL,136
MPM,37
MPN,73
MPP,75
MPQ,69
MPR,76
MPS,116
MPT,76
MPV,149
MPW,22
MPY,66
MQA,147
MQC,16
MQD,76
MQE,103
MQF,45
MQG,94
MQH,39
MQI,71
MQK,107
MQL,86
MQM,31
MQN,56
MQP,53
MQQ,79
MQR,103
MQS,80
MQT,85
MQV,82
MQW,19
MQY,39
MRA,172
MRC,23
MRD,123
MRE,183
MRF,94
MRG,185
MRH,45
MRI,104
MRK,128
MRL,169
MRM,39
MRN,83
MRP,109
MRQ,82
MRR,134
MRS,104
MRT,97
MRV,144
MRW,21
MRY,50
MSA,185
MSC,21
MSD,162
MSE,195
MSF,94
MSG,180
MSH,72
MSI,128
MSK,176
MSL,402
MSM,50
MSN,107
MSP,100
MSQ,102
MSR,113
MSS,204
MST,134
MSV,147
MSW,28
MSY,71
MTA,191
MTC,25
MTD,152
MTE,185
MTF,85
MTG,206
MTH,53
MTI,118
MTK,130
MTL,196
MTM,56
MTN,95
MTP,157
MTQ,108
MTR,141
MTS,145
MTT,156
MTV,169
MTW,28
MTY,81
MVA,203
MVC,27
MVD,171
MVE,205
MVF,92
MVG,169
MVH,42
MVI,99
MVK,169
MVL,188
MVM,56
MVN,125
MVP,100
MVQ,102
MVR,145
MVS,185
MVT,185
MVV,160
MVW,43
MVY,80
MWA,29
MWC,4
MWD,32
MWE,33
MWF,19
MWG,29
MWH,6
MWI,19
MWK,26
MWL,33
MWM,6
MWN,21
MWP,13
MWQ,19
MWR,31
MWS,23
MWT,16
MWV,19
MWW,8
MWY,11
MYA,88
MYC,9
MYD,64
MYE,74
MYF,47
MYG,93
MYH,31
MYI,36
MYK,54
MYL,88
MYM,21
MYN,57
MYP,63
MYQ,49
MYR,56
MYS,73
MYT,55
MYV,65
MYW,17
MYY,28
NAA,526
NAC,72
NAD,343
NAE,324
NAF,220
NAG,442
NAH,128
NAI,404
NAK,309
NAL,532
NAM,343
NAN,215
NAP,236
NAQ,203
NAR,227
NAS,300
NAT,325
NAV,451
NAW,98
NAY,194
NCA,58
NCC,8
NCD,61
NCE,43
NCF,45
NCG,77
NCH,22
NCI,65
NCK,31
NCL,88
NCM,11
NCN,44
NCP,57
NCQ,33
NCR,39
NCS,59
NCT,52
NCV,70
NCW,11
NCY,50
NDA,308
NDC,40
NDD,198
NDE,228
NDF,186
NDG,262
NDH,75
NDI,325
NDK,188
NDL,356
NDM,77
NDN,175
NDP,273
NDQ,140
NDR,168
NDS,199
NDT,198
NDV,251
NDW,63
NDY,162
NEA,306
NEC,34
NED,237
NEE,299
NEF,176
NEG,262
NEH,74
NEI,303
NEK,314
NEL,399
NEM,94
NEN,198
NEP,174
NEQ,167
NER,185
NES,176
NET,210
NEV,311
NEW,85
NEY,166
NFA,181
NFC,42
NFD,201
NFE,179
NFF,127
NFG,197
NFH,60
NFI,175
NFK,170
NFL,235
NFM,50
NFN,146
NFP,163
NFQ,123
NFR,141
NFS,214
NFT,205
NFV,187
NFW,48
NFY,107
NGA,443
NGC,70
NGD,312
NGE,392
NGF,236
NGG,412
NGH,146
NGI,408
NGK,501
NGL,415
NGM,126
NGN,270
NGP,197
NGQ,257
NGR,279
NGS,361
NGT,397
NGV,440
NGW,87
NGY,264
NHA,94
NHC,33
NHD,95
NHE,98
NHF,97
NHG,92
NHH,46
NHI,89
NHK,65
NHL,141
NHM,32
NHN,65
NHP,111
NHQ,66
NHR,58
NHS,90
NHT,83
NHV,84
NHW,22
NHY,60
NIA,337
NIC,47
NID,336
NIE,291
NIF,172
NIG,245
NIH,113
NII,284
NIK,260
NIL,414
NIM,91
NIN,245
NIP,281
NIQ,165
NIR,190
NIS,286
NIT,261
NIV,323
NIW,54
NIY,158
NKA,264
NKC,40
NKD,209
NKE,275
NKF,125
NKG,204
NKH,83
NKI,276
NKK,230
NKL,342
NKM,81
NKN,183
NKP,202
NKQ,142
NKR,149
NKS,173
NKT,226
NKV,293
NKW,37
NKY,168
NLA,431
NLC,68
NLD,360
NLE,382
NLF,214
NLG,401
NLH,150
NLI,325
NLK,411
NLL,569
NLM,129
NLN,272
NLP,345
NLQ,250
NLR,303
NLS,429
NLT,395
NLV,449
NLW,69
NLY,521
NMA,109
NMC,17
NMD,76
NME,81
NMF,60
NMG,102
NMH,28
NMI,85
NMK,88
NML,128
NMM,29
NMN,58
NMP,82
NMQ,44
NMR,68
NMS,78
NMT,90
NMV,115
NMW,22
NMY,55
NNA,262
NNC,45
NND,176
NNE,169
NNF,151
NNG,267
NNH,60
NNI,242
NNK,161
NNL,266
NNM,56
NNN,167
NNP,219
NNQ,149
NNR,151
NNS,180
NNT,179
NNV,248
NNW,65
NNY,150
NPA,312
NPC,40
NPD,381
NPE,365
NPF,156
NPG,274
NPH,104
NPI,155
NPK,264
NPL,309
NPM,78
NPN,274
NPP,195
NPQ,184
NPR,159
NPS,305
NPT,224
NPV,254
NPW,77
NPY,157
NQA,201
NQC,33
NQD,144
NQE,122
NQF,110
NQG,185
NQH,55
NQI,191
NQK,151
NQL,279
NQM,44
NQN,97
NQP,160
NQQ,113
NQR,120
NQS,142
NQT,132
NQV,196
NQW,41
NQY,100
NRA,234
NRC,51
NRD,183
NRE,206
NRF,159
NRG,206
NRH,66
NRI,227
NRK,132
NRL,368
NRM,66
NRN,137
NRP,160
NRQ,127
NRR,165
NRS,156
NRT,138
NRV,245
NRW,61
NRY,134
NSA,289
NSC,52
NSD,219
NSE,197
NSF,196
NSG,306
NSH,85
NSI,282
NSK,218
NSL,407
NSM,93
NSN,212
NSP,213
NSQ,148
NSR,175
NSS,244
NST,240
NSV,268
NSW,83
NSY,157
NTA,305
NTC,42
NTD,206
NTE,193
NTF,207
NTG,262
NTH,75
NTI,260
NTK,165
NTL,374
NTM,81
NTN,182
NTP,225
NTQ,118
NTR,146
NTS,220
NTT,209
NTV,293
NTW,60
NTY,142
NVA,366
NVC,53
NVD,320
NVE,334
NVF,189
NVG,318
NVH,95
NVI,322
NVK,327
NVL,429
NVM,121
NVN,223
NVP,271
NVQ,164
NVR,233
NVS,294
NVT,339
NVV,398
NVW,73
NVY,179
NWA,82
NWC,19
NWD,89
NWE,73
NWF,30
NWG,101
NWH,29
NWI,58
NWK,80
NWL,90
NWM,23
NWN,53
NWP,56
NWQ,62
NWR,64
NWS,68
NWT,77
NWV,81
NWW,24
NWY,45
NYA,182
NYC,39
NYD,161
NYE,160
NYF,122
NYG,172
NYH,65
NYI,176
NYK,167
NYL,258
NYM,55
NYN,133
NYP,171
NYQ,119
NYR,135
NYS,147
NYT,160
NYV,187
NYW,35
NYY,132
PAA,582
PAC,68
PAD,475
PAE,407
PAF,290
PAG,529
PAH,145
PAI,323
PAK,268
PAL,685
PAM,139
PAN,262
PAP,338
PAQ,220
PAR,265
PAS,416
PAT,378
PAV,513
PAW,92
PAY,228
PCA,57
PCC,17
PCD,41
PCE,33
PCF,45
PCG,84
PCH,28
PCI,49
PCK,51
PCL,59
PCM,17
PCN,31
PCP,47
PCQ,25
PCR,36
PCS,63
PCT,53
PCV,45
PCW,16
PCY,28
PDA,432
PDC,42
PDD,289
PDE,350
PDF,262
PDG,580
PDH,136
PDI,295
PDK,222
PDL,500
PDM,121
PDN,239
PDP,252
PDQ,183
PDR,245
PDS,315
PDT,260
PDV,362
PDW,93
PDY,217
PEA,520
PEC,62
PED,463
PEE,584
PEF,280
PEG,575
PEH,163
PEI,356
PEK,364
PEL,604
PEM,137
PEN,317
PEP,227
PEQ,252
PER,338
PES,302
PET,386
PEV,524
PEW,105
PEY,221
PFA,207
PFC,39
PFD,220
PFE,215
PFF,164
PFG,224
PFH,76
PFI,188
PFK,131
PFL,256
PFM,79
PFN,122
PFP,159
PFQ,118
PFR,140
PFS,219
PFT,220
PFV,231
PFW,48
PFY,133
PGA,541
PGC,81
PGD,424
PGE,397
PGF,298
PGG,514
PGH,199
PGI,326
PGK,342
PGL,520
PGM,174
PGN,208
PGP,259
PGQ,245
PGR,276
PGS,543
PGT,420
PGV,478
PGW,104
PGY,244
PHA,145
PHC,31
PHD,86
PHE,72
PHF,92
PHG,139
PHH,72
PHI,135
PHK,81
PHL,193
PHM,43
PHN,74
PHP,131
PHQ,70
PHR,79
PHS,96
PHT,101
PHV,152
PHW,31
PHY,85
PIA,299
PIC,58
PID,208
PIE,259
PIF,155
PIG,257
PIH,81
PII,225
PIK,194
PIL,334
PIM,75
PIN,152
PIP,236
PIQ,115
PIR,160
PIS,219
PIT,262
PIV,303
PIW,48
PIY,173
PKA,314
PKC,51
PKD,258
PKE,302
PKF,146
PKG,349
PKH,74
PKI,216
PKK,192
PKL,313
PKM,62
PKN,170
PKP,199
PKQ,118
PKR,174
PKS,228
PKT,228
PKV,271
PKW,50
PKY,140
PLA,607
PLC,80
PLD,382
PLE,414
PLF,308
PLG,469
PLH,190
PLI,354
PLK,315
PLL,703
PLM,135
PLN,208
PLP,461
PLQ,233
PLR,309
PLS,447
PLT,436
PLV,537
PLW,74
PLY,239
PMA,128
PMC,25
PMD,92
PME,85
PMF,76
PMG,106
PMH,41
PMI,96
PMK,79
PML,133
PMM,50
PMN,63
PMP,80
PMQ,42
PMR,60
PMS,84
PMT,84
PMV,114
PMW,19
PMY,45
PNA,272
PNC,53
PND,189
PNE,180
PNF,149
PNG,295
PNH,66
PNI,206
PNK,138
PNL,312
PNM,78
PNN,151
PNP,189
PNQ,114
PNR,121
PNS,198
PNT,186
PNV,246
PNW,54
PNY,138
PPA,287
PPC,48
PPD,154
PPE,280
PPF,135
PPG,290
PPH,93
PPI,133
PPK,183
PPL,293
PPM,56
PPN,117
PPP,201
PPQ,125
PPR,156
PPS,211
PPT,180
PPV,210
PPW,18
PPY,128
PQA,275
PQC,30
PQD,171
PQE,187
PQF,142
PQG,248
PQH,89
PQI,154
PQK,104
PQL,270
PQM,49
PQN,108
PQP,148
PQQ,98
PQR,138
PQS,169
PQT,164
PQV,217
PQW,45
PQY,97
PRA,276
PRC,36
PRD,193
PRE,255
PRF,149
PRG,462
PRH,88
PRI,195
PRK,146
PRL,332
PRM,64
PRN,147
PRP,214
PRQ,94
PRR,172
PRS,205
PRT,190
PRV,240
PRW,62
PRY,115
PSA,346
PSC,61
PSD,304
PSE,264
PSF,204
PSG,429
PSH,108
PSI,246
PSK,256
PSL,456
PSM,97
PSN,177
PSP,271
PSQ,172
PSR,230
PSS,375
PST,273
PSV,308
PSW,86
PSY,161
PTA,352
PTC,46
PTD,217
PTE,217
PTF,175
PTG,376
PTH,95
PTI,249
PTK,167
PTL,462
PTM,86
PTN,132
PTP,246
PTQ,132
PTR,170
PTS,242
PTT,247
PTV,311
PTW,69
PTY,127
PVA,460
PVC,60
PVD,326
PVE,335
PVF,249
PVG,400
PVH,129
PVI,392
PVK,303
PVL,562
PVM,126
PVN,239
PVP,309
PVQ,176
PVR,307
PVS,400
PVT,384
PVV,506
PVW,95
PVY,205
PWA,84
PWC,21
PWD,64
PWE,69
PWF,48
PWG,81
PWH,35
PWI,57
PWK,59
PWL,92
PWM,18
PWN,58
PWP,57
PWQ,61
PWR,55
PWS,69
PWT,74
PWV,81
PWW,21
PWY,33
PYA,202
PYC,43
PYD,165
PYE,146
PYF,133
PYG,218
PYH,76
PYI,162
PYK,153
PYL,240
PYM,63
PYN,116
PYP,147
PYQ,86
PYR,135
PYS,180
PYT,165
PYV,218
PYW,54
PYY,117
QAA,586
QAC,70
QAD,247
QAE,342
QAF,259
QAG,411
QAH,135
QAI,342
QAK,301
QAL,715
QAM,157
QAN,206
QAP,164
QAQ,202
QAR,305
QAS,262
QAT,251
QAV,429
QAW,113
QAY,176
QCA,48
QCC,6
QCD,32
QCE,31
QCF,43
QCG,73
QCH,19
QCI,44
QCK,25
QCL,71
QCM,15
QCN,32
QCP,47
QCQ,30
QCR,34
QCS,45
QCT,32
QCV,62
QCW,6
QCY,16
QDA,270
QDC,32
QDD,156
QDE,173
QDF,170
QDG,268
QDH,58
QDI,239
QDK,153
QDL,326
QDM,71
QDN,93
QDP,166
QDQ,101
QDR,129
QDS,168
QDT,126
QDV,249
QDW,61
QDY,131
QEA,325
QEC,50
QED,186
QEE,259
QEF,156
QEG,264
QEH,83
QEI,263
QEK,230
QEL,455
QEM,104
QEN,155
QEP,115
QEQ,160
QER,218
QES,172
QET,182
QEV,305
QEW,73
QEY,131
QFA,181
QFC,26
QFD,136
QFE,142
QFF,102
QFG,197
QFH,72
QFI,147
QFK,137
QFL,233
QFM,47
QFN,113
QFP,110
QFQ,73
QFR,113
QFS,163
QFT,149
QFV,154
QFW,29
QFY,99
QGA,328
QGC,53
QGD,249
QGE,266
QGF,208
QGG,272
QGH,140
QGI,295
QGK,321
QGL,430
QGM,180
QGN,195
QGP,206
QGQ,202
QGR,261
QGS,232
QGT,226
QGV,333
QGW,77
QGY,175
QHA,103
QHC,28
QHD,79
QHE,70
QHF,96
QHG,103
QHH,40
QHI,110
QHK,55
QHL,167
QHM,45
QHN,53
QHP,91
QHQ,65
QHR,64
QHS,77
QHT,78
QHV,95
QHW,24
QHY,60
QIA,322
QIC,47
QID,182
QIE,246
QIF,108
QIG,221
QIH,75
QII,210
QIK,224
QIL,335
QIM,77
QIN,152
QIP,172
QIQ,149
QIR,156
QIS,207
QIT,208
QIV,226
QIW,49
QIY,99
QKA,320
QKC,42
QKD,148
QKE,216
QKF,139
QKG,236
QKH,84
QKI,231
QKK,167
QKL,400
QKM,75
QKN,119
QKP,132
QKQ,122
QKR,144
QKS,147
QKT,160
QKV,266
QKW,62
QKY,130
QLA,539
QLC,70
QLD,328
QLE,427
QLF,225
QLG,403
QLH,134
QLI,353
QLK,344
QLL,603
QLM,131
QLN,231
QLP,320
QLQ,264
QLR,329
QLS,363
QLT,339
QLV,425
QLW,84
QLY,204
QMA,110
QMC,16
QMD,57
QME,77
QMF,45
QMG,101
QMH,28
QMI,90
QMK,79
QML,147
QMM,39
QMN,48
QMP,54
QMQ,53
QMR,76
QMS,76
QMT,76
QMV,91
QMW,19
QMY,46
QNA,164
QNC,31
QND,129
QNE,121
QNF,103
QNG,224
QNH,44
QNI,193
QNK,124
QNL,256
QNM,54
QNN,115
QNP,158
QNQ,90
QNR,110
QNS,117
QNT,135
QNV,162
QNW,45
QNY,90
QPA,217
QPC,37
QPD,174
QPE,188
QPF,131
QPG,260
QPH,59
QPI,166
QPK,116
QPL,282
QPM,72
QPN,112
QPP,124
QPQ,105
QPR,110
QPS,143
QPT,144
QPV,245
QPW,58
QPY,79
QQA,284
QQC,24
QQD,98
QQE,156
QQF,106
QQG,204
QQH,55
QQI,174
QQK,146
QQL,350
QQM,77
QQN,102
QQP,122
QQQ,146
QQR,134
QQS,128
QQT,147
QQV,195
QQW,63
QQY,94
QRA,258
QRC,45
QRD,151
QRE,181
QRF,151
QRG,220
QRH,75
QRI,234
QRK,115
QRL,421
QRM,85
QRN,106
QRP,138
QRQ,136
QRR,171
QRS,137
QRT,141
QRV,256
QRW,53
QRY,124
QSA,252
QSC,42
QSD,153
QSE,175
QSF,168
QSG,283
QSH,83
QSI,202
QSK,154
QSL,394
QSM,118
QSN,167
QSP,154
QSQ,141
QSR,157
QSS,200
QST,140
QSV,234
QSW,59
QSY,128
QTA,290
QTC,38
QTD,159
QTE,205
QTF,154
QTG,243
QTH,96
QTI,197
QTK,146
QTL,365
QTM,70
QTN,132
QTP,163
QTQ,159
QTR,143
QTS,156
QTT,153
QTV,266
QTW,58
QTY,96
QVA,430
QVC,52
QVD,251
QVE,284
QVF,205
QVG,263
QVH,81
QVI,259
QVK,223
QVL,457
QVM,95
QVN,166
QVP,210
QVQ,175
QVR,204
QVS,250
QVT,241
QVV,345
QVW,65
QVY,139
QWA,64
QWC,11
QWD,57
QWE,46
QWF,49
QWG,61
QWH,30
QWI,66
QWK,54
QWL,114
QWM,26
QWN,27
QWP,28
QWQ,56
QWR,64
QWS,61
QWT,44
QWV,77
QWW,18
QWY,30
QYA,164
QYC,40
QYD,94
QYE,99
QYF,98
QYG,160
QYH,51
QYI,130
QYK,108
QYL,226
QYM,44
QYN,89
QYP,115
QYQ,84
QYR,126
QYS,120
QYT,90
QYV,162
QYW,44
QYY,96
RAA,841
RAC,93
RAD,363
RAE,448
RAF,327
RAG,545
RAH,160
RAI,399
RAK,301
RAL,876
RAM,181
RAN,228
RAP,191
RAQ,293
RAR,443
RAS,361
RAT,298
RAV,634
RAW,102
RAY,235
RCA,83
RCC,26
RCD,59
RCE,62
RCF,47
RCG,90
RCH,29
RCI,64
RCK,43
RCL,93
RCM,19
RCN,34
RCP,55
RCQ,40
RCR,65
RCS,72
RCT,57
RCV,82
RCW,17
RCY,39
RDA,421
RDC,64
RDD,226
RDE,287
RDF,249
RDG,423
RDH,123
RDI,323
RDK,196
RDL,538
RDM,131
RDN,182
RDP,223
RDQ,146
RDR,254
RDS,251
RDT,228
RDV,362
RDW,95
RDY,174
REA,661
REC,60
RED,299
REE,416
REF,256
REG,471
REH,135
REI,385
REK,335
REL,732
REM,161
REN,350
REP,192
REQ,262
RER,347
RES,256
RET,257
REV,471
REW,101
REY,153
RFA,323
RFC,54
RFD,234
RFE,257
RFF,163
RFG,335
RFH,95
RFI,195
RFK,171
RFL,364
RFM,59
RFN,122
RFP,203
RFQ,112
RFR,191
RFS,274
RFT,174
RFV,312
RFW,53
RFY,162
RGA,499
RGC,67
RGD,299
RGE,407
RGF,263
RGG,385
RGH,135
RGI,406
RGK,329
RGL,561
RGM,154
RGN,200
RGP,189
RGQ,206
RGR,340
RGS,598
RGT,307
RGV,464
RGW,115
RGY,266
RHA,147
RHC,35
RHD,89
RHE,89
RHF,114
RHG,209
RHH,63
RHI,116
RHK,58
RHL,255
RHM,53
RHN,89
RHP,118
RHQ,80
RHR,101
RHS,108
RHT,81
RHV,150
RHW,32
RHY,93
RIA,499
RIC,60
RID,285
RIE,360
RIF,195
RIG,374
RIH,103
RII,321
RIK,303
RIL,482
RIM,105
RIN,192
RIP,285
RIQ,161
RIR,268
RIS,301
RIT,283
RIV,399
RIW,57
RIY,166
RKA,405
RKC,37
RKD,203
RKE,290
RKF,184
RKG,310
RKH,95
RKI,279
RKK,215
RKL,459
RKM,99
RKN,168
RKP,170
RKQ,131
RKR,219
RKS,189
RKT,213
RKV,303
RKW,63
RKY,170
RLA,846
RLC,105
RLD,436
RLE,535
RLF,307
RLG,644
RLH,196
RLI,436
RLK,449
RLL,877
RLM,195
RLN,278
RLP,457
RLQ,357
RLR,544
RLS,503
RLT,455
RLV,626
RLW,99
RLY,265
RMA,157
RMC,28
RMD,85
RME,130
RMF,55
RMG,130
RMH,48
RMI,99
RMK,98
RML,182
RMM,53
RMN,67
RMP,75
RMQ,58
RMR,108
RMS,94
RMT,95
RMV,140
RMW,20
RMY,51
RNA,269
RNC,58
RND,178
RNE,208
RNF,169
RNG,282
RNH,72
RNI,217
RNK,154
RNL,343
RNM,57
RNN,131
RNP,204
RNQ,92
RNR,183
RNS,155
RNT,150
RNV,246
RNW,54
RNY,132
RPA,325
RPC,26
RPD,284
RPE,340
RPF,159
RPG,391
RPH,85
RPI,190
RPK,130
RPL,341
RPM,65
RPN,136
RPP,152
RPQ,117
RPR,170
RPS,204
RPT,178
RPV,277
RPW,72
RPY,124
RQA,331
RQC,30
RQD,136
RQE,181
RQF,126
RQG,241
RQH,77
RQI,213
RQK,141
RQL,389
RQM,103
RQN,111
RQP,131
RQQ,140
RQR,170
RQS,164
RQT,139
RQV,269
RQW,62
RQY,101
RRA,453
RRC,59
RRD,209
RRE,305
RRF,238
RRG,343
RRH,99
RRI,315
RRK,214
RRL,535
RRM,132
RRN,154
RRP,172
RRQ,147
RRR,288
RRS,233
RRT,215
RRV,358
RRW,87
RRY,191
RSA,367
RSC,51
RSD,237
RSE,236
RSF,202
RSG,387
RSH,108
RSI,280
RSK,219
RSL,470
RSM,99
RSN,159
RSP,187
RSQ,144
RSR,230
RSS,227
RST,209
RSV,316
RSW,74
RSY,184
RTA,323
RTC,45
RTD,242
RTE,259
RTF,184
RTG,342
RTH,120
RTI,233
RTK,179
RTL,483
RTM,97
RTN,140
RTP,234
RTQ,124
RTR,197
RTS,208
RTT,231
RTV,352
RTW,77
RTY,170
RVA,588
RVC,65
RVD,317
RVE,400
RVF,280
RVG,387
RVH,134
RVI,378
RVK,314
RVL,674
RVM,142
RVN,266
RVP,249
RVQ,184
RVR,347
RVS,326
RVT,352
RVV,594
RVW,83
RVY,240
RWA,103
RWC,23
RWD,75
RWE,66
RWF,63
RWG,94
RWH,35
RWI,76
RWK,61
RWL,130
RWM,34
RWN,43
RWP,44
RWQ,61
RWR,81
RWS,58
RWT,65
RWV,82
RWW,22
RWY,35
RYA,278
RYC,39
RYD,179
RYE,155
RYF,190
RYG,250
RYH,89
RYI,173
RYK,141
RYL,347
RYM,69
RYN,118
RYP,130
RYQ,122
RYR,179
RYS,171
RYT,134
RYV,207
RYW,57
RYY,118
SAA,782
SAC,92
SAD,461
SAE,498
SAF,371
SAG,604
SAH,154
SAI,465
SAK,388
SAL,746
SAM,165
SAN,294
SAP,379
SAQ,292
SAR,405
SAS,531
SAT,485
SAV,536
SAW,106
SAY,283
SCA,86
SCC,36
SCD,71
SCE,74
SCF,57
SCG,115
SCH,53
SCI,61
SCK,76
SCL,100
SCM,31
SCN,36
SCP,84
SCQ,63
SCR,62
SCS,116
SCT,76
SCV,64
SCW,24
SCY,39
SDA,491
SDC,56
SDD,359
SDE,375
SDF,295
SDG,476
SDH,120
SDI,399
SDK,443
SDL,527
SDM,109
SDN,240
SDP,333
SDQ,181
SDR,255
SDS,314
SDT,258
SDV,411
SDW,114
SDY,235
SEA,469
SEC,61
SED,341
SEE,472
SEF,256
SEG,409
SEH,141
SEI,388
SEK,349
SEL,533
SEM,131
SEN,256
SEP,213
SEQ,232
SER,318
SES,313
SET,297
SEV,420
SEW,79
SEY,192
SFA,302
SFC,37
SFD,327
SFE,282
SFF,159
SFG,306
SFH,113
SFI,224
SFK,199
SFL,355
SFM,77
SFN,190
SFP,182
SFQ,185
SFR,215
SFS,308
SFT,281
SFV,273
SFW,54
SFY,165
SGA,704
SGC,104
SGD,478
SGE,482
SGF,310
SGG,753
SGH,205
SGI,476
SGK,602
SGL,912
SGM,191
SGN,391
SGP,301
SGQ,295
SGR,481
SGS,655
SGT,609
SGV,627
SGW,134
SGY,330
SHA,176
SHC,26
SHD,113
SHE,122
SHF,127
SHG,179
SHH,477
SHI,143
SHK,73
SHL,251
SHM,371
SHN,94
SHP,184
SHQ,79
SHR,119
SHS,154
SHT,130
SHV,158
SHW,40
SHY,81
SIA,481
SIC,69
SID,363
SIE,375
SIF,203
SIG,391
SIH,137
SII,303
SIK,283
SIL,429
SIM,108
SIN,252
SIP,308
SIQ,188
SIR,236
SIS,387
SIT,307
SIV,383
SIW,59
SIY,190
SKA,433
SKC,59
SKD,340
SKE,406
SKF,217
SKG,410
SKH,90
SKI,346
SKK,350
SKL,460
SKM,98
SKN,220
SKP,237
SKQ,189
SKR,208
SKS,318
SKT,297
SKV,346
SKW,70
SKY,196
SLA,771
SLC,90
SLD,538
SLE,641
SLF,339
SLG,731
SLH,191
SLI,503
SLK,597
SLL,803
SLM,194
SLN,389
SLP,530
SLQ,344
SLR,506
SLS,633
SLT,585
SLV,576
SLW,96
SLY,317
SMA,217
SMC,18
SMD,124
SME,126
SMF,97
SMG,168
SMH,48
SMI,117
SMK,139
SML,190
SMM,56
SMN,84
SMP,124
SMQ,87
SMR,106
SMS,180
SMT,174
SMV,147
SMW,17
SMY,61
SNA,631
SNC,56
SND,235
SNE,229
SNF,201
SNG,366
SNH,83
SNI,264
SNK,195
SNL,359
SNM,77
SNN,206
SNP,251
SNQ,143
SNR,156
SNS,254
SNT,237
SNV,309
SNW,63
SNY,176
SPA,414
SPC,52
SPD,351
SPE,525
SPF,177
SPG,314
SPH,107
SPI,227
SPK,205
SPL,443
SPM,90
SPN,186
SPP,156
SPQ,191
SPR,217
SPS,308
SPT,257
SPV,310
SPW,65
SPY,190
SQA,296
SQC,46
SQD,174
SQE,224
SQF,169
SQG,259
SQH,65
SQI,214
SQK,188
SQL,393
SQM,74
SQN,169
SQP,182
SQQ,146
SQR,174
SQS,208
SQT,191
SQV,256
SQW,63
SQY,143
SRA,386
SRC,53
SRD,281
SRE,349
SRF,230
SRG,372
SRH,125
SRI,279
SRK,244
SRL,518
SRM,92
SRN,201
SRP,234
SRQ,165
SRR,244
SRS,295
SRT,242
SRV,325
SRW,81
SRY,187
SSA,528
SSC,89
SSD,385
SSE,354
SSF,297
SSG,989
SSH,411
SSI,392
SSK,334
SSL,622
SSM,132
SSN,292
SSP,324
SSQ,215
SSR,338
SSS,592
SST,408
SSV,463
SSW,110
SSY,264
STA,419
STC,73
STD,320
STE,327
STF,260
STG,516
STH,108
STI,305
STK,240
STL,502
STM,118
STN,231
STP,338
STQ,194
STR,239
STS,357
STT,322
STV,402
STW,93
STY,195
SVA,571
SVC,72
SVD,421
SVE,480
SVF,242
SVG,421
SVH,140
SVI,380
SVK,374
SVL,621
SVM,127
SVN,304
SVP,364
SVQ,230
SVR,343
SVS,471
SVT,406
SVV,455
SVW,95
SVY,237
SWA,102
SWC,19
SWD,101
SWE,82
SWF,51
SWG,147
SWH,50
SWI,86
SWK,101
SWL,132
SWM,29
SWN,83
SWP,64
SWQ,67
SWR,74
SWS,108
SWT,111
SWV,78
SWW,36
SWY,59
SYA,269
SYC,54
SYD,247
SYE,204
SYF,171
SYG,262
SYH,83
SYI,189
SYK,179
SYL,349
SYM,66
SYN,191
SYP,171
SYQ,117
SYR,178
SYS,249
SYT,205
SYV,223
SYW,53
SYY,154
TAA,803
TAC,94
TAD,494
TAE,527
TAF,286
TAG,537
TAH,174
TAI,400
TAK,376
TAL,716
TAM,183
TAN,275
TAP,328
TAQ,274
TAR,382
TAS,469
TAT,463
TAV,512
TAW,109
TAY,262
TCA,92
TCC,15
TCD,68
TCE,72
TCF,36
TCG,81
TCH,51
TCI,54
TCK,58
TCL,81
TCM,21
TCN,43
TCP,86
TCQ,43
TCR,82
TCS,89
TCT,84
TCV,75
TCW,12
TCY,43
TDA,431
TDC,60
TDD,289
TDE,401
TDF,248
TDG,396
TDH,111
TDI,303
TDK,291
TDL,460
TDM,107
TDN,200
TDP,303
TDQ,158
TDR,248
TDS,321
TDT,280
TDV,344
TDW,102
TDY,216
TEA,517
TEC,39
TED,330
TEE,473
TEF,217
TEG,349
TEH,129
TEI,320
TEK,365
TEL,530
TEM,110
TEN,339
TEP,218
TEQ,201
TER,269
TES,272
TET,302
TEV,324
TEW,71
TEY,168
TFA,298
TFC,48
TFD,287
TFE,267
TFF,155
TFG,327
TFH,115
TFI,207
TFK,208
TFL,306
TFM,75
TFN,213
TFP,175
TFQ,148
TFR,203
TFS,268
TFT,281
TFV,272
TFW,58
TFY,141
TGA,666
TGC,109
TGD,464
TGE,535
TGF,280
TGG,645
TGH,198
TGI,413
TGK,537
TGL,579
TGM,130
TGN,346
TGP,291
TGQ,251
TGR,404
TGS,557
TGT,545
TGV,500
TGW,129
TGY,278
THA,181
THC,33
THD,117
THE,123
THF,110
THG,149
THH,67
THI,136
THK,103
THL,218
THM,34
THN,81
THP,135
THQ,79
THR,103
THS,115
THT,138
THV,145
THW,36
THY,79
TIA,453
TIC,72
TID,325
TIE,396
TIF,184
TIG,340
TIH,137
TII,271
TIK,321
TIL,373
TIM,85
TIN,263
TIP,272
TIQ,179
TIR,267
TIS,409
TIT,353
TIV,332
TIW,60
TIY,174
TKA,340
TKC,47
TKD,279
TKE,402
TKF,173
TKG,292
TKH,83
TKI,257
TKK,288
TKL,378
TKM,96
TKN,180
TKP,188
TKQ,155
TKR,196
TKS,252
TKT,240
TKV,311
TKW,49
TKY,163
TLA,780
TLC,99
TLD,522
TLE,678
TLF,304
TLG,566
TLH,207
TLI,425
TLK,559
TLL,745
TLM,180
TLN,401
TLP,466
TLQ,357
TLR,510
TLS,533
TLT,597
TLV,564
TLW,105
TLY,299
TMA,166
TMC,24
TMD,117
TME,127
TMF,59
TMG,134
TMH,42
TMI,92
TMK,114
TML,169
TMM,44
TMN,76
TMP,84
TMQ,79
TMR,93
TMS,85
TMT,138
TMV,106
TMW,23
TMY,59
TNA,280
TNC,69
TND,218
TNE,206
TNF,156
TNG,275
TNH,80
TNI,222
TNK,200
TNL,318
TNM,72
TNN,164
TNP,252
TNQ,140
TNR,145
TNS,224
TNT,237
TNV,230
TNW,60
TNY,151
TPA,444
TPC,40
TPD,402
TPE,543
TPF,221
TPG,384
TPH,129
TPI,263
TPK,251
TPL,471
TPM,119
TPN,195
TPP,232
TPQ,195
TPR,193
TPS,317
TPT,249
TPV,395
TPW,77
TPY,185
TQA,270
TQC,34
TQD,169
TQE,192
TQF,132
TQG,265
TQH,66
TQI,162
TQK,165
TQL,308
TQM,63
TQN,115
TQP,169
TQQ,145
TQR,135
TQS,181
TQT,172
TQV,219
TQW,53
TQY,111
TRA,365
TRC,45
TRD,251
TRE,328
TRF,190
TRG,287
TRH,115
TRI,228
TRK,197
TRL,397
TRM,86
TRN,166
TRP,193
TRQ,164
TRR,198
TRS,205
TRT,245
TRV,289
TRW,53
TRY,161
TSA,461
TSC,84
TSD,292
TSE,292
TSF,223
TSG,441
TSH,118
TSI,301
TSK,262
TSL,480
TSM,102
TSN,222
TSP,256
TSQ,210
TSR,254
TSS,399
TST,344
TSV,359
TSW,78
TSY,204
TTA,428
TTC,65
TTD,283
TTE,297
TTF,204
TTG,445
TTH,107
TTI,308
TTK,247
TTL,467
TTM,89
TTN,221
TTP,307
TTQ,153
TTR,207
TTS,323
TTT,355
TTV,382
TTW,66
TTY,141
TVA,595
TVC,66
TVD,448
TVE,494
TVF,266
TVG,477
TVH,176
TVI,406
TVK,404
TVL,562
TVM,131
TVN,339
TVP,330
TVQ,256
TVR,393
TVS,489
TVT,520
TVV,489
TVW,89
TVY,256
TWA,92
TWC,27
TWD,114
TWE,102
TWF,46
TWG,86
TWH,44
TWI,58
TWK,90
TWL,110
TWM,17
TWN,66
TWP,68
TWQ,72
TWR,76
TWS,96
TWT,95
TWV,85
TWW,20
TWY,56
TYA,248
TYC,38
TYD,173
TYE,189
TYF,112
TYG,240
TYH,88
TYI,153
TYK,172
TYL,282
TYM,58
TYN,175
TYP,168
TYQ,131
TYR,164
TYS,209
TYT,216
TYV,177
TYW,40
TYY,117
VAA,1105
VAC,121
VAD,683
VAE,829
VAF,333
VAG,773
VAH,228
VAI,540
VAK,488
VAL,857
VAM,198
VAN,401
VAP,435
VAQ,411
VAR,553
VAS,604
VAT,562
VAV,785
VAW,136
VAY,288
VCA,123
VCC,17
VCD,91
VCE,93
VCF,60
VCG,157
VCH,47
VCI,61
VCK,83
VCL,108
VCM,28
VCN,68
VCP,80
VCQ,59
VCR,93
VCS,97
VCT,90
VCV,97
VCW,12
VCY,50
VDA,645
VDC,85
VDD,412
VDE,547
VDF,363
VDG,690
VDH,157
VDI,437
VDK,385
VDL,817
VDM,145
VDN,254
VDP,400
VDQ,215
VDR,362
VDS,421
VDT,405
VDV,550
VDW,112
VDY,285
VEA,754
VEC,78
VED,449
VEE,661
VEF,293
VEG,606
VEH,177
VEI,437
VEK,580
VEL,649
VEM,175
VEN,335
VEP,341
VEQ,324
VER,516
VES,426
VET,426
VEV,614
VEW,92
VEY,257
VFA,349
VFC,68
VFD,415
VFE,333
VFF,157
VFG,354
VFH,126
VFI,192
VFK,240
VFL,322
VFM,70
VFN,236
VFP,224
VFQ,190
VFR,228
VFS,339
VFT,285
VFV,304
VFW,52
VFY,150
VGA,594
VGC,96
VGD,549
VGE,532
VGF,352
VGG,727
VGH,177
VGI,437
VGK,420
VGL,641
VGM,171
VGN,354
VGP,357
VGQ,231
VGR,384
VGS,490
VGT,447
VGV,574
VGW,126
VGY,310
VHA,210
VHC,48
VHD,166
VHE,168
VHF,129
VHG,253
VHH,78
VHI,141
VHK,103
VHL,233
VHM,56
VHN,101
VHP,159
VHQ,99
VHR,136
VHS,158
VHT,139
VHV,184
VHW,34
VHY,99
VIA,641
VIC,92
VID,587
VIE,499
VIF,208
VIG,574
VIH,142
VII,299
VIK,376
VIL,509
VIM,131
VIN,342
VIP,362
VIQ,246
VIR,308
VIS,403
VIT,396
VIV,457
VIW,52
VIY,198
VKA,659
VKC,65
VKD,484
VKE,570
VKF,249
VKG,484
VKH,154
VKI,365
VKK,466
VKL,605
VKM,148
VKN,370
VKP,323
VKQ,261
VKR,340
VKS,361
VKT,394
VKV,548
VKW,90
VKY,181
VLA,996
VLC,139
VLD,802
VLE,893
VLF,317
VLG,737
VLH,251
VLI,452
VLK,656
VLL,815
VLM,192
VLN,464
VLP,512
VLQ,405
VLR,590
VLS,685
VLT,617
VLV,764
VLW,111
VLY,286
VMA,215
VMC,34
VMD,165
VME,204
VMF,67
VMG,179
VMH,63
VMI,115
VMK,138
VML,218
VMM,58
VMN,110
VMP,122
VMQ,72
VMR,146
VMS,138
VMT,154
VMV,178
VMW,29
VMY,49
VNA,419
VNC,61
VND,303
VNE,340
VNF,185
VNG,512
VNH,111
VNI,275
VNK,239
VNL,408
VNM,95
VNN,249
VNP,293
VNQ,182
VNR,233
VNS,294
VNT,235
VNV,388
VNW,83
VNY,208
VPA,506
VPC,66
VPD,297
VPE,397
VPF,251
VPG,507
VPH,115
VPI,293
VPK,244
VPL,491
VPM,126
VPN,172
VPP,243
VPQ,184
VPR,457
VPS,349
VPT,307
VPV,545
VPW,68
VPY,224
VQA,373
VQC,49
VQD,237
VQE,268
VQF,151
VQG,283
VQH,96
VQI,195
VQK,232
VQL,370
VQM,85
VQN,146
VQP,156
VQQ,169
VQR,221
VQS,222
VQT,208
VQV,303
VQW,35
VQY,116
VRA,555
VRC,81
VRD,439
VRE,550
VRF,260
VRG,434
VRH,143
VRI,333
VRK,326
VRL,566
VRM,111
VRN,256
VRP,238
VRQ,236
VRR,402
VRS,308
VRT,320
VRV,464
VRW,83
VRY,180
VSA,602
VSC,89
VSD,444
VSE,478
VSF,289
VSG,608
VSH,185
VSI,371
VSK,375
VSL,637
VSM,143
VSN,278
VSP,334
VSQ,272
VSR,409
VSS,502
VST,374
VSV,517
VSW,107
VSY,248
VTA,595
VTC,86
VTD,418
VTE,438
VTF,278
VTG,648
VTH,179
VTI,375
VTK,349
VTL,634
VTM,120
VTN,296
VTP,399
VTQ,240
VTR,346
VTS,407
VTT,352
VTV,607
VTW,82
VTY,209
VVA,808
VVC,133
VVD,651
VVE,659
VVF,346
VVG,750
VVH,228
VVI,513
VVK,532
VVL,763
VVM,177
VVN,398
VVP,440
VVQ,243
VVR,453
VVS,576
VVT,472
VVV,742
VVW,102
VVY,256
VWA,120
VWC,22
VWD,110
VWE,120
VWF,46
VWG,102
VWH,47
VWI,86
VWK,83
VWL,120
VWM,32
VWN,87
VWP,61
VWQ,83
VWR,84
VWS,119
VWT,93
VWV,99
VWW,22
VWY,44
VYA,287
VYC,68
VYD,275
VYE,286
VYF,147
VYG,331
VYH,102
VYI,178
VYK,188
VYL,328
VYM,64
VYN,201
VYP,191
VYQ,151
VYR,205
VYS,260
VYT,224
VYV,253
VYW,39
VYY,118
WAA,166
WAC,23
WAD,110
WAE,116
WAF,72
WAG,131
WAH,59
WAI,81
WAK,129
WAL,147
WAM,26
WAN,79
WAP,91
WAQ,69
WAR,116
WAS,100
WAT,82
WAV,76
WAW,24
WAY,52
WCA,26
WCC,4
WCD,19
WCE,14
WCF,10
WCG,53
WCH,7
WCI,8
WCK,16
WCL,18
WCM,7
WCN,19
WCP,27
WCQ,19
WCR,17
WCS,16
WCT,15
WCV,24
WCW,3
WCY,13
WDA,135
WDC,20
WDD,109
WDE,126
WDF,61
WDG,108
WDH,26
WDI,79
WDK,80
WDL,120
WDM,32
WDN,72
WDP,78
WDQ,64
WDR,84
WDS,95
WDT,111
WDV,117
WDW,32
WDY,63
WEA,113
WEC,17
WED,79
WEE,115
WEF,53
WEG,128
WEH,37
WEI,69
WEK,123
WEL,88
WEM,36
WEN,87
WEP,62
WEQ,71
WER,85
WES,103
WET,84
WEV,82
WEW,27
WEY,49
WFA,63
WFC,13
WFD,58
WFE,51
WFF,35
WFG,71
WFH,24
WFI,32
WFK,53
WFL,60
WFM,18
WFN,41
WFP,46
WFQ,30
WFR,39
WFS,46
WFT,53
WFV,64
WFW,21
WFY,27
WGA,132
WGC,22
WGD,94
WGE,129
WGF,62
WGG,146
WGH,40
WGI,80
WGK,101
WGL,131
WGM,31
WGN,95
WGP,80
WGQ,66
WGR,84
WGS,126
WGT,113
WGV,114
WGW,34
WGY,69
WHA,40
WHC,9
WHD,32
WHE,34
WHF,25
WHG,45
WHH,27
WHI,30
WHK,37
WHL,59
WHM,14
WHN,29
WHP,50
WHQ,29
WHR,29
WHS,37
WHT,44
WHV,38
WHW,24
WHY,23
WIA,100
WIC,18
WID,93
WIE,109
WIF,29
WIG,105
WIH,39
WII,52
WIK,78
WIL,77
WIM,17
WIN,89
WIP,56
WIQ,44
WIR,69
WIS,70
WIT,80
WIV,63
WIW,19
WIY,36
WKA,92
WKC,18
WKD,103
WKE,117
WKF,46
WKG,99
WKH,24
WKI,55
WKK,108
WKL,121
WKM,32
WKN,75
WKP,70
WKQ,65
WKR,78
WKS,98
WKT,72
WKV,77
WKW,23
WKY,37
WLA,183
WLC,19
WLD,142
WLE,169
WLF,47
WLG,147
WLH,57
WLI,90
WLK,162
WLL,149
WLM,34
WLN,120
WLP,100
WLQ,84
WLR,148
WLS,131
WLT,124
WLV,130
WLW,20
WLY,58
WMA,45
WMC,2
WMD,34
WME,32
WMF,16
WMG,41
WMH,14
WMI,16
WMK,38
WML,35
WMM,11
WMN,26
WMP,29
WMQ,28
WMR,37
WMS,26
WMT,27
WMV,27
WMW,8
WMY,9
WNA,74
WNC,12
WND,89
WNE,80
WNF,43
WNG,119
WNH,25
WNI,72
WNK,75
WNL,69
WNM,19
WNN,72
WNP,71
WNQ,42
WNR,62
WNS,89
WNT,61
WNV,71
WNW,19
WNY,39
WPA,103
WPC,3
WPD,78
WPE,82
WPF,32
WPG,87
WPH,32
WPI,40
WPK,43
WPL,91
WPM,13
WPN,38
WPP,29
WPQ,48
WPR,43
WPS,54
WPT,72
WPV,58
WPW,16
WPY,22
WQA,116
WQC,9
WQD,62
WQE,81
WQF,34
WQG,86
WQH,32
WQI,48
WQK,49
WQL,85
WQM,20
WQN,45
WQP,47
WQQ,73
WQR,66
WQS,66
WQT,72
WQV,74
WQW,26
WQY,33
WRA,113
WRC,14
WRD,97
WRE,108
WRF,55
WRG,97
WRH,43
WRI,58
WRK,71
WRL,98
WRM,23
WRN,70
WRP,67
WRQ,66
WRR,60
WRS,74
WRT,67
WRV,81
WRW,21
WRY,43
WSA,128
WSC,18
WSD,100
WSE,110
WSF,52
WSG,120
WSH,58
WSI,64
WSK,88
WSL,115
WSM,22
WSN,62
WSP,78
WSQ,56
WSR,75
WSS,88
WST,67
WSV,86
WSW,32
WSY,57
WTA,99
WTC,14
WTD,98
WTE,88
WTF,59
WTG,98
WTH,31
WTI,54
WTK,77
WTL,87
WTM,26
WTN,61
WTP,76
WTQ,57
WTR,64
WTS,82
WTT,86
WTV,113
WTW,24
WTY,69
WVA,118
WVC,26
WVD,118
WVE,104
WVF,46
WVG,102
WVH,35
WVI,64
WVK,111
WVL,97
WVM,21
WVN,68
WVP,74
WVQ,58
WVR,97
WVS,83
WVT,84
WVV,75
WVW,26
WVY,39
WWA,29
WWC,8
WWD,26
WWE,23
WWF,13
WWG,35
WWH,14
WWI,9
WWK,25
WWL,25
WWM,5
WWN,21
WWP,20
WWQ,27
WWR,12
WWS,22
WWT,19
WWV,12
WWW,6
WWY,15
WYA,50
WYC,9
WYD,56
WYE,63
WYF,35
WYG,59
WYH,21
WYI,25
WYK,65
WYL,67
WYM,19
WYN,45
WYP,31
WYQ,43
WYR,51
WYS,39
WYT,36
WYV,41
WYW,13
WYY,41
YAA,390
YAC,57
YAD,298
YAE,324
YAF,172
YAG,345
YAH,90
YAI,211
YAK,258
YAL,358
YAM,97
YAN,216
YAP,201
YAQ,185
YAR,252
YAS,261
YAT,227
YAV,278
YAW,69
YAY,153
YCA,54
YCC,18
YCD,62
YCE,46
YCF,34
YCG,79
YCH,20
YCI,45
YCK,27
YCL,62
YCM,13
YCN,44
YCP,51
YCQ,30
YCR,50
YCS,59
YCT,41
YCV,44
YCW,7
YCY,19
YDA,307
YDC,47
YDD,195
YDE,231
YDF,166
YDG,245
YDH,82
YDI,240
YDK,174
YDL,344
YDM,71
YDN,153
YDP,253
YDQ,110
YDR,161
YDS,214
YDT,164
YDV,286
YDW,54
YDY,168
YEA,295
YEC,50
YED,200
YEE,239
YEF,133
YEG,288
YEH,73
YEI,221
YEK,269
YEL,299
YEM,70
YEN,165
YEP,141
YEQ,126
YER,169
YES,196
YET,189
YEV,251
YEW,50
YEY,131
YFA,171
YFC,40
YFD,194
YFE,183
YFF,84
YFG,196
YFH,63
YFI,104
YFK,163
YFL,182
YFM,46
YFN,144
YFP,131
YFQ,382
YFR,135
YFS,180
YFT,159
YFV,157
YFW,16
YFY,94
YGA,338
YGC,69
YGD,291
YGE,266
YGF,217
YGG,372
YGH,100
YGI,259
YGK,270
YGL,353
YGM,81
YGN,210
YGP,210
YGQ,148
YGR,225
YGS,280
YGT,258
YGV,352
YGW,67
YGY,190
YHA,92
YHC,35
YHD,94
YHE,77
YHF,82
YHG,134
YHH,58
YHI,87
YHK,62
YHL,129
YHM,22
YHN,53
YHP,70
YHQ,59
YHR,85
YHS,91
YHT,72
YHV,73
YHW,27
YHY,63
YIA,260
YIC,47
YID,234
YIE,231
YIF,115
YIG,203
YIH,93
YII,124
YIK,188
YIL,229
YIM,44
YIN,196
YIP,157
YIQ,122
YIR,147
YIS,177
YIT,192
YIV,195
YIW,29
YIY,107
YKA,209
YKC,39
YKD,246
YKE,271
YKF,104
YKG,224
YKH,71
YKI,160
YKK,229
YKL,230
YKM,67
YKN,179
YKP,132
YKQ,133
YKR,99
YKS,163
YKT,169
YKV,197
YKW,47
YKY,102
YLA,420
YLC,66
YLD,373
YLE,426
YLF,183
YLG,357
YLH,138
YLI,257
YLK,393
YLL,405
YLM,107
YLN,288
YLP,231
YLQ,225
YLR,288
YLS,374
YLT,288
YLV,284
YLW,50
YLY,179
YMA,109
YMC,14
YMD,74
YME,72
YMF,36
YMG,82
YMH,42
YMI,36
YMK,91
YML,75
YMM,28
YMN,57
YMP,61
YMQ,40
YMR,69
YMS,58
YMT,73
YMV,66
YMW,16
YMY,41
YNA,225
YNC,31
YND,142
YNE,159
YNF,102
YNG,221
YNH,44
YNI,150
YNK,154
YNL,223
YNM,48
YNN,150
YNP,160
YNQ,112
YNR,119
YNS,178
YNT,136
YNV,187
YNW,51
YNY,113
YPA,218
YPC,31
YPD,232
YPE,270
YPF,121
YPG,253
YPH,75
YPI,144
YPK,143
YPL,255
YPM,60
YPN,156
YPP,109
YPQ,112
YPR,122
YPS,184
YPT,147
YPV,183
YPW,38
YPY,99
YQA,226
YQC,33
YQD,135
YQE,144
YQF,91
YQG,159
YQH,65
YQI,133
YQK,157
YQL,243
YQM,46
YQN,125
YQP,108
YQQ,114
YQR,113
YQS,135
YQT,117
YQV,154
YQW,22
YQY,79
YRA,238
YRC,46
YRD,208
YRE,237
YRF,142
YRG,221
YRH,90
YRI,163
YRK,153
YRL,281
YRM,52
YRN,143
YRP,138
YRQ,143
YRR,160
YRS,190
YRT,183
YRV,224
YRW,49
YRY,110
YSA,276
YSC,56
YSD,225
YSE,208
YSF,173
YSG,283
YSH,79
YSI,197
YSK,202
YSL,288
YSM,65
YSN,164
YSP,184
YSQ,110
YSR,168
YSS,261
YST,196
YSV,256
YSW,70
YSY,143
YTA,249
YTC,52
YTD,211
YTE,185
YTF,146
YTG,265
YTH,79
YTI,191
YTK,162
YTL,293
YTM,62
YTN,152
YTP,188
YTQ,86
YTR,149
YTS,215
YTT,152
YTV,244
YTW,46
YTY,131
YVA,288
YVC,51
YVD,325
YVE,272
YVF,135
YVG,237
YVH,91
YVI,189
YVK,249
YVL,298
YVM,69
YVN,196
YVP,183
YVQ,153
YVR,195
YVS,250
YVT,238
YVV,257
YVW,57
YVY,132
YWA,52
YWC,16
YWD,58
YWE,51
YWF,26
YWG,77
YWH,23
YWI,51
YWK,64
YWL,73
YWM,22
YWN,51
YWP,47
YWQ,38
YWR,51
YWS,45
YWT,46
YWV,36
YWW,8
YWY,41
YYA,167
YYC,40
YYD,167
YYE,145
YYF,117
YYG,188
YYH,53
YYI,105
YYK,134
YYL,206
YYM,33
YYN,124
YYP,121
YYQ,92
YYR,140
YYS,136
YYT,113
YYV,139
YYW,26
YYY,105
