,Count
CCW,2
CMW,2
WMC,2
WPC,3
WCW,3
CHW,4
MWC,4
CCC,4
CMC,4
WCC,4
CWW,4
WWM,5
MCW,5
CWC,5
MWM,6
CCM,6
MWH,6
CWH,6
FWC,6
QCC,6
QCW,6
WWW,6
WCH,7
CMM,7
YCW,7
WCM,7
CIW,7
HWC,7
CQW,7
CYW,8
FCW,8
WWC,8
FMW,8
HCM,8
YWW,8
CMH,8
CWN,8
NCC,8
HCC,8
WCI,8
FWW,8
MWW,8
CWR,8
WMW,8
CWT,8
WQC,9
WMY,9
WYC,9
MNC,9
CCK,9
WWI,9
MYC,9
WHC,9
CWM,9
MCH,9
MCF,10
MCM,10
MCC,10
CMF,10
WCF,10
CWP,10
CWY,10
MMC,10
HCW,10
CFC,11
CMY,11
MWY,11
CFW,11
CHC,11
QWC,11
NCW,11
WMM,11
CCN,11
NCM,11
KWC,12
MMW,12
CQC,12
KCW,12
CNW,12
WNC,12
MCY,12
VCW,12
CWF,12
WWV,12
WWR,12
KCC,12
TCW,12
ECC,12
FCM,12
WYW,13
ECW,13
MWP,13
WFC,13
WCY,13
HMW,13
WWF,13
WPM,13
MCN,13
CKW,13
YCM,13
DCC,13
IWC,14
WTC,14
HWW,14
IWW,14
WHM,14
CNC,14
WRC,14
HMC,14
CWE,14
MFW,14
WMH,14
WCE,14
HEC,14
WWH,14
YMC,14
LWW,14
DCM,14
CQH,14
CVW,14
CCF,15
WCT,15
CKC,15
CCQ,15
QCM,15
CWI,15
CWV,15
CHM,15
CDW,15
CCH,15
CCI,15
CRW,15
CWQ,15
CCT,15
CMI,15
KCM,15
CWK,15
WWY,15
CCY,15
TCC,15
CCE,16
WCK,16
YFW,16
ICW,16
IMC,16
YMW,16
WPW,16
CYC,16
CPM,16
MHC,16
CPW,16
QMC,16
MWT,16
CMP,16
CMQ,16
MNW,16
WMI,16
PCW,16
YWC,16
CNM,16
IMW,16
QCY,16
WCS,16
WMF,16
LWC,16
CTW,16
KMW,16
CCP,16
CSW,16
MQC,16
NMC,17
TWM,17
CWL,17
HYC,17
WEC,17
CIC,17
PCC,17
WIM,17
LCW,17
MYW,17
RCW,17
MHM,17
HNC,17
WCR,17
MHW,17
FMC,17
MCT,17
HKC,17
VCC,17
PCM,17
SMW,17
PWM,18
EWW,18
CCD,18
WIC,18
CQM,18
KMC,18
SMC,18
CNH,18
WFM,18
ICC,18
WKC,18
FCC,18
MCP,18
CMK,18
CCR,18
MCQ,18
PPW,18
YCC,18
WCL,18
WSC,18
QWW,18
CWG,18
HFW,18
NWC,19
MWF,19
WNM,19
HPC,19
WNW,19
HCN,19
QMW,19
CYH,19
MWI,19
QCH,19
YCY,19
WLC,19
WCQ,19
KWH,19
FWF,19
PMW,19
WWT,19
MWQ,19
WCN,19
SWC,19
WCD,19
MWV,19
CPC,19
WIW,19
CFM,19
RCM,19
MQW,19
WYM,19
IWM,19
CHY,19
HHC,20
CCG,20
MKC,20
CDM,20
CYR,20
TWW,20
WLW,20
WWP,20
MPC,20
WQM,20
CFH,20
KWW,20
WDC,20
CWS,20
YCH,20
CAW,20
RMW,20
MWN,21
WYH,21
WFW,21
MEC,21
CLW,21
MYM,21
HSC,21
CTM,21
TCM,21
CYM,21
PWC,21
HQC,21
MSC,21
PWW,21
CHH,21
WVM,21
MRW,21
WRW,21
WWN,21
EWC,21
CNF,22
NCH,22
CMN,22
CEC,22
CEW,22
NHW,22
HKW,22
YHM,22
VWW,22
WPY,22
CCV,22
VWC,22
WSM,22
NMW,22
WGC,22
MPW,22
RWW,22
CMR,22
CCL,22
YQW,22
DHW,22
GCC,22
YWM,22
CMT,22
WWS,22
CKM,22
MRC,23
CKH,23
ICM,23
YWH,23
MWS,23
CMG,23
NWM,23
WRM,23
ACW,23
CHF,23
HWF,23
AWW,23
WWE,23
GCW,23
MIW,23
WKW,23
WAC,23
WHY,23
RWC,23
CDH,23
TMW,23
CRC,24
CQF,24
CRM,24
WKH,24
MFM,24
CFF,24
WHW,24
CIM,24
HYM,24
DQC,24
FHC,24
WFH,24
FWM,24
FWH,24
FWY,24
MMH,24
CVC,24
WCV,24
HCQ,24
TMC,24
FYC,24
HDC,24
QHW,24
MCK,24
WTW,24
WAW,24
SCW,24
FFC,24
QQC,24
NWW,24
CWA,25
QCK,25
CSM,25
PCQ,25
MTC,25
HHW,25
HWM,25
HQW,25
DCW,25
CHK,25
WWL,25
MCV,25
WWK,25
PMC,25
WNH,25
WYI,25
WHF,25
HAC,25
HCR,25
WWD,26
DMW,26
YYW,26
CGW,26
WTM,26
RCC,26
WVC,26
CMS,26
CGC,26
WQW,26
CCA,26
WMN,26
KCH,26
HYW,26
WCA,26
WAM,26
HCK,26
SHC,26
WVW,26
MWK,26
MCE,26
CHQ,26
RPC,26
WMS,26
CAC,26
WDH,26
QFC,26
YWF,26
QWM,26
FHW,27
DWW,27
ACC,27
YHW,27
WEW,27
CNR,27
MCD,27
HTW,27
DWC,27
EMW,27
FMM,27
EMC,27
WWQ,27
MVC,27
WHH,27
LMW,27
GMW,27
HMH,27
CDC,27
CMA,27
HWR,27
CHR,27
QWN,27
WMV,27
YCK,27
TWC,27
CWD,27
WFY,27
WCP,27
MFC,27
WMT,27
HRC,28
QHC,28
AWC,28
PCY,28
CVH,28
KCY,28
CKF,28
HTC,28
IWY,28
WMQ,28
QWP,28
HWK,28
NMH,28
CNY,28
MYY,28
HWN,28
CIF,28
CIH,28
MTW,28
MSW,28
QMH,28
MMY,28
YMM,28
PCH,28
RMC,28
MMF,28
VCM,28
NMM,29
ECM,29
HWQ,29
SWM,29
GWC,29
CRH,29
WHN,29
QFW,29
MCR,29
FYW,29
YIW,29
RCH,29
WIF,29
MFF,29
LMC,29
CDQ,29
MWA,29
CYN,29
LCC,29
WWA,29
MWG,29
WMP,29
CTC,29
MCI,29
WHQ,29
CNK,29
WHR,29
HEW,29
NWH,29
VMW,29
WPP,29
HCY,29
CYY,30
QWH,30
NWF,30
HWE,30
CME,30
QWY,30
YCQ,30
DMC,30
MKW,30
MCS,30
FCY,30
HGC,30
KFW,30
QCQ,30
KHC,30
CYF,30
CEH,30
HIW,30
FMY,30
EHC,30
CYQ,30
WHI,30
RQC,30
CFY,30
HQM,30
KWM,30
CHN,30
WFQ,30
FWP,30
PQC,30
MDC,31
NCK,31
CLC,31
CEM,31
CNN,31
HCF,31
PHW,31
QCE,31
YNC,31
YPC,31
WTH,31
HRW,31
MQM,31
WGM,31
SCM,31
FNC,31
PCN,31
QNC,31
HNM,31
CKY,31
HMM,31
MYH,31
PHC,31
WYP,31
MWR,31
HCD,31
IWF,32
QCT,32
CTY,32
QCD,32
VWM,32
CFQ,32
WDM,32
WQH,32
WPF,32
CMV,32
WDW,32
IFW,32
MWD,32
FQC,32
DCQ,32
WPH,32
FMH,32
NHM,32
QCN,32
WFI,32
RHW,32
CSH,32
WKM,32
WSW,32
IWH,32
QDC,32
CLM,32
LWM,32
WME,32
HSW,32
WHD,32
CFP,33
THC,33
YQC,33
MWL,33
MNM,33
MAC,33
NHC,33
HCT,33
PWY,33
FCN,33
PCE,33
MWE,33
HCI,33
LCM,33
HWY,33
NQC,33
GMC,33
MLC,33
MCL,33
WQY,33
FMF,33
EWH,33
CVM,33
NCQ,33
YYM,33
FCF,33
ICH,33
FIW,34
THM,34
HCH,34
RCN,34
FPC,34
KCQ,34
FKC,34
DPC,34
QCR,34
MCA,34
HVC,34
WHE,34
HWT,34
CFK,34
YCF,34
WGW,34
WMD,34
TQC,34
VMC,34
RWM,34
HNW,34
WLM,34
MIM,34
NEC,34
MGC,34
HIM,34
CAM,34
WQF,34
CSC,34
VHW,34
ECH,34
AWM,35
CHV,35
CQY,35
CPQ,35
CGM,35
RWY,35
WFF,35
WML,35
CMD,35
HWV,35
FFW,35
MEW,35
VQW,35
CTQ,35
IMY,35
MHQ,35
WVH,35
DCY,35
IYW,35
CQI,35
FCH,35
WWG,35
PWH,35
CHI,35
YHC,35
KFC,35
HCE,35
KCN,35
WYF,35
IMM,35
RHC,35
CQP,35
RWH,35
NYW,35
HWG,36
YMI,36
YMF,36
WYT,36
PRC,36
HKM,36
WEM,36
MFH,36
CQN,36
FKW,36
YWV,36
KMH,36
LWH,36
CIQ,36
HFC,36
SWW,36
MYI,36
ACM,36
MMP,36
KHW,36
HMY,36
PCR,36
CEY,36
MHY,36
WIY,36
THW,36
SCC,36
MCG,36
TCF,36
SCN,36
GWM,36
FQW,36
KWP,36
IQW,37
CHE,37
ECQ,37
AMC,37
CIY,37
KPC,37
WHS,37
CYV,37
QPC,37
MIC,37
IHW,37
WHK,37
HWH,37
CAH,37
RKC,37
NKW,37
WMR,37
MHI,37
SFC,37
CNQ,37
WKY,37
CDN,37
MPM,37
DWH,37
WEH,37
MMM,38
FYM,38
FFM,38
FHM,38
CYK,38
HHK,38
MHN,38
KYC,38
CHP,38
WHV,38
TYC,38
QTC,38
ICF,38
HLC,38
WMK,38
IFC,38
WPN,38
DHC,38
HWP,38
YPW,38
EQC,38
MHF,38
CPH,38
MAW,38
CAY,38
YWQ,38
DCH,39
WNY,39
YKC,39
WIH,39
FPW,39
RYC,39
MRM,39
CKR,39
MDW,39
QMM,39
NCR,39
WVY,39
SCY,39
CKQ,39
CYE,39
NYC,39
WYS,39
PFC,39
RCY,39
ECN,39
HCP,39
HTM,39
IRW,39
WFR,39
HWI,39
VYW,39
DWM,39
GCM,39
MHK,39
FCT,39
TEC,39
MQY,39
MQH,39
CSY,40
HPW,40
SHW,40
FCP,40
WGH,40
NDC,40
DCN,40
KQC,40
TYW,40
IHC,40
IWR,40
CYI,40
QYC,40
FWI,40
IHM,40
HFM,40
HIC,40
YYC,40
EWM,40
CPF,40
QHH,40
NPC,40
WPI,40
CCS,40
DHN,40
FCI,40
WHA,40
YMQ,40
HWA,40
CFI,40
TPC,40
FRW,40
HNH,40
RCQ,40
GWW,40
YFC,40
NKC,40
HMF,41
HHY,41
AMW,41
CFT,41
WYY,41
MHP,41
YCT,41
PCD,41
WMG,41
WYV,41
HMQ,41
FNW,41
FWQ,41
HVW,41
MFQ,41
YWY,41
YMY,41
ICQ,41
KCR,41
HLW,41
FWV,41
PMH,41
CML,41
IWQ,41
CLH,41
NQW,41
WFN,41
MFY,41
YMH,42
FCV,42
CVQ,42
QKC,42
MVH,42
HHQ,42
QSC,42
IQC,42
PDC,42
FCQ,42
IMF,42
NTC,42
CNA,42
KWQ,42
CHT,42
CEF,42
WNQ,42
CQT,42
CYP,42
IMH,42
TMH,42
PMQ,42
MMI,42
FEC,42
NFC,42
PHM,43
WPK,43
PYC,43
MLW,43
QCF,43
TCN,43
TCY,43
DMH,43
MNH,43
WYQ,43
CVY,43
WNF,43
CRQ,43
MVW,43
HYH,43
RWN,43
TCQ,43
WRY,43
RCK,43
NCE,43
WPR,43
IWK,43
WRH,43
GCH,43
CND,43
CHS,43
CIP,43
ECY,43
CEQ,43
WHT,44
WIQ,44
MMQ,44
IYC,44
RWP,44
NQM,44
TWH,44
HWD,44
QWT,44
NCN,44
HHN,44
DWY,44
HAW,44
YCN,44
CQD,44
YNH,44
TMM,44
HRM,44
QYM,44
YCV,44
NMQ,44
QCI,44
QYW,44
QNH,44
HCS,44
VWY,44
YIM,44
NCF,45
QCS,45
RTC,45
PCV,45
QHM,45
YWS,45
TRC,45
IKC,45
HDM,45
PQW,45
WQN,45
CRY,45
WHG,45
FRC,45
FWT,45
ACY,45
PCF,45
CQK,45
YCI,45
MRH,45
ECT,45
QRC,45
NWY,45
QNW,45
NNC,45
MQF,45
QMF,45
PMY,45
WYN,45
WMA,45
QWE,46
IWP,46
TWF,46
WKF,46
VWF,46
YQM,46
NHH,46
YRC,46
CTF,46
FCR,46
KCT,46
IWI,46
CFR,46
HWS,46
PTC,46
KCK,46
WFP,46
SQC,46
FMN,46
YTW,46
QMY,46
YWT,46
YCE,46
YFM,46
CQR,46
WFS,46
MIH,46
WVF,46
CQQ,47
MYF,47
WQP,47
TKC,47
CFN,47
RCF,47
MHS,47
HKQ,47
GHC,47
KHM,47
CDF,47
VWH,47
CYT,47
YIC,47
YDC,47
FCD,47
QCP,47
QFM,47
WLF,47
MHD,47
CTN,47
QIC,47
HKH,47
CNP,47
VCH,47
YKW,47
PCP,47
NIC,47
YWP,47
CPN,48
PWF,48
QCA,48
CHD,48
WPQ,48
CVI,48
CRF,48
KRC,48
FQM,48
PIW,48
HRH,48
WQI,48
PPC,48
YNM,48
QMN,48
HCA,48
CYD,48
MHV,48
PFW,48
ICY,48
SMH,48
NFW,48
TFC,48
VHC,48
RMH,48
DYC,48
LCH,49
FHH,49
WQK,49
DHM,49
MYQ,49
HQY,49
DCK,49
QWF,49
WEY,49
VQC,49
EPC,49
PCI,49
TKW,49
VMY,49
YRW,49
CSF,49
CTH,49
MME,49
HQH,49
QIW,49
KMM,49
PQM,49
CTI,49
MSM,50
CRP,50
CIT,50
NCY,50
CTK,50
WHP,50
MRY,50
CTR,50
DNC,50
FVW,50
YEW,50
PMM,50
HDW,50
NFM,50
QEC,50
SWH,50
YLW,50
CKI,50
YEC,50
CLY,50
YCR,50
PKW,50
VCY,50
FKM,50
WYA,50
KWF,50
LCF,50
NRC,51
EMH,51
IIW,51
HQN,51
TCH,51
YNW,51
RSC,51
CHL,51
SWF,51
CEP,51
DCF,51
GHW,51
CQA,51
CQS,51
YCP,51
WFE,51
WYR,51
PCK,51
QYH,51
YWR,51
RMY,51
YWE,51
EHW,51
PKC,51
YVC,51
YWN,51
YWI,51
CGH,51
ECF,51
CKP,52
NSC,52
WII,52
VFW,52
QVC,52
CDT,52
FWN,52
GCF,52
VIW,52
YRM,52
NCT,52
CPR,52
SPC,52
WAY,52
CRN,52
KWY,52
YTC,52
GWH,52
KCI,52
MMR,52
WSF,52
YWA,52
CYA,52
FMI,53
RMM,53
WEF,53
QRW,53
WFK,53
CYG,53
YHN,53
MQP,53
SYW,53
KWR,53
SRC,53
QMQ,53
SCH,53
WFT,53
EFW,53
HPM,53
TQW,53
LWF,53
YYH,53
DKC,53
RHM,53
PCT,53
FPM,53
TRW,53
MKH,53
NWN,53
MDM,53
CKD,53
RFW,53
QGC,53
MTH,53
PNC,53
KCA,53
DFC,53
CNI,53
WCG,53
HCG,53
QHN,53
NVC,53
CFG,54
QMP,54
SYC,54
PNW,54
QWK,54
RFC,54
QNM,54
WTI,54
FTC,54
YDW,54
NIW,54
MYK,54
HNY,54
LWY,54
YCA,54
ECD,54
EYC,54
PYW,54
RNW,54
WPS,54
TCI,54
CKN,54
EYW,54
SFW,54
CKT,54
CYS,54
CVF,54
MFV,55
WKI,55
WRF,55
NYM,55
PWR,55
MHR,55
LHW,55
MDH,55
CAF,55
AWY,55
QQH,55
RMF,55
NMY,55
NQH,55
MMV,55
MMT,55
FMQ,55
MYT,55
KCF,55
ECI,55
AKC,55
QHK,55
EHM,55
RCP,55
KNC,55
VHM,56
YSC,56
CNV,56
ECK,56
CSI,56
FRM,56
NWP,56
IYM,56
WYD,56
FIC,56
CQV,56
HHF,56
CYL,56
SNC,56
SMM,56
CDY,56
FCK,56
TWY,56
MTM,56
HEH,56
QWQ,56
MEM,56
CES,56
MVM,56
EMM,56
CDP,56
IWT,56
CPY,56
HSM,56
MMN,56
CFD,56
MYR,56
WIP,56
WSQ,56
MQN,56
NNM,56
PPM,56
SDC,56
APC,56
IFM,56
HDQ,56
CII,56
YAC,57
RNM,57
CIK,57
CNE,57
QWD,57
CHA,57
SCF,57
FLW,57
KCS,57
MYN,57
QMD,57
RCT,57
PWI,57
RYW,57
YVW,57
PCA,57
IPC,57
WLH,57
MGW,57
PWP,57
WSY,57
NCP,57
LHC,57
HEM,57
FCL,57
WTQ,57
RIW,57
YMN,57
YMS,58
KQW,58
CVT,58
QTW,58
DCE,58
RHK,58
WFD,58
PWN,58
FWS,58
QPW,58
NHR,58
ACH,58
MIF,58
FFH,58
TYM,58
QDH,58
VMM,58
CAN,58
NMN,58
HGW,58
MPH,58
IRC,58
CNS,58
MMD,58
EWP,58
CIE,58
EFC,58
HQF,58
YWD,58
DMM,58
WSH,58
TCK,58
RWS,58
RMQ,58
IEC,58
TWI,58
KMQ,58
YHH,58
GCY,58
TFW,58
ICP,58
NCA,58
CSQ,58
WVQ,58
WLY,58
RNC,58
PIC,58
IPW,58
WRI,58
FQH,58
NWI,58
WPV,58
FWE,59
SKC,59
RCD,59
YHQ,59
IWV,59
PCL,59
INC,59
HQP,59
WHL,59
QSW,59
FTW,59
CFE,59
CEG,59
PWK,59
CQE,59
CPP,59
VCQ,59
TMY,59
NCS,59
TMF,59
WYG,59
RRC,59
ECS,59
ICR,59
DCD,59
YCS,59
SIW,59
GCN,59
FSW,59
WTF,59
SWY,59
FSC,59
QPH,59
LFC,59
CIR,59
WAH,59
CTE,59
RFM,59
YPM,60
CFV,60
TNW,60
NMF,60
HVM,60
WRR,60
CRS,60
NTW,60
PMR,60
CRG,60
HMI,60
GNC,60
IVW,60
ICN,60
ICK,60
ECP,60
TIW,60
TDC,60
KYW,60
AYC,60
REC,60
QHY,60
NHY,60
NFH,60
WFL,60
CTP,60
LFW,60
HNQ,60
HCV,60
NNH,60
RIC,60
VCF,60
IQM,60
MIY,60
CSK,60
ILW,60
PVC,60
FIM,60
LYC,60
VNC,61
KFM,61
WNT,61
SCI,61
PSC,61
CKV,61
WDF,61
CNT,61
EYH,61
WTN,61
HWL,61
DRC,61
NCD,61
YMP,61
QWS,61
NRW,61
PWQ,61
MHT,61
HMP,61
SEC,61
QDW,61
RWQ,61
VWP,61
RWK,61
SMY,61
QWG,61
CRT,61
HHR,61
VCI,61
CLF,61
AHW,61
CLN,61
AWF,62
WEP,62
ITC,62
QKW,62
YHK,62
EWQ,62
AQC,62
HNN,62
PKM,62
NWQ,62
HNS,62
MEH,62
CGQ,62
SCR,62
YCL,62
QCV,62
PRW,62
PEC,62
WGF,62
FNM,62
FWR,62
WNR,62
HSH,62
RCE,62
RQW,62
YCD,62
YTM,62
WSN,62
WQD,62
DDC,62
CDD,63
FGW,63
KCP,63
SNW,63
YFH,63
CET,63
HQQ,63
DHH,63
MYP,63
HEP,63
FGC,63
CHG,63
RHH,63
WYE,63
WFA,63
QQW,63
EWN,63
PMN,63
LMM,63
DCP,63
RWF,63
RKW,63
TQM,63
PCS,63
YHY,63
WDY,63
SQW,63
CPK,63
MMS,63
SCQ,63
CKS,63
DPW,63
PYM,63
WIV,63
NDW,63
VMH,63
CSP,64
CSR,64
QHR,64
LCN,64
WVI,64
QWR,64
KWS,64
RDC,64
WSI,64
CPD,64
FNH,64
CNL,64
MYD,64
WDQ,64
PRM,64
SWP,64
NWR,64
FAC,64
GCK,64
QWA,64
HHI,64
WFV,64
DQH,64
RCI,64
SCV,64
FAW,64
WTR,64
CAQ,64
LHM,64
CRI,64
MLM,64
PWD,64
HEY,64
YWK,64
EPW,64
HYN,64
VYM,64
MFR,64
WKQ,65
MFN,65
KHQ,65
QHQ,65
RWT,65
NHN,65
YQH,65
NHK,65
SQH,65
LIW,65
EWY,65
VKC,65
FCE,65
GCQ,65
RPM,65
NCI,65
NNW,65
NYH,65
TTC,65
QVW,65
CFS,65
FCS,65
ICV,65
DSC,65
RCR,65
SPW,65
MHG,65
CTD,65
DHK,65
HHT,65
HKY,65
FMP,65
AHC,65
DQM,65
YSM,65
RVC,65
WYK,65
HCL,65
MYV,65
KDC,65
NRM,66
TWN,66
PNH,66
GWF,66
QWI,66
TTW,66
HQI,66
AWH,66
WGQ,66
SYM,66
IWS,66
EHQ,66
LQW,66
CEN,66
DMQ,66
MFI,66
TQH,66
YMV,66
TVC,66
RWE,66
VPC,66
MLH,66
WRQ,66
NRH,66
WQS,66
KCE,66
MKM,66
CPS,66
YLC,66
KCD,66
KWK,66
WQR,66
CFL,66
NHQ,66
MPY,66
EWF,66
AYW,66
DQW,67
KKC,67
ECE,67
HKS,67
WYL,67
IEW,67
KTC,67
THH,67
WRP,67
RMN,67
FDC,67
GYC,67
LYW,67
YKM,67
FFF,67
SWQ,67
YGW,67
DYW,67
WST,67
DCR,67
MMK,67
DWQ,67
VMF,67
ACF,67
IIC,67
CAI,67
FKH,67
RGC,67
CVK,67
WRT,67
VCN,68
NLC,68
NWS,68
TCD,68
NMR,68
GDC,68
MFP,68
CPL,68
LQC,68
KEC,68
IKW,68
CTT,68
HYY,68
HNT,68
WVN,68
DEC,68
CGY,68
KCV,68
ETC,68
TWP,68
VFC,68
CAP,68
PAC,68
VYC,68
ANC,68
CRK,68
VPW,68
WIR,69
PTW,69
YAW,69
CVR,69
GQC,69
WAQ,69
CDR,69
FEW,69
DCI,69
YVM,69
CIS,69
SIC,69
WEI,69
NLW,69
PWE,69
WNL,69
PWS,69
RYM,69
WTY,69
TNC,69
ACN,69
YMR,69
FWK,69
FWL,69
YGC,69
WGY,69
MML,69
ECG,69
HNR,69
KWG,69
HYQ,69
MPQ,69
YHP,70
QHE,70
MHA,70
QLC,70
NCV,70
FWG,70
GKC,70
VFM,70
CPI,70
FCG,70
HMR,70
SKW,70
MHE,70
CIN,70
WRN,70
KMY,70
QAC,70
LCY,70
IWA,70
GCR,70
MMG,70
CRR,70
WIS,70
QTM,70
YEM,70
LMY,70
LWI,70
DNW,70
CGF,70
ICT,70
NGC,70
IWN,70
YSW,70
WKP,70
PHQ,70
CSN,70
HAM,71
WNV,71
MNQ,71
WFG,71
YKH,71
GMM,71
HMN,71
WNP,71
KHR,71
DHQ,71
CIV,71
HFH,71
HFQ,71
CKK,71
CKE,71
FHY,71
FHF,71
GIW,71
TEW,71
MSY,71
KCG,71
QDM,71
EIW,71
MQI,71
CER,71
KWT,71
HRQ,71
INW,71
YDM,71
SCD,71
QCL,71
DCT,71
WEQ,71
MFK,71
WRK,71
HRK,71
KHH,72
ISC,72
WDN,72
WPT,72
RCS,72
CDK,72
LWP,72
DIW,72
HQD,72
HKN,72
LKC,72
RNH,72
PHH,72
SVC,72
TNM,72
YME,72
RPW,72
HPH,72
NAC,72
HNF,72
HNK,72
AKW,72
CID,72
CIL,72
MSH,72
WNI,72
WNN,72
TWQ,72
WQT,72
AHM,72
TCE,72
VMQ,72
TIC,72
QPM,72
PHE,72
QFH,72
WKT,72
YHT,72
HRY,72
WAF,72
KIC,72
HIF,72
CPT,73
ICI,73
SHK,73
HNE,73
CKL,73
YMT,73
DWF,73
ACQ,73
MHL,73
HYE,73
HYK,73
CQG,73
HIH,73
YHV,73
MNF,73
NVW,73
MIQ,73
MDQ,73
MYS,73
AFW,73
QFQ,73
QEW,73
WQQ,73
MFL,73
YEH,73
YWL,73
NWE,73
CDS,73
STC,73
QCG,73
MPN,73
HKP,73
KYM,73
MKY,74
WQV,74
PWT,74
EWD,74
DTC,74
MYE,74
FQY,74
SCE,74
HKF,74
HQS,74
SQM,74
CTL,74
RSW,74
PLW,74
YMD,74
NEH,74
CSD,74
WNA,74
HHD,74
SWR,74
WRS,74
KHY,74
HDH,74
HFY,74
CNG,74
LYM,74
WVP,74
PKH,74
PHN,74
CKG,75
MPP,75
GPC,75
QRH,75
INM,75
IFH,75
FFY,75
RWD,75
QKM,75
ENC,75
GMH,75
FHQ,75
NDH,75
RMP,75
MII,75
LMH,75
CAS,75
TCV,75
WSR,75
YML,75
HDY,75
DWP,75
FYH,75
HTH,75
TFM,75
QIH,75
WVV,75
YPH,75
WNK,75
HQE,75
ESC,75
NTH,75
WKN,75
LNC,75
CVP,75
FHK,75
PIM,75
KWI,75
HND,76
QMS,76
QMR,76
GWY,76
CAR,76
SCK,76
RWI,76
HHP,76
CGR,76
FWD,76
MPR,76
MDN,76
GIC,76
TMN,76
NMD,76
QMT,76
TWR,76
KPW,76
KRW,76
HYP,76
HKK,76
PFH,76
CVN,76
HKR,76
IMI,76
SCT,76
LCI,76
WAV,76
MPT,76
MQD,76
WTP,76
KYH,76
FPH,76
PYH,76
PMF,76
QHS,77
DNH,77
KGC,77
YHE,77
NPW,77
WKV,77
HTQ,77
QIM,77
WTK,77
GFC,77
DKW,77
SFM,77
NCG,77
FVM,77
QGW,77
YWG,77
NDM,77
RTW,77
TPW,77
KVC,77
DMY,77
KWV,77
MNY,77
QME,77
QWV,77
QQM,77
DWN,77
NWT,77
SNM,77
IWE,77
RQH,77
CVD,77
WIL,77
KWD,78
CDE,78
WDP,78
WKR,78
WSP,78
QHT,78
HPY,78
KHD,78
VEC,78
KIW,78
CRD,78
FMT,78
NMS,78
NPM,78
VHH,78
IWG,78
TSW,78
IRM,78
ACI,78
KVW,78
SWV,78
MGM,78
ENW,78
WPD,78
PNM,78
WIK,78
HPP,78
FHN,79
PFM,79
WAN,79
TMQ,79
PHR,79
YSH,79
ARC,79
THY,79
KQM,79
QHD,79
YQY,79
WED,79
PMK,79
GEC,79
SEW,79
AWP,79
HQR,79
FTM,79
CAK,79
THQ,79
WDI,79
HQK,79
HFR,79
DRW,79
AFC,79
CLP,79
MQQ,79
HDK,79
YTH,79
SHQ,79
HRN,79
KWN,79
CED,79
QMK,79
YCG,79
QPY,79
WGI,80
FLC,80
TNH,80
WDK,80
KNH,80
HLM,80
HHV,80
WNE,80
ACP,80
EHN,80
DCV,80
WIT,80
PMP,80
RHQ,80
KSC,80
NWK,80
CTA,80
PLC,80
FWA,80
ITW,80
AIW,80
MQS,80
MAM,80
CQL,80
CTS,80
CPE,80
MPF,80
WGP,80
MVY,80
KPH,80
VCP,80
CFA,80
FHI,80
ECR,81
NKM,81
EPM,81
PWG,81
PWV,81
IYH,81
PHK,81
FHR,81
NTM,81
SHY,81
MFS,81
FMR,81
CPV,81
MTY,81
WAI,81
KHT,81
IMQ,81
HTN,81
RHT,81
WRV,81
QVH,81
THN,81
SRW,81
GCP,81
CRE,81
PGC,81
TCL,81
YGM,81
NWV,81
HQT,81
NME,81
CST,81
WQE,81
RWR,81
VRC,81
PIH,81
TCG,81
MRQ,82
MEY,82
WTS,82
MQV,82
MKF,82
HYS,82
WPE,82
GFW,82
YDH,82
RWV,82
WAT,82
DYM,82
YMG,82
SWE,82
CLI,82
RCV,82
FDW,82
NWA,82
MNK,82
TCR,82
VTW,82
WEV,82
NMP,82
LCT,82
IMN,82
CAT,82
YHF,82
HRP,83
SYH,83
IHI,83
ICS,83
MRN,83
VRW,83
DMF,83
MMA,83
IHY,83
RVW,83
KRH,83
VCK,83
SNH,83
NHT,83
VNW,83
FMS,83
HTY,83
HME,83
TKH,83
DWT,83
NSW,83
WVS,83
QEH,83
KMP,83
RCA,83
LPC,83
VWQ,83
FTH,83
SWN,83
CSE,83
QSH,83
VWK,83
NKH,83
KCL,83
WLQ,84
KSW,84
TSC,84
WVT,84
QLW,84
GQW,84
FCA,84
WDR,84
GQM,84
YFF,84
EMP,84
NHV,84
SMN,84
HHA,84
HEQ,84
QKH,84
ERC,84
GCI,84
VWR,84
FRH,84
IWD,84
EIC,84
PMT,84
QYQ,84
TCT,84
WET,84
PMS,84
HYI,84
AWI,84
FHS,84
PCG,84
WGR,84
KPM,84
PWA,84
TMP,84
IGW,84
MEF,84
SCP,84
KMF,85
HDR,85
EQW,85
TIM,85
HVQ,85
RPH,85
RMD,85
FMG,85
KSM,85
PME,85
EDC,85
MFT,85
MTF,85
FMV,85
NSH,85
TMS,85
YHR,85
LNW,85
NMI,85
PHY,85
GWP,85
WER,85
MQT,85
CGN,85
TWV,85
VQM,85
WQL,85
VDC,85
QRM,85
HIQ,85
NEW,85
HMD,86
LKW,86
HFN,86
PHD,86
CVS,86
DTW,86
LWV,86
LEC,86
WSV,86
APW,86
MQL,86
WQG,86
WTT,86
IVC,86
DNM,86
VWI,86
YTQ,86
TWG,86
IIM,86
SWI,86
TCP,86
PTM,86
PYQ,86
VTC,86
FVC,86
PSW,86
SCA,86
DFM,86
TRM,86
DMS,87
WPG,87
LFM,87
NGW,87
EWE,87
WTL,87
ICA,87
CKA,87
CLQ,87
IHN,87
KMN,87
ACK,87
VWN,87
CEK,87
CEI,87
SMQ,87
WEN,87
RRW,87
AMH,87
CRA,87
HVY,87
ISW,87
YHI,87
DPM,87
EKC,88
HYF,88
EMY,88
GYW,88
WSK,88
WTE,88
PRH,88
HYR,88
HSY,88
GPW,88
WSS,88
HVH,88
HGQ,88
KKW,88
KFH,88
KMR,88
NMK,88
IQY,88
WEL,88
TYH,88
LCP,88
AEC,88
NCL,88
KWA,88
MYA,88
EWS,88
MYL,88
RHN,89
RYH,89
TVW,89
TTM,89
VSC,89
NWD,89
NHI,89
GHQ,89
CGK,89
TCS,89
SSC,89
GMQ,89
DDW,89
WIN,89
HDN,89
LCQ,89
WND,89
MPI,89
FQF,89
LCK,89
PQH,89
QYN,89
GWI,89
ACT,89
LMF,89
RHE,89
WNS,89
RHD,89
DVC,90
EWR,90
TWK,90
MDF,90
ECA,90
QNQ,90
FSM,90
QYT,90
DMN,90
NWL,90
QNY,90
FEM,90
SPM,90
RCG,90
HAH,90
NHS,90
KMD,90
VKW,90
SKH,90
IWL,90
SLC,90
FAM,90
NMT,90
WLI,90
QMI,90
VCT,90
YAH,90
YRH,90
HFP,90
YMK,91
FYY,91
HYV,91
HYT,91
CGI,91
ECV,91
DGC,91
QMV,91
YVH,91
GMY,91
LIM,91
WPL,91
CAE,91
MNN,91
WAP,91
HIY,91
KHK,91
CEE,91
GPM,91
NIM,91
QHP,91
YQF,91
AYM,91
LRW,91
VCD,91
MIN,91
YHS,91
TCA,92
AIC,92
PWL,92
PHF,92
KQH,92
WKA,92
CLT,92
IKM,92
VEW,92
YYQ,92
ITM,92
IAW,92
HTR,92
SRM,92
YHA,92
CDA,92
TWA,92
MVF,92
NHG,92
LWT,92
VIC,92
FMK,92
RNQ,92
SAC,92
PMD,92
ESW,92
PAW,92
TMI,92
KHE,92
EMQ,92
ERW,93
RHY,93
RAC,93
CVE,93
AWQ,93
VCR,93
LWN,93
TMR,93
VCE,93
HKT,93
NSM,93
HGM,93
MLY,93
QDN,93
FLM,93
MYG,93
VWT,93
STW,93
MNR,93
CPA,93
PDW,93
HTP,93
CIA,93
RCL,93
DIC,93
AQW,93
YIH,93
PPH,93
DAC,93
WID,93
MFG,93
CEV,93
CRV,93
ETW,93
GYM,94
KWE,94
EDW,94
MRF,94
QYD,94
FDM,94
RMS,94
YFY,94
SHN,94
HTK,94
NEM,94
MQG,94
NHA,94
APM,94
WGD,94
CTV,94
TAC,94
CDG,94
EHE,94
MSF,94
DCG,94
LIC,94
QQY,94
RWG,94
PRQ,94
FIH,94
FHT,94
DKM,94
YHD,94
DMR,94
HDT,94
DMP,95
HAN,95
HVN,95
RKH,95
HFT,95
FML,95
NHD,95
FYF,95
CRL,95
KNM,95
QVM,95
GWQ,95
TWT,95
GCE,95
NVH,95
PTH,95
RMT,95
FAH,95
QHV,95
WDS,95
ICD,95
WGN,95
KLC,95
ICE,95
DKH,95
SVW,95
EPH,95
RDW,95
KTW,95
LRC,95
RFH,95
PVW,95
VNM,95
HRT,95
MTN,95
DCA,95
QTH,96
HFF,96
HMK,96
MIP,96
KDW,96
EQH,96
QTY,96
VGC,96
TKM,96
PHS,96
VQH,96
TWS,96
SLW,96
QHF,96
CAD,96
PMI,96
CEA,96
CGP,96
IMT,96
CDI,96
QYY,96
KTH,97
EWT,97
YAM,97
RTM,97
WVR,97
EYM,97
PSM,97
MRT,97
WVL,97
FPY,97
WRG,97
WRD,97
NQN,97
MAY,97
ANW,97
FMD,97
LWQ,97
IHQ,97
NHF,97
HNP,97
AMY,97
HRR,97
VCV,97
PQY,97
VCS,97
SMF,97
KHN,97
MLF,97
NAW,98
MNS,98
QYF,98
HPI,98
WKS,98
SKM,98
EMN,98
MIR,98
AMM,98
WTG,98
PQQ,98
IDC,98
WTD,98
WRL,98
QQD,98
RMK,98
DWS,98
ADC,98
GCS,98
KFQ,98
HES,98
NHE,98
EHK,98
WKG,99
RRH,99
WTA,99
AMF,99
QFY,99
MIT,99
MVI,99
YPY,99
RMI,99
DWK,99
RSM,99
HGH,99
YKR,99
QIY,99
ARW,99
GMF,99
IMP,99
DHR,99
RLW,99
DHD,99
VHY,99
RKM,99
QYE,99
VHQ,99
TLC,99
DEW,99
VWV,99
LTW,100
KMS,100
WAS,100
WIA,100
IHF,100
ATW,100
EVC,100
MGQ,100
KNW,100
KSH,100
IDW,100
HSR,100
WLP,100
DSM,100
WSD,100
MSP,100
FIY,100
LPW,100
EHS,100
NQY,100
MVP,100
FHD,100
IGC,100
YGH,100
SCL,100
HKD,100
HTT,100
MNI,100
EMF,101
KTM,101
REW,101
HDS,101
ACV,101
RQY,101
DRH,101
QMG,101
CGE,101
DRM,101
GRC,101
IMS,101
QDQ,101
WGK,101
HSN,101
NWG,101
PHT,101
DWR,101
SWD,101
SWK,101
HYD,101
RHR,101
LWR,101
VHN,101
FFQ,101
HNA,102
YNF,102
MDY,102
HIN,102
HMV,102
VVW,102
ILC,102
KRM,102
ATC,102
EFH,102
VWG,102
IPM,102
MVQ,102
WVG,102
TDW,102
VYH,102
RAW,102
MSQ,102
TSM,102
NMG,102
DYH,102
YKY,102
IQH,102
TWE,102
QQN,102
QFF,102
SWA,102
RWA,103
DHF,103
CSV,103
GHN,103
QNF,103
WKD,103
DTM,103
DHT,103
WPA,103
HEF,103
MQR,103
RIH,103
QHA,103
DQN,103
QHG,103
WES,103
ICG,103
KHP,103
THR,103
MQE,103
RQM,103
MKP,103
DDM,103
FPF,103
MNV,103
VHK,103
THK,103
YKF,104
IMR,104
HFK,104
GKW,104
PQK,104
QEM,104
DWG,104
WVE,104
HRF,104
CPG,104
YFI,104
LEW,104
HET,104
SGC,104
NPH,104
EEC,104
MRS,104
CLS,104
PGW,104
KHS,104
HDF,104
MRI,104
QPQ,105
CIG,105
WIG,105
ENM,105
DTH,105
YYI,105
RIM,105
CLR,105
MNG,105
EGC,105
YYY,105
PEW,105
HSF,105
RLC,105
MDP,105
TLW,105
MNT,105
AYH,105
MGN,105
SMR,106
HED,106
ENH,106
IVM,106
EDH,106
KMT,106
QQF,106
EWK,106
HSK,106
PMG,106
SAW,106
HAY,106
QRN,106
HRS,106
MGY,106
TMV,106
DSW,107
FEH,107
SPH,107
YIY,107
CGD,107
HKE,107
DPH,107
GNW,107
KAC,107
TDM,107
MSN,107
HKI,107
DCS,107
KEW,107
TTH,107
MQK,107
VSW,107
IMV,107
MND,107
NFY,107
IHK,107
AWN,107
DLW,107
YLM,107
STH,108
VCL,108
QIF,108
WKK,108
YQP,108
RMR,108
PSH,108
MFE,108
MFD,108
KDM,108
WRE,108
FNY,108
HSQ,108
LTC,108
RHS,108
SWS,108
SIM,108
DHE,108
LWK,108
HFI,108
ACD,108
DWI,108
ISM,108
WDG,108
HPR,108
AWT,108
PQN,108
QYK,108
MTQ,108
RSH,108
WIE,109
MRP,109
DSH,109
HAQ,109
MDT,109
GHY,109
GQH,109
TGC,109
FHA,109
MGH,109
YMA,109
TAW,109
KGW,109
SDM,109
NMA,109
LDC,109
GGC,109
EQM,109
WDD,109
YPP,109
GWK,109
DDH,109
GTC,109
YSQ,110
IPH,110
WAD,110
MEP,110
GNM,110
YDQ,110
EHY,110
MDS,110
TEM,110
QPR,110
TWL,110
THF,110
HPF,110
HML,110
QMA,110
VMN,110
QNR,110
GCT,110
HMS,110
YRY,110
INH,110
SSW,110
AFM,110
WSE,110
QFP,110
NQF,110
VWD,110
IFY,110
QHI,110
ANH,111
RQN,111
HYG,111
DFW,111
WVK,111
EKW,111
VLW,111
DWA,111
DWD,111
VNH,111
CGT,111
VRM,111
EWG,111
DMD,111
MDR,111
MFA,111
FRY,111
LSC,111
TDH,111
AHY,111
CVV,111
WDT,111
SWT,111
MKQ,111
LCV,111
TQY,111
AVW,111
NHP,111
FHE,111
QPN,112
KAW,112
EWI,112
RFQ,112
CLK,112
HTF,112
ICL,112
FYI,112
YPQ,112
FKF,112
FMA,112
CVG,112
MNP,112
LWS,112
MPD,112
ESH,112
VDW,112
FKY,112
TYF,112
YNQ,112
HSP,112
HTD,112
FME,112
MPK,113
WGT,113
NQQ,113
WTV,113
IML,113
HFE,113
MSR,113
QFN,113
FQQ,113
YNY,113
QFR,113
QAW,113
HTS,113
NIH,113
HNV,113
GCA,113
LVW,113
SFH,113
SHD,113
GIM,113
EWV,113
WEA,113
YQR,113
ECL,113
YYT,113
HTE,113
WRA,113
FNF,113
CVL,114
AHN,114
MIV,114
RHF,114
QWL,114
TMK,114
WGV,114
CTG,114
AWV,114
PNQ,114
HSE,114
KME,114
YQQ,114
TWD,114
KDH,114
AFH,114
FHP,114
PMV,114
SDW,114
HPK,114
TQN,115
QNN,115
VPH,115
QYP,115
WEE,115
HNG,115
THS,115
TFH,115
CSL,115
VMI,115
WSL,115
RGW,115
CAV,115
PRY,115
YIF,115
QRK,115
QEP,115
PIQ,115
CLE,115
NMV,115
KYQ,115
SCG,115
TRH,115
DWE,116
WQA,116
ASW,116
SCS,116
MGP,116
EFM,116
PYN,116
VQY,116
RHI,116
FVH,116
GLC,116
ACE,116
WAE,116
FIF,116
IQF,116
MPS,116
LHH,116
WAR,116
HKG,116
QPK,116
DQK,116
IHT,116
YQT,117
GWN,117
HQG,117
ESM,117
PYY,117
AQH,117
TYY,117
TMD,117
ACS,117
FDH,117
THD,117
PPN,117
SYQ,117
WDV,117
HPQ,117
FQI,117
HRE,117
SMI,117
YYF,117
IFQ,117
EVW,117
WKE,117
GCD,117
LCS,117
EMS,117
EHD,117
RPQ,117
QNS,117
EHR,117
LSW,118
GYH,118
KWL,118
ACR,118
KPQ,118
TSH,118
LFH,118
WVA,118
QSM,118
RYY,118
WVD,118
RYN,118
AWE,118
HNI,118
STM,118
PFQ,118
PKQ,118
VYY,118
NTQ,118
RHP,118
CLD,118
CLG,118
MTI,118
HDE,118
GWE,119
QKN,119
HHE,119
TPM,119
FIQ,119
NYQ,119
SHR,119
HTI,119
HII,119
LCR,119
WNG,119
YNR,119
GCV,119
EYN,119
VWS,119
SDH,120
VWL,120
QYS,120
WLN,120
NQR,120
WSG,120
DCL,120
VWA,120
VTM,120
ELW,120
MDD,120
RTH,120
WDL,120
IAC,120
KLW,120
EPQ,120
VWE,120
HPN,120
CLV,121
EAC,121
AQM,121
GHK,121
HIP,121
YYP,121
FQN,121
FRF,121
ASC,121
PNR,121
AWR,121
QNE,121
WKL,121
VAC,121
YPF,121
CVA,121
MIL,121
PDM,121
DHS,121
DHY,121
NVM,121
CSS,121
CDV,121
FPR,121
HER,122
NYF,122
DFH,122
YIQ,122
QKQ,122
HIK,122
LNM,122
RYQ,122
HLY,122
IMD,122
FSH,122
VMP,122
NQE,122
HQV,122
MED,122
RFN,122
DLC,122
QQP,122
YPR,122
EMR,122
DIH,122
SHE,122
MEN,122
PFN,122
KIM,123
EHT,123
THE,123
MRD,123
IYF,123
WEK,123
VCA,123
EMD,123
NFQ,123
RDH,123
DMK,124
QNK,124
SMD,124
RPY,124
HDD,124
IFF,124
HMT,124
GRW,124
SMP,124
HST,124
KQQ,124
QPP,124
HVR,124
YYN,124
HRI,124
ANM,124
WLT,124
ITH,124
FHV,124
IMK,124
QRY,124
HKA,124
ERH,124
RTQ,124
YII,124
MVN,125
YQN,125
SRH,125
KPP,125
HEE,125
NKF,125
LQM,125
HVK,125
LMI,125
PPQ,125
HIT,125
GVC,125
HVF,125
VFH,126
RQF,126
HSD,126
HGY,126
GAC,126
WDE,126
FYP,126
QDT,126
LPM,126
LCD,126
VPM,126
QYR,126
FPQ,126
VGW,126
WGS,126
DIM,126
SME,126
YEQ,126
PVM,126
EIH,126
CEL,126
MLI,126
HGP,126
NGM,126
TME,127
MEQ,127
ILM,127
NFF,127
CDL,127
MNA,127
SVM,127
EEW,127
AWS,127
HIR,127
IKH,127
PTY,127
NRQ,127
FFN,127
SHF,127
LWG,128
NML,128
PMA,128
KQP,128
HKV,128
WEG,128
AWD,128
PPY,128
GLW,128
HAK,128
LCA,128
IHV,128
LWD,128
IME,128
MRK,128
QQS,128
QSY,128
MSI,128
HVP,128
NAH,128
MIS,128
DWV,128
HDP,128
MNE,128
EMT,128
MKS,128
WSA,128
GFM,128
CAL,128
FYV,129
WAK,129
TEH,129
KHA,129
YHL,129
TPH,129
PVH,129
NLM,129
HYA,129
TGW,129
KHF,129
DMI,129
FFI,129
WGE,129
KQD,129
QDR,129
VHF,129
LYH,129
QND,129
AWK,130
KFR,130
MTK,130
QKY,130
KRN,130
WLV,130
GSC,130
FGM,130
MES,130
RYP,130
EWA,130
TGM,130
HDI,130
KHV,130
CGV,130
QYI,130
SHT,130
AHQ,130
RME,130
RPK,130
RWL,130
RMG,130
MKR,131
CGL,131
MAF,131
RNN,131
HIS,131
IIY,131
IIH,131
IHD,131
VIM,131
RDM,131
PFK,131
PHP,131
SEM,131
YEY,131
TVM,131
WAG,131
WGL,131
QDY,131
HHL,131
YTY,131
QEY,131
GWV,131
GWA,131
KFY,131
QLM,131
FQR,131
YFP,131
GNH,131
RQP,131
QPF,131
RKQ,131
MGF,131
WLS,131
TYQ,131
NYY,132
SSM,132
PTN,132
PTQ,132
LLW,132
HFS,132
SWL,132
HLQ,132
QTN,132
NRK,132
DVW,132
QKP,132
TQF,132
GWS,132
NQT,132
YKP,132
RNY,132
EPN,132
YVY,132
WGA,132
RRM,132
GKM,133
PPI,133
HFA,133
NYN,133
YEF,133
HRG,133
PYF,133
LDW,133
PML,133
YQI,133
AIM,133
GDW,133
IRH,133
VVC,133
YKQ,133
PFY,133
AEW,134
QQR,134
FEY,134
QLH,134
YYK,134
MRR,134
MST,134
HSI,134
SGW,134
CLL,134
FFR,134
DME,134
RYT,134
EGW,134
TMG,134
IEH,134
IMG,134
RVH,134
KVH,134
ETH,134
FRI,134
DMG,134
NRY,134
YHG,134
HPT,135
PYR,135
ELC,135
IGM,135
RGH,135
MDI,135
QNT,135
YVF,135
FVY,135
CSA,135
DQQ,135
YQD,135
PPF,135
IHE,135
NYR,135
YQS,135
PHI,135
KKH,135
WDA,135
TQR,135
HAF,135
YFR,135
LWE,135
HLF,135
THP,135
QAH,135
DMT,135
KGH,135
GWT,135
REH,135
LLC,135
PLM,135
EIM,135
DQT,136
IMA,136
VHR,136
IYI,136
HMG,136
GWD,136
QFD,136
EQN,136
YYS,136
THI,136
GRM,136
GDM,136
GCL,136
HEN,136
RQD,136
YNT,136
HPS,136
QRQ,136
MPL,136
RPN,136
VAW,136
PDH,136
FNQ,137
QRS,137
TIH,137
SIH,137
PEM,137
NRN,137
EHF,137
HVT,137
KMK,137
QFK,137
NRT,138
KFF,138
AHF,138
PNY,138
YLH,138
TMT,138
KSQ,138
PQR,138
FYT,138
THT,138
ADW,138
GWR,138
QRP,138
DQY,138
LHF,138
VMS,138
VMK,138
IDM,138
CGS,138
PNK,138
YRP,138
FHG,139
YYV,139
GHF,139
FTY,139
QVY,139
SMK,139
PAM,139
RQT,139
VHT,139
PHG,139
DAW,139
HQA,139
VLC,139
IHP,139
QKF,139
GFH,139
MDK,139
DEH,140
QST,140
PFR,140
FYQ,140
SVH,140
RTN,140
FLH,140
MKN,140
TNQ,140
RQQ,140
FHL,140
QGH,140
ACL,140
FFP,140
RMV,140
NDQ,140
PKY,140
YYR,140
KQY,140
TFY,141
DQR,141
LHY,141
MEI,141
QSQ,141
QRT,141
HEK,141
FYS,141
GVW,141
FQP,141
NFR,141
RYK,141
TTY,141
MTR,141
RQK,141
LVC,141
DPP,141
VHI,141
HAT,141
IYY,141
NHL,141
SEH,141
YEP,141
AHK,141
CAG,141
KMI,141
DGW,142
VIH,142
LWL,142
KQN,142
YRF,142
EYY,142
QFE,142
KMG,142
MNL,142
EAW,142
WLD,142
HGN,142
NKQ,142
RVM,142
NQS,142
PQF,142
HLN,142
FII,142
NTY,142
YND,142
IHR,142
KTQ,143
YSY,143
QTR,143
YRN,143
VSM,143
QPS,143
GSW,143
VRH,143
GPH,143
MGD,143
HLH,143
SNQ,143
HFG,143
EYQ,143
YRQ,143
SQY,143
YPK,143
AWG,143
SHI,143
DNR,144
YPI,144
MRV,144
DYN,144
HDG,144
EQP,144
QPT,144
FYN,144
HEI,144
RSQ,144
GAW,144
LWA,144
EDM,144
YFN,144
YQE,144
HFD,144
QKR,144
NQD,144
TNR,145
MTS,145
MVR,145
YYE,145
DRQ,145
LCG,145
FEF,145
VDM,145
MET,145
IEM,145
LQF,145
THV,145
PAH,145
TQQ,145
FKQ,145
PHA,145
IYQ,145
GTM,146
DQP,146
LCE,146
CGA,146
IFR,146
IFP,146
NTR,146
KKM,146
YTF,146
PYE,146
QTK,146
NGH,146
VMR,146
CLA,146
NFN,146
QQQ,146
LGC,146
GQN,146
PRK,146
VQN,146
SQQ,146
HRD,146
WGG,146
PKF,146
MKD,146
RDQ,146
QQK,146
CSG,146
WAL,147
PRN,147
RHA,147
YPT,147
YIR,147
MLQ,147
MLN,147
MSV,147
QFI,147
ATM,147
LMQ,147
NYS,147
PYP,147
MLP,147
MEV,147
LTM,147
FPI,147
WLG,147
QML,147
MAQ,147
QKS,147
GEW,147
HSV,147
QQT,147
MAN,147
MIK,147
KHI,147
MQA,147
DNN,147
HIG,147
RRQ,147
VYF,147
DQF,147
SWG,147
SMV,147
DDQ,147
PQP,148
EYP,148
GPP,148
NSQ,148
AMQ,148
FTQ,148
QKD,148
HPV,148
TFQ,148
WLR,148
VKM,148
AVC,148
FAF,148
LAW,148
YGQ,148
MGK,148
YTR,149
MPV,149
FQT,149
PNF,149
FQV,149
IQI,149
DEM,149
WLL,149
FAY,149
DVH,149
HAP,149
DFQ,149
PRF,149
NNQ,149
THG,149
NKR,149
QFT,149
QIQ,149
DTQ,150
RNT,150
FYK,150
FGH,150
NLH,150
RHV,150
LCL,150
FLY,150
YNN,150
INF,150
VFY,150
YNI,150
DNQ,150
LHN,150
HGR,150
NNY,150
AMP,151
NNF,151
QRD,151
PNN,151
IFI,151
NNR,151
VQF,151
LAC,151
QRF,151
AHT,151
TNY,151
FYD,151
AHD,151
VYQ,151
KMV,151
NQK,151
KQS,151
GMN,151
DKQ,151
KYY,152
RPP,152
HVS,152
YTT,152
KDQ,152
HKL,152
PHV,152
YTN,152
HEG,152
QIN,152
HFL,152
PIN,152
MTD,152
KQF,152
HFV,152
MAI,152
DQS,152
FQD,152
PYK,153
YAY,153
QDK,153
QTT,153
TTQ,153
REY,153
KPR,153
MPE,153
QSD,153
YRK,153
TYI,153
YVQ,153
YDN,153
KRP,153
QSK,154
HVI,154
QSP,154
MGR,154
ACA,154
RGM,154
VKH,154
SHS,154
EFQ,154
FPN,154
QTF,154
SYY,154
PQI,154
EKH,154
YQV,154
KFP,154
KYF,154
HIE,154
PPD,154
GEM,154
YNK,154
QFV,154
SAH,154
RNK,154
VMT,154
MAP,154
KNQ,154
RRN,154
ENQ,155
QEN,155
FNN,155
TKQ,155
HRV,155
IHS,155
FGQ,155
PIF,155
TFF,155
MIE,155
RYE,155
NPI,155
EHV,155
RNS,155
QIR,156
VQP,156
HIV,156
FYR,156
NPF,156
ETM,156
DNY,156
QEF,156
LRM,156
MTT,156
QDD,156
TNF,156
AMN,156
SPP,156
PPR,156
SNR,156
QTS,156
KRQ,156
QQE,156
NRS,156
YPN,156
ACG,157
KVM,157
EPY,157
QSR,157
MTP,157
QAM,157
YIP,157
YQK,157
NPY,157
VDH,157
RMA,157
IAM,157
AKH,157
VCG,157
VFF,157
YFV,157
NSY,157
DMV,157
FFT,158
NIY,158
CGG,158
LMP,158
VHS,158
HVG,158
HYL,158
SHV,158
LSM,158
TDQ,158
FSY,158
QNP,158
HGF,158
ERM,158
AHE,158
KYR,158
QTD,159
QTQ,159
YQG,159
NPR,159
YNE,159
ETN,159
FDQ,159
PFP,159
RSN,159
SFF,159
NRF,159
GRH,159
MGE,159
YFT,159
DPF,159
IYP,159
IVH,159
VHP,159
HVE,159
RPF,159
MID,159
KQR,159
NQP,160
FLF,160
PIR,160
KAH,160
YKI,160
NRP,160
RAH,160
AYY,160
QKT,160
QYG,160
MVV,160
KEH,160
YRR,160
YNP,160
MKG,160
DYQ,160
EMI,160
ALC,160
APH,160
NYE,160
QEQ,160
NYT,160
DHP,160
MDG,161
FPT,161
HRA,161
LNH,161
EQY,161
KRD,161
KQT,161
EQD,161
NNK,161
YDR,161
MDA,161
PSY,161
HNL,161
REM,161
TRY,161
NYD,161
GKH,161
RIQ,161
AMI,162
GMR,162
IKY,162
YTK,162
MSD,162
RFY,162
GTW,162
NDY,162
PYI,162
WLK,162
LMN,162
QYV,162
MPA,162
IRY,162
MPG,162
TQI,162
MER,162
DGM,162
GDH,162
QNV,162
YRI,163
LHQ,163
QFS,163
PEH,163
FFK,163
YKS,163
EHI,163
NFP,163
TKY,163
ISH,163
YFK,163
RFF,163
AHI,163
FNR,163
LGW,163
QTP,163
KPY,164
TNN,164
NVQ,164
RQS,164
TRQ,164
YSN,164
HSG,164
QAP,164
TYR,164
PQT,164
QNA,164
YDT,164
FRP,164
ESQ,164
PFF,164
QYA,164
ATH,165
GHD,165
FQE,165
PYT,165
NIQ,165
DHV,165
TQK,165
HGE,165
YEN,165
SFY,165
VMD,165
HTG,165
NTK,165
HAD,165
HTV,165
SAM,165
FRT,165
FQK,165
HTA,165
SRQ,165
PYD,165
LMD,165
GNQ,165
NRR,165
FVF,166
VHD,166
YDF,166
RIY,166
AIH,166
FKI,166
QPI,166
QVN,166
HID,166
HGK,166
TRN,166
WAA,166
TMA,166
FRN,166
EFY,166
QDP,166
HAI,166
FRQ,166
NEY,166
QHL,167
PTK,167
FKR,167
YYD,167
EME,167
KYE,167
QSN,167
NNN,167
FFV,167
DHI,167
YYA,167
NEQ,167
DWL,167
AGC,167
MDL,167
LQH,167
HHG,167
LMT,167
EPK,167
NYK,167
KKQ,167
QKK,167
YDY,168
NKY,168
QDS,168
EDQ,168
MGI,168
HDV,168
GQY,168
TYP,168
VHE,168
NDR,168
INY,168
GWL,168
SMG,168
DQD,168
YSR,168
TEY,168
ILH,168
RKN,168
IQR,168
DVM,168
QSF,168
MVK,169
HDA,169
AFF,169
FYE,169
SQF,169
YER,169
WLE,169
TML,169
PQS,169
MVG,169
ARM,169
KMA,169
TQD,169
SQN,169
MRL,169
MKI,169
VQQ,169
AYF,169
NNE,169
YKT,169
TQP,169
MTV,169
KGM,169
RNF,169
HSA,170
RTY,170
FPK,170
EHP,170
PKN,170
QDF,170
RPR,170
PTR,170
FNP,170
NFK,170
GCG,170
IGH,170
RKP,170
RQR,170
LEM,170
IDH,170
RKY,170
IRF,170
FVQ,170
VGM,171
DDN,171
IKF,171
IQP,171
SYP,171
PQD,171
GQF,171
RFK,171
GMI,171
FYL,171
MVD,171
QRR,171
LKM,171
RYS,171
EPP,171
NYP,171
DPY,171
MEG,171
YFA,171
SYF,171
IIF,171
RRP,172
HQL,172
IHA,172
IHL,172
MRA,172
ENY,172
NYG,172
VPN,172
QES,172
LFY,172
YAF,172
PSQ,172
GHR,172
TQT,172
NIF,172
KVQ,172
QIP,172
TYK,172
ADH,172
PRR,172
TYD,173
GPQ,173
MKT,173
PIY,173
FNI,173
YSF,173
KYT,173
RYI,173
TKF,173
QDE,173
DYY,173
DNK,173
IYK,173
IYN,173
EQQ,173
NKS,173
NEP,174
MKV,174
TIY,174
PKR,174
RDY,174
LHK,174
QPD,174
SMT,174
QQI,174
SQR,174
TAH,174
SQD,174
RFT,174
PGM,174
YDK,174
AHR,175
GIH,175
QSE,175
HVD,175
PTF,175
VEM,175
QGY,175
ITY,175
NSR,175
TFP,175
NFI,175
TYN,175
NDN,175
QVQ,175
TVH,176
LMV,176
NEF,176
NYI,176
MHH,176
DTY,176
SHA,176
AWA,176
NND,176
DQE,176
QAY,176
AHS,176
EYF,176
MSK,176
PVQ,176
SNY,176
LYY,176
NES,176
FTF,176
VVM,177
DAH,177
GGW,177
FNK,177
FTI,177
FIP,177
VEH,177
YIS,177
PSN,177
FFL,177
SPF,177
TYV,177
VGH,177
KLH,177
HAR,178
YNS,178
FIN,178
IQT,178
GFQ,178
LFF,178
VYI,178
MAH,178
EPR,178
EFP,178
RND,178
LMR,178
FEP,178
LPH,178
SYR,178
DND,178
RPT,178
VMV,178
MIA,178
IFN,179
GQQ,179
TIQ,179
FNT,179
RTK,179
SHG,179
NFE,179
GEH,179
RYR,179
NNT,179
NVY,179
YKN,179
FQA,179
SYK,179
DFF,179
ALW,179
YLY,179
AKM,179
FPP,179
RYD,179
VTH,179
KPN,179
FRR,179
IYR,179
VMG,179
HEV,179
FNS,180
AMD,180
YFS,180
VRY,180
PPT,180
HPA,180
MSG,180
NNS,180
MDV,180
QGM,180
PYS,180
SMS,180
FRS,180
TLM,180
EQS,180
MIG,180
KNR,180
DYF,180
TKN,180
PNE,180
EEH,181
FKP,181
QRE,181
QFA,181
IHG,181
SDQ,181
RAM,181
FDY,181
THA,181
TQS,181
VKY,181
NFA,181
GPY,181
DHG,181
RQE,181
KNY,181
KYN,181
EMV,181
LDM,182
YFL,182
RML,182
SQP,182
FFE,182
MLT,182
KLM,182
VNQ,182
RDN,182
NTN,182
FTN,182
NYA,182
KRY,182
GHE,182
QET,182
QID,182
DYK,182
SFP,182
KHG,182
TAM,183
DSQ,183
YVP,183
PPK,183
MRE,183
MDE,183
YFE,183
PDQ,183
WLA,183
NRD,183
YLF,183
FFS,183
RNR,183
YPV,183
NKN,183
YRT,183
HPG,183
AWL,183
YSP,184
SHP,184
ISY,184
IPP,184
CAA,184
RTF,184
EYS,184
YPS,184
EMK,184
VPQ,184
VHV,184
DHA,184
NPQ,184
LMS,184
RKF,184
RSY,184
RVQ,184
TIF,184
EDN,185
NER,185
MTE,185
TPY,185
MRG,185
IVY,185
KFT,185
MSA,185
SFQ,185
VSH,185
YTE,185
NQG,185
VNF,185
EVH,185
MVS,185
MVT,185
KIQ,185
LHI,185
EYR,185
AAC,185
IPF,185
YAQ,185
DNE,186
PNT,186
EYT,186
SPN,186
FTT,186
AQY,186
NDF,186
DYR,186
QED,186
DFY,186
DQG,186
EYD,186
FQL,186
DRN,186
GWG,187
KYD,187
SRY,187
ETY,187
FYA,187
GHM,187
RSP,187
LHT,187
FKT,187
PQE,187
AYN,187
NYV,187
EGM,187
YNV,187
NFV,187
VYK,188
NDK,188
EWL,188
AGW,188
HAE,188
DGH,188
SIQ,188
YYG,188
FEQ,188
KYP,188
GDQ,188
YTP,188
PFI,188
KQK,188
SQK,188
TKP,188
MGV,188
MVL,188
QPE,188
YIK,188
IPY,188
EYK,189
PND,189
MGT,189
PNP,189
GRQ,189
RKS,189
HEA,189
TYE,189
SYI,189
RGP,189
YET,189
NVF,189
SKQ,189
YVI,189
INQ,189
SFN,190
YRS,190
PRT,190
NIR,190
AAW,190
VFQ,190
TRF,190
RYF,190
SPY,190
YGY,190
SML,190
FRK,190
IYT,190
FFA,190
DSY,190
SIY,190
PLH,190
FPS,190
RPI,190
IFV,190
RFR,191
VYP,191
SQT,191
MTA,191
YTI,191
NQI,191
KND,191
SYN,191
RAP,191
SPQ,191
SLH,191
RRY,191
DPI,191
SGM,191
GTH,191
LHP,192
HAS,192
VFI,192
EPT,192
YIT,192
IPQ,192
DYP,192
GFY,192
GVM,192
FYG,192
KSP,192
REP,192
SEY,192
PKK,192
LYI,192
FSF,192
VLM,192
MLV,192
TQE,192
RIN,192
IQQ,192
GHP,192
GPF,193
HMA,193
DRY,193
FDN,193
LDH,193
TRP,193
EFN,193
QNI,193
DLM,193
PHL,193
IEY,193
MEE,193
PRD,193
TPR,193
HLI,193
GMP,193
NTE,193
STQ,194
KQE,194
LQY,194
NAY,194
GYQ,194
FTK,194
HPL,194
SLM,194
PIK,194
YFD,194
FTR,194
KTN,194
IQN,194
NPP,195
HLR,195
QQV,195
KSY,195
SNK,195
YVR,195
TPQ,195
MSE,195
DNF,195
AQP,195
RFI,195
RIF,195
IVQ,195
TPN,195
AQF,195
LVM,195
VQI,195
KFN,195
YDD,195
HGT,195
QGN,195
YIV,195
ERN,195
PRI,195
STY,195
KSN,195
RLM,195
MTL,196
NQV,196
YIN,196
NSF,196
YST,196
AVM,196
ANF,196
IQD,196
GYY,196
DMA,196
TKR,196
RLH,196
SKY,196
YVN,196
DTR,196
FVI,196
YFG,196
YES,196
RDK,196
EQK,197
YSI,197
YKV,197
RTR,197
IPN,197
QTI,197
NGP,197
IPR,197
TRK,197
QFG,197
NFG,197
NSE,197
ERQ,197
INR,197
FIT,197
AMS,197
GNF,198
AYQ,198
PNS,198
VIY,198
NDT,198
FSQ,198
AYP,198
IYV,198
TGH,198
VAM,198
NEN,198
GYF,198
TRR,198
NDD,198
KYK,199
KYI,199
SFK,199
PGH,199
FIV,199
NDS,199
DRK,199
DTN,199
PKP,199
KRS,199
IQV,200
GMK,200
GVH,200
RGN,200
TNK,200
DEP,200
QSS,200
FFD,200
TDN,200
YED,200
LHR,200
YAP,201
NQA,201
KEM,201
TEQ,201
FND,201
VYN,201
NFD,201
GYN,201
AFQ,201
SNF,201
SRN,201
IQG,201
FIR,201
PPP,201
LFQ,201
NKP,202
DRP,202
LIH,202
GFF,202
APY,202
QAQ,202
QGQ,202
MAR,202
ETQ,202
KGP,202
PYA,202
AHH,202
KPK,202
QSI,202
END,202
YSK,202
ASH,202
RSF,202
HIL,203
SIF,203
GPK,203
YIG,203
RFP,203
NAQ,203
MVA,203
IFK,203
RKD,203
TFR,203
LHD,203
EFR,203
MLS,203
APQ,203
IEF,203
HRL,203
QVR,204
TTF,204
QLY,204
PSF,204
QQG,204
TSY,204
MSS,204
LHS,204
RNP,204
KRR,204
KRT,204
IIQ,204
RPS,204
VME,204
AFY,204
SYE,204
NKG,204
AMR,205
SGH,205
QTE,205
TRS,205
EMG,205
NFT,205
SYT,205
HVL,205
MVE,205
SPK,205
QVF,205
FGY,205
LHV,205
FFG,205
GME,205
EVM,205
DPQ,205
PRS,205
PVY,205
VYR,205
ITQ,206
ADM,206
LLM,206
MLR,206
DNT,206
YYL,206
NRG,206
NRE,206
EAH,206
EFF,206
AYI,206
QAN,206
PNI,206
NTD,206
MKK,206
AMV,206
GMD,206
TNE,206
SNN,206
QGP,206
RGQ,206
MTG,206
DTK,206
DFN,206
KML,206
FLI,206
LMK,207
TFI,207
NTF,207
QIS,207
LNY,207
IYE,207
AHV,207
EEP,207
GHV,207
DEY,207
KKP,207
TLH,207
TTR,207
PFA,207
RYV,207
QIT,208
SQS,208
VNY,208
YSE,208
PID,208
ESP,208
SKR,208
IYS,208
RNE,208
VIF,208
QGF,208
VQT,208
GHT,208
YRD,208
RTS,208
PGN,208
PLN,208
TFK,208
FRV,209
TYS,209
FIL,209
RST,209
RHG,209
GLM,209
KSR,209
NKD,209
KFI,209
DIQ,209
NTT,209
VTY,209
YKA,209
RRD,209
EKM,209
FDF,209
TSQ,210
NET,210
YGN,210
AQN,210
YGP,210
QVP,210
PPV,210
KTY,210
FAQ,210
KTR,210
ANY,210
EPF,210
VHA,210
QII,210
AYK,210
DDY,211
IRQ,211
YTD,211
KEP,211
YAI,211
IGQ,211
KAM,211
FKS,211
PPS,211
IRI,211
MKL,212
NSN,212
ISF,212
LIY,212
DKF,212
KIF,212
IVF,212
HVV,212
GQK,212
FSN,212
ITF,212
GHI,213
ENN,213
RQI,213
GMV,213
LIF,213
DYT,213
RKT,213
NSP,213
ILY,213
LNF,213
SEP,213
TFN,213
IQS,213
YDS,214
FAI,214
ASM,214
NLF,214
DAM,214
DLH,214
FRD,214
PRP,214
IYA,214
NFS,214
KYS,214
SQI,214
RRK,214
GQD,215
DKR,215
KNT,215
MGL,215
AMT,215
NAN,215
RRT,215
VMA,215
RKK,215
VDQ,215
AHP,215
IYD,215
LMG,215
YTS,215
SFR,215
PFE,215
SSQ,215
KNN,216
PKI,216
KFK,216
TYT,216
YAN,216
FQS,216
IFT,216
QKE,216
TDY,216
PDY,217
PQV,217
RNI,217
HVA,217
IAH,217
SMA,217
YGF,217
SKF,217
SPR,217
QPA,217
HEL,217
TEF,217
PTE,217
PTD,217
IDY,218
TND,218
KFE,218
IHH,218
ANQ,218
ESN,218
VML,218
PYG,218
PYV,218
MKE,218
LRH,218
YPA,218
KNE,218
KPF,218
KPS,218
KDN,218
THL,218
NSK,218
III,218
QER,218
TEP,218
LKH,218
EQT,219
DFP,219
LYQ,219
AEH,219
LTH,219
PFS,219
NSD,219
RKR,219
FIS,219
PIS,219
DSN,219
MAV,219
RSK,219
IDQ,219
FVP,219
TQV,219
NNP,219
NAF,220
NTS,220
HDL,220
PAQ,220
EQR,220
SKN,220
EPD,220
ISQ,220
PFT,220
PFD,220
HLT,220
QRG,220
FNE,220
DHL,221
YEI,221
TPF,221
DNS,221
DRT,221
YRG,221
QIG,221
MAD,221
TTN,221
PEY,221
VQR,221
GGM,221
YNG,221
EYE,221
MEA,221
HIA,221
HGD,221
ARH,222
TSN,222
KGQ,222
VQS,222
MKA,222
FNV,222
PDK,222
GPN,222
KNS,222
TNI,222
INI,222
EHA,222
DEQ,222
MAT,222
LYN,222
GPR,223
SYV,223
NVN,223
KYA,223
RDP,223
APN,223
GNY,223
EKQ,223
DML,223
QVK,223
TSF,223
YNL,223
EPS,223
FPV,223
SQE,224
TNS,224
FRG,224
PFG,224
VPY,224
EQE,224
SFI,224
QNG,224
VFP,224
NPT,224
YRV,224
YKG,224
KPT,224
QIK,224
VYT,224
GKQ,225
YLQ,225
GEQ,225
KRK,225
YGR,225
QLF,225
PII,225
YNA,225
LQI,225
AVH,225
IKQ,225
GIQ,225
NTP,225
YSD,225
DYG,225
FEI,226
QIV,226
DKY,226
DPG,226
RDD,226
IRP,226
EYI,226
HLP,226
NKT,226
YQA,226
QYL,226
GLH,226
HLK,226
QGT,226
IFE,227
IPI,227
NRI,227
PEP,227
NAR,227
FES,227
KQI,227
SPI,227
MLK,227
RSS,227
YAT,227
HAG,227
PKS,228
RDT,228
FGP,228
VVH,228
RAN,228
NDE,228
KRF,228
DRR,228
IIP,228
TRI,228
PAY,228
VAH,228
PKT,228
VFR,228
SNE,229
AKP,229
YIL,229
YKK,229
AEM,229
IRN,230
PSR,230
KHL,230
QEK,230
DDR,230
SRF,230
EQF,230
RSR,230
DFR,230
DFK,230
EIQ,230
SVQ,230
HGI,230
YKL,230
MLL,230
NKK,230
TNV,230
MAG,230
QLN,231
RTT,231
ILF,231
LGM,231
MAK,231
KFS,231
HHM,231
YLP,231
ANN,231
VGQ,231
STN,231
LFI,231
GNN,231
YIE,231
PFV,231
QKI,231
YDE,231
KFD,231
APF,232
VQK,232
QGS,232
LFN,232
KKR,232
SEQ,232
FNG,232
ERP,232
DVQ,232
IFS,232
MLG,232
TPP,232
YPD,232
PLQ,233
VNR,233
FIK,233
NVR,233
ELM,233
RRS,233
KIY,233
QFL,233
RTI,233
IFL,233
AME,233
VHL,233
GHS,233
HLS,234
RTP,234
HSL,234
QRI,234
QSV,234
RFD,234
SRP,234
DYD,234
GPI,234
GQE,234
HGS,234
ENF,234
YID,234
ENR,234
FGF,234
NRA,234
SND,235
NFL,235
GAH,235
RAY,235
HAV,235
EFT,235
GML,235
SDY,235
VNT,235
FVN,235
LHE,235
GRN,235
ENT,235
DQI,235
QKG,236
ESR,236
LNQ,236
MEL,236
VFN,236
FEN,236
RSE,236
PIP,236
GHA,236
NGF,236
GNR,236
DYS,236
VRQ,236
FKN,236
NAP,236
SIR,236
VQD,237
SKP,237
YVG,237
EHG,237
SNT,237
DAY,237
FPL,237
ESY,237
RSD,237
TNT,237
AIF,237
NED,237
GIF,237
YRE,237
AFN,237
SVY,237
IQL,237
YRA,238
GTQ,238
VRP,238
ERS,238
KYV,238
RRF,238
YVT,238
PVN,239
PDN,239
FSI,239
QDI,239
YEE,239
FGR,239
DDT,239
AQD,239
FDT,239
VNK,239
PLY,239
STR,239
KFV,239
ITN,240
GYK,240
SDN,240
PYL,240
EFI,240
RVY,240
GQR,240
VTQ,240
TYG,240
STK,240
NST,240
EDT,240
TKT,240
YDI,240
AYT,240
VFK,240
KNF,240
PRV,240
LML,240
IFD,240
RQG,241
IAY,241
KQG,241
HPD,241
LTY,241
IQE,241
HLG,241
EFK,241
LVY,241
FAN,241
KKN,241
QVT,241
SRT,242
FKV,242
MGG,242
ATQ,242
PTS,242
DIY,242
HTL,242
KEQ,242
NNI,242
KTS,242
SVF,242
ELH,242
RTD,242
LYT,242
QTG,243
YQL,243
FSP,243
EEM,243
VPP,243
VVQ,243
EVN,243
DTE,244
PGY,244
ITR,244
SRK,244
DKP,244
NSS,244
VPK,244
IEP,244
SRR,244
KIP,244
YTV,244
AFP,245
PGQ,245
DSF,245
IQK,245
TRT,245
QPV,245
HLD,245
DRS,245
NIN,245
INT,245
YDG,245
PDR,245
NIG,245
NRV,245
MEK,245
PTP,246
RNV,246
KGN,246
DYE,246
YKD,246
QIE,246
EMA,246
PNV,246
PSI,246
VIQ,246
SYD,247
KDR,247
TTK,247
PTT,247
MLD,247
QAD,247
NNV,248
LMA,248
ISI,248
TYA,248
TDF,248
PQG,248
TDR,248
FSR,248
VSY,248
YVK,249
KTP,249
KAQ,249
EGP,249
KTD,249
KTE,249
ADQ,249
KSF,249
VNN,249
FDP,249
VKF,249
YTA,249
PTI,249
TPT,249
QDV,249
RVP,249
QGD,249
PVF,249
RDF,249
SYS,249
APP,250
DNP,250
NLQ,250
FLQ,250
YVS,250
IYG,250
RYG,250
IYL,250
QVS,250
RDS,251
ERT,251
VLH,251
QVD,251
FDD,251
AGM,251
TPK,251
SHL,251
TRD,251
ANT,251
TGQ,251
FDS,251
SNP,251
YEV,251
VPF,251
KQV,251
AIY,251
QAT,251
EPI,251
NDV,251
GMT,251
PDP,252
DGP,252
FVT,252
SIN,252
DQA,252
GKF,252
YAR,252
QSA,252
PEQ,252
LYV,252
TNP,252
TKS,252
INK,253
GGH,253
VYV,253
EKP,253
GYP,253
ERD,253
YDP,253
VHG,253
LSH,253
YPG,253
DSP,253
EGQ,253
FER,253
ETK,254
TSR,254
KKS,254
DTT,254
VDN,254
EIY,254
SNS,254
FLN,254
RDR,254
EPA,254
APK,254
NPV,254
DTF,255
RHL,255
ESD,255
FDR,255
YPL,255
FKK,255
KVY,255
AQQ,255
IGP,255
SDR,255
PRE,255
MGA,255
DTD,255
QNL,256
YSV,256
RES,256
REF,256
VRN,256
SQV,256
TVQ,256
TVY,256
SEF,256
DSR,256
TSP,256
PSK,256
PFL,256
GFN,256
LPY,256
SEN,256
FAP,256
EYV,256
GMS,256
QRV,256
VVY,256
EFS,256
LKY,256
RET,257
FNA,257
FGN,257
YVV,257
NGQ,257
VEY,257
YLI,257
EVQ,257
KDY,257
PIG,257
TKI,257
SPT,257
RFE,257
IFA,258
YGT,258
YAK,258
SDT,258
GYI,258
FKG,258
PKD,258
KNP,258
LAM,258
FNL,258
QRA,258
NYL,258
FPD,258
QAF,259
QEE,259
QVI,259
GQS,259
SQG,259
APR,259
YGI,259
GPT,259
HGV,259
HPE,259
PIE,259
INN,259
PGP,259
FGI,259
KDP,259
RTE,259
VYS,260
VRF,260
NIK,260
QPG,260
INP,260
PDT,260
LQN,260
NTI,260
ETR,260
YIA,260
STF,260
YSS,261
YAS,261
VKQ,261
KPI,261
NIT,261
DKG,261
QGR,261
KAP,261
NEG,262
DDF,262
HGA,262
NNA,262
PAN,262
TSK,262
ENS,262
IIR,262
REQ,262
FKA,262
TAY,262
SYG,262
PDF,262
QAS,262
NDG,262
PIT,262
GQP,262
DSD,262
NTG,262
RGF,263
DQV,263
QEI,263
DRF,263
TIN,263
DIN,263
DIF,263
ARP,263
QVG,263
ANK,263
TPI,263
PSE,264
NPK,264
GPS,264
QLQ,264
ENE,264
LVH,264
FST,264
NKA,264
IPK,264
NGY,264
SSY,264
KTK,264
QEG,264
AKF,264
SNI,264
AQS,265
GDN,265
YTG,265
FET,265
LYP,265
ATY,265
DDK,265
TQG,265
AMK,265
HLV,265
FED,265
KTF,265
PAR,265
ENK,265
RLY,265
RVN,266
YGE,266
NNL,266
RGY,266
TVF,266
FVS,266
KDD,266
ERK,266
DVY,266
QTV,266
EST,266
DNA,266
QKV,266
QGE,266
TIR,267
KKF,267
KRE,267
TFE,267
AYR,267
AND,267
FRL,267
EDR,267
NNG,267
LME,267
GMG,267
TFS,268
EYA,268
PAK,268
IKR,268
FKL,268
VQE,268
NSV,268
RIR,268
EIN,268
QDG,268
KIN,268
DRD,269
TER,269
YEK,269
EEQ,269
IGY,269
ANR,269
GFR,269
RQV,269
RNA,269
SYA,269
KSE,269
GSQ,270
YGK,270
DTP,270
YPE,270
EAM,270
ETP,270
KPD,270
FPA,270
QDA,270
PQL,270
APT,270
NGN,270
TQA,270
ETD,270
ADN,271
DRE,271
YKE,271
DFI,271
PSP,271
IRT,271
FSV,271
NVP,271
TII,271
PKV,271
VSQ,272
IFG,272
TIP,272
LKF,272
QGG,272
YVE,272
NLN,272
FRE,272
PNA,272
TFV,272
GRY,272
TES,272
LQP,272
DKS,273
GEY,273
NDP,273
SFV,273
GFP,273
GHG,273
IPS,273
LRY,273
PST,273
KKT,273
GIY,273
LHG,273
ATN,273
NPN,274
HGL,274
ANE,274
GHL,274
ARY,274
NPG,274
IGF,274
TAQ,274
KAN,274
RFS,274
GQI,274
LEY,274
EDY,275
DGY,275
IDN,275
VYD,275
HLE,275
PQA,275
TAN,275
AYD,275
LYK,275
VNI,275
NKE,275
IVP,275
DNG,275
KFG,275
TNG,275
KIR,276
PGR,276
PRA,276
FIE,276
NKI,276
YSA,276
EIF,276
FPG,276
FTE,276
RPV,277
DKN,277
ALM,277
ARN,277
AMG,277
LFT,277
EQI,277
AYS,278
EYG,278
KVP,278
GND,278
DNI,278
GNK,278
TGY,278
YAV,278
INV,278
VTF,278
RYA,278
RLN,278
VSN,278
FVK,278
FVR,278
GYR,278
DVF,278
KDT,278
EEY,278
NQL,279
EDD,279
RKI,279
DEF,279
FGT,279
SRI,279
FIA,279
AKY,279
NGR,279
TKD,279
FAT,279
TDT,280
FLP,280
IRG,280
PPE,280
TGF,280
PEF,280
EEN,280
KST,280
RVF,280
RSI,280
ERY,280
YGS,280
TNA,280
NIP,281
FSK,281
IEQ,281
DAN,281
ITI,281
EDS,281
KEY,281
SFT,281
TFT,281
IKI,281
YRL,281
SRD,281
SFE,282
IQA,282
FTP,282
NSI,282
RNG,282
TYL,282
QPL,282
DVN,282
DRG,282
LPF,282
LFP,283
YSG,283
SAY,283
TTD,283
SIK,283
GFI,283
RIT,283
KQA,283
EML,283
ESK,283
VQG,283
QSG,283
AYE,283
GVQ,283
DTS,284
ASQ,284
YLV,284
QQA,284
QVE,284
LQT,284
DKT,284
NII,284
AFR,284
RPD,284
KIH,284
API,285
VFT,285
VDY,285
FKD,285
EDK,285
DAQ,285
HGG,285
RIP,285
RID,285
EFD,285
GTY,285
LTF,286
VLY,286
YDV,286
ESF,286
VYE,286
DEN,286
GFK,286
NIS,286
IND,286
FRA,286
TAF,286
FIG,286
TFD,287
PPA,287
TRG,287
RDE,287
KFA,287
EPE,287
ASN,287
VYA,287
AIQ,287
TKK,288
ASY,288
IIT,288
AVY,288
YEG,288
YVA,288
YLN,288
IGN,288
YLR,288
YSL,288
VAY,288
YLT,288
AEP,288
KVN,288
RRR,288
KNK,289
NSA,289
IVN,289
TRV,289
VSF,289
INS,289
TDD,289
GQT,289
PDD,289
IKP,290
RKE,290
LHA,290
IPT,290
GYE,290
LRF,290
ETT,290
PAF,290
PPG,290
QTA,290
IRR,291
EFG,291
IRS,291
EHL,291
TGP,291
TDK,291
ALH,291
LYS,291
NIE,291
YGD,291
HAA,291
KKD,292
TSD,292
SAQ,292
LPN,292
DYA,292
TSE,292
GTR,292
SSN,292
TKG,292
PPL,293
YTL,293
LFV,293
IIV,293
EDP,293
GTN,293
VEF,293
MLE,293
KGR,293
NTV,293
VNP,293
ESE,293
RAQ,293
GRF,293
AKQ,293
VPI,293
NKV,293
MAL,294
FDI,294
DLQ,294
AFK,294
NVS,294
VNS,294
SAN,294
DFE,294
LSY,294
LGH,294
PDI,295
SGQ,295
SDF,295
FTD,295
SRS,295
QGI,295
YEA,295
KSD,295
LPQ,295
PNG,295
KTT,296
ENP,296
SQA,296
AQK,296
VTN,296
DDP,296
DDS,296
KSS,296
TTE,297
DGQ,297
VPD,297
AIP,297
KLY,297
SSF,297
FDK,297
AEY,297
GNE,297
SET,297
KPA,297
SKT,297
KAY,298
DSK,298
YVL,298
YAD,298
RAT,298
AFI,298
TFA,298
LFR,298
EAN,298
FGK,298
PGF,298
GKY,298
MAS,299
ITK,299
YEL,299
TLY,299
RED,299
PIA,299
NEE,299
RGD,299
VII,299
EKN,300
DFT,300
NAS,300
LIQ,300
LYR,300
RIS,301
DTI,301
SGP,301
IIL,301
TSI,301
GRK,301
IDF,301
QAK,301
RAK,301
DIR,302
LFK,302
SFA,302
EGN,302
DKK,302
DSE,302
ITT,302
AGH,302
TET,302
DNV,302
PES,302
GPE,302
AHG,302
PKE,302
GKN,302
PVK,303
RKV,303
KKY,303
TDP,303
ESS,303
IKT,303
NLR,303
PIV,303
RIK,303
VQV,303
EFE,303
SII,303
TDI,303
NEI,303
FEV,303
VND,303
VFV,304
FVV,304
PSD,304
AYV,304
ETF,304
TLF,304
FSD,304
SVN,304
FPE,305
QAR,305
NTA,305
KSK,305
NPS,305
RRE,305
IDP,305
IAF,305
ETS,305
STI,305
QEV,305
DST,305
ANP,306
TFL,306
SFG,306
NEA,306
NSG,306
EES,306
EQG,306
PVR,307
INE,307
YDA,307
TTP,307
MAE,307
FID,307
GPD,307
SIT,307
IVI,307
RLF,307
IPD,307
VPT,307
RGT,307
VRS,308
TTI,308
VIR,308
PSV,308
IRK,308
SPS,308
TQL,308
PLF,308
SIP,308
SFS,308
AQI,308
NDA,308
KES,308
ILI,308
NAK,309
PVP,309
KNA,309
NPL,309
SNV,309
PLR,309
RKG,310
VGY,310
KFL,310
ISN,310
ATF,310
EAY,310
SGF,310
DFD,310
SPV,310
PTV,311
TKV,311
LEF,311
EVY,311
NEV,311
FVL,311
KDF,312
NGD,312
FTG,312
NPA,312
FTA,312
PNL,312
ANS,312
RFV,312
EGY,312
PKL,313
GSN,313
EAP,313
SES,313
DKD,313
ETE,313
ERR,313
DPN,313
FSE,313
PKA,314
GMA,314
SDS,314
SPG,314
RVK,314
FAV,314
FTV,314
AQR,314
GQG,314
NEK,314
IDR,315
PLK,315
DYI,315
RRI,315
FTS,315
ARQ,315
PDS,315
KVF,315
LQQ,315
DPT,315
IRV,316
KGF,316
LII,316
RSV,316
KET,316
FEL,316
PEN,317
RVD,317
FLT,317
VLF,317
FVG,317
SLY,317
FTL,317
TPS,317
GNT,317
SER,318
TNL,318
NVG,318
SKS,318
KYG,318
FEG,318
AFT,319
DSI,319
GAQ,319
KVR,319
LHL,320
VRT,320
QLP,320
TEI,320
LDQ,320
NVD,320
GIN,320
LTQ,320
STD,320
QKA,320
HAL,320
DIP,321
QGK,321
TDS,321
TIK,321
GNS,321
EKS,321
RII,321
KLQ,321
IRD,321
NVI,322
VFL,322
EFA,322
KDS,322
IIK,322
FLV,322
QIA,322
GFE,322
STT,322
VKP,323
RDI,323
PAI,323
RFA,323
RTA,323
NIV,323
TTS,323
TEV,324
KKK,324
ISK,324
ASF,324
NAE,324
IIN,324
YAE,324
GSY,324
SSP,324
DPK,324
LLY,324
VEQ,324
KYL,325
EFV,325
QEA,325
TID,325
IDS,325
IRL,325
NLI,325
SRV,325
ANI,325
DFG,325
NDI,325
RPA,325
YVD,325
NAT,325
KGY,325
AQT,325
PVD,326
KED,326
DPR,326
GSM,326
RVS,326
VRK,326
QDL,326
PGI,326
NVK,327
FDV,327
GLY,327
SFD,327
KIS,327
STE,327
AHA,327
TFG,327
RAF,327
FAS,328
TAP,328
TRE,328
QGA,328
VYL,328
GAY,328
QLD,328
DVP,329
ISP,329
RGK,329
QLR,329
GHH,329
IST,329
GVY,330
ITS,330
TED,330
EIP,330
FKE,330
SGY,330
TVP,330
EDF,330
LSF,330
VYG,331
DET,331
RQA,331
EHH,332
FSS,332
DGF,332
LYD,332
TIV,332
PRL,332
AYG,333
ARF,333
QGV,333
VRI,333
VFE,333
SDP,333
GEF,333
VAF,333
SSK,334
VSP,334
PIL,334
LNN,334
NVE,334
ART,334
KER,334
GEN,335
FGS,335
REK,335
PVE,335
QIL,335
VEN,335
KNV,335
IKS,335
RFG,335
ATK,336
IKN,336
AQE,336
FLR,336
NID,336
FDE,336
FAR,336
AQV,337
DES,337
IAN,337
NIA,337
IET,337
PER,338
LNT,338
PAP,338
YGA,338
DQL,338
MLA,338
SSR,338
STP,338
LNP,338
TEN,339
SLF,339
NVT,339
DAP,339
GTK,339
QLT,339
VFS,339
TVN,339
RPE,340
LNR,340
TKA,340
FGD,340
ILQ,340
VKR,340
GYS,340
TIG,340
SKD,340
KDE,340
VNE,340
RGR,340
LLH,340
SED,341
FDG,341
LVF,341
RPL,341
VEP,341
EKT,341
LQV,341
ILP,341
DLY,341
KID,342
FSL,342
QAI,342
INL,342
RTG,342
ITP,342
QAE,342
AHL,342
NKL,342
VIN,342
AFE,342
DFS,342
PGK,342
DVG,343
AML,343
RNL,343
NAD,343
NAM,343
FAK,343
RRG,343
SVR,343
TDV,344
QLK,344
GYT,344
SLQ,344
ERE,344
YDL,344
GSF,344
TST,344
KSA,344
ERF,345
NLP,345
GSR,345
YAG,345
DER,345
GDY,345
GTF,345
ADY,345
GRD,345
QVV,345
LQR,345
KAT,346
DYV,346
GRR,346
PSA,346
SKI,346
TGN,346
VVF,346
FEA,346
GYV,346
SKV,346
VTR,346
IEN,346
KRA,346
AGP,346
ASP,346
GDF,346
RER,347
LPR,347
IES,347
LYE,347
GNP,347
RYL,347
DAR,347
KSI,347
AKN,347
RVR,347
LIP,348
KEN,348
GNI,348
FGV,348
DTG,348
GDR,349
SRE,349
SEK,349
TEG,349
VTK,349
VPS,349
SYL,349
VFA,349
PKG,349
IVR,350
IAQ,350
QQL,350
PDE,350
EVP,350
SKK,350
REN,350
HLA,350
AAH,350
DLF,351
GAM,351
DKA,351
SPD,351
PTA,352
KEF,352
YGV,352
KNI,352
RVT,352
VTT,352
RTV,352
KAR,352
VGF,352
AIN,352
QLI,353
KRI,353
TIT,353
DIK,353
EQV,353
DFA,353
YGL,353
LNI,353
PLI,354
VGN,354
SSE,354
LPI,354
VFG,354
TTT,355
KPE,355
KRG,355
ISR,355
FVA,355
LDY,355
ITE,355
SFL,355
LAY,355
EKF,356
KAF,356
IKV,356
NDL,356
PEI,356
FQG,356
RLQ,357
YLG,357
STS,357
FVD,357
VGP,357
TLQ,357
GDD,357
RRV,358
EGH,358
GYD,358
LVQ,358
EPV,358
EKY,358
DPL,358
INA,358
DRA,358
LRN,358
KIT,358
KLF,358
YAL,358
SDD,359
GRP,359
TSV,359
SNL,359
EKR,359
DKE,359
ESI,359
GRS,359
LQS,359
EAQ,359
DDD,359
DNL,359
ENV,360
ADT,360
EKK,360
LRI,360
NLD,360
RIE,360
GYA,360
GSK,360
APS,360
VKS,361
AEF,361
GQV,361
LGQ,361
NGS,361
GLQ,361
RAS,361
DPD,362
EVF,362
PDV,362
KAS,362
IEI,362
FSA,362
AKT,362
RDV,362
VDR,362
VIP,362
IKG,363
SID,363
RAD,363
DPV,363
VDF,363
ARS,363
QLS,363
GYL,363
GTD,364
PEK,364
SVP,364
LLF,364
RFL,364
DEG,364
DDG,364
QTL,365
DFV,365
TRA,365
KGT,365
TEK,365
VKI,365
EPG,365
NPE,365
NVA,366
ELY,366
DDE,366
SNG,366
LPT,366
RSA,367
ELQ,367
LYL,367
FLS,368
KVD,368
GQA,368
NRL,368
FGA,369
GED,369
FGE,370
GFV,370
VQL,370
LQD,370
GVF,370
AFD,370
VKN,370
ARK,371
IDT,371
ISV,371
VSI,371
DLN,371
SAF,371
ISE,371
SHM,371
AVF,371
ARD,371
IAI,372
EGF,372
YGG,372
SRG,372
IIS,372
VQA,373
DDI,373
TIL,373
YLD,373
VST,374
SVK,374
LAH,374
AAM,374
RIG,374
YLS,374
NTL,374
SIE,375
GVN,375
FVE,375
KDV,375
VTI,375
PSS,375
VSK,375
SDE,375
DIG,375
PTG,376
VIK,376
DED,376
TAK,376
IGT,376
DEK,376
IDK,376
ANV,377
IGI,377
KAD,378
GAF,378
ASK,378
GFT,378
PAT,378
LDF,378
TKL,378
RVI,378
EIS,378
SAP,379
HLL,379
GGQ,379
GDP,379
EGT,379
DVR,380
EED,380
SVI,380
KRV,380
KPV,380
IAP,380
AFV,380
KTA,380
LFS,380
ADP,380
KVS,380
AFS,380
FAL,381
APD,381
DGN,381
NPD,381
LRP,381
LFD,381
KGG,382
NLE,382
PLD,382
EER,382
TTV,382
TAR,382
YFQ,382
DSV,382
SIV,383
LYA,383
EDE,384
IDD,384
FEK,384
VGR,384
DIT,384
LNS,384
EIT,384
KDK,384
PVT,384
TPG,384
FSG,384
REI,385
SSD,385
FAG,385
IIE,385
RGG,385
VDK,385
EIR,385
PET,386
IDI,386
DAF,386
DSS,386
SRA,386
ALY,386
DRI,386
GEP,386
ITD,386
IID,386
RVG,387
KTI,387
RSG,387
EGS,387
ATS,387
SIS,387
FEE,387
ETI,388
SEI,388
IRA,388
KLP,388
LQK,388
SAK,388
LEP,388
VNV,388
ATD,389
ENA,389
KIE,389
IPG,389
SLN,389
LGP,389
RQL,389
DVK,389
LFL,390
LDN,390
ADD,390
YAA,390
GIR,391
LYG,391
ATI,391
IPE,391
SGN,391
KLR,391
SIG,391
RPG,391
ING,392
AVQ,392
PVI,392
GFD,392
GES,392
LND,392
GDT,392
GKR,392
SSI,392
NGE,392
AKS,393
YLK,393
IPL,393
GQL,393
GFS,393
GGY,393
GPV,393
TVR,393
ATT,393
SQL,393
AEQ,393
ATP,394
VKT,394
ILN,394
LTN,394
IER,394
QSL,394
FAD,395
IGK,395
GLF,395
NLT,395
TPV,395
AGQ,395
IVT,396
TDG,396
AVP,396
TIE,396
IEV,396
VIT,396
KKE,397
NGT,397
DGD,397
PGE,397
VPE,397
TRL,397
VVN,398
KII,398
NVV,398
DAS,398
KIK,398
ATR,398
IKD,399
NEL,399
EET,399
TSS,399
KLN,399
VTP,399
RIV,399
RAI,399
SDI,399
PVG,400
RVE,400
PVS,400
EEF,400
LIN,400
TAI,400
KGD,400
VDP,400
QKL,400
FDA,401
ESV,401
TDE,401
TLN,401
AIT,401
KGS,401
VAN,401
NLG,401
TPD,402
IKL,402
MSL,402
VRR,402
STV,402
TKE,402
GRT,402
DII,402
VIS,403
KSV,403
QLG,403
IGR,403
TVK,404
KNL,404
KNG,404
TGR,404
NAI,404
GSE,404
ADS,404
EID,404
RKA,405
VLQ,405
GFA,405
YLL,405
DIE,405
SAR,405
VDT,405
RGI,406
SVT,406
DAK,406
FLG,406
EYL,406
LTI,406
GGN,406
ENI,406
TVI,406
SKE,406
LIT,406
PAE,407
ISS,407
NSL,407
LRT,407
VTS,407
LRQ,407
RGE,407
LAF,408
GDS,408
VNL,408
ATE,408
SST,408
NGI,408
KDI,409
SEG,409
GFL,409
DIS,409
VSR,409
TIS,409
FAE,409
AGN,410
MAA,410
SKG,410
KPL,410
LNK,410
SSH,411
NLK,411
GPA,411
ISD,411
SDV,411
VAQ,411
QAG,411
GSI,411
IDV,412
NGG,412
ASR,412
VDD,412
KTV,412
KVG,412
AGY,412
KQL,412
ELN,413
ITV,413
TGI,413
ADK,413
AYL,413
EKD,413
GLN,413
EVD,413
LIR,413
AKD,413
IVK,414
KPG,414
AYA,414
APV,414
SPA,414
PLE,414
NIL,414
LNV,414
NGL,415
VFD,415
LFE,415
GDE,416
DTA,416
EGD,416
PAS,416
IED,416
REE,416
EIG,418
ADR,418
AMA,418
DSA,418
VTD,418
LPK,418
DVD,418
GNV,418
KIG,418
GRE,419
STA,419
GNG,419
VNA,419
EVR,420
SEV,420
LGY,420
KVT,420
VGK,420
PGT,420
YLA,420
GSP,420
RDA,421
DVE,421
QRL,421
ALF,421
SVG,421
DDA,421
VDS,421
EAD,421
FGL,421
DDV,421
SVD,421
KSG,421
AEN,422
LSI,423
RDG,423
LQG,423
IPV,423
KVE,424
FLD,424
PGD,424
GAN,424
KTG,424
DVT,425
AQG,425
TLI,425
QLV,425
VES,426
ASD,426
YLE,426
LFG,426
VET,426
LKQ,427
DTV,427
QLE,427
GNA,427
GDK,427
TTA,428
PSG,429
SIL,429
NVL,429
KKG,429
QAV,429
DVS,429
ILR,429
NLS,429
FLK,429
AAY,429
IVS,430
QGL,430
ADF,430
AII,430
QVA,430
GII,430
TDA,431
IPA,431
NLA,431
EPL,431
PDA,432
EII,433
GGP,433
SKA,433
EAS,433
KAE,434
VRG,434
AKI,435
VAP,435
AVN,435
IGD,435
GKD,436
RLD,436
EAT,436
PLT,436
AFG,436
RLI,436
VGI,437
VEI,437
VDI,437
IVV,437
AED,437
GNL,438
AES,438
AET,438
EQA,438
GGF,438
VTE,438
ERG,439
EVG,439
GIK,439
VRD,439
VVP,440
ELF,440
NGV,440
FLL,440
IIG,441
ITL,441
FDL,441
GYG,441
TSG,441
ESA,441
NAG,442
DAT,442
LQL,443
SPL,443
IRE,443
EVS,443
LTR,443
NGA,443
IAT,443
SDK,443
RAR,443
LKI,444
VSD,444
LYF,444
TPA,444
LEQ,444
KIV,444
IIA,445
TTG,445
AKR,445
IGS,447
KGA,447
DYL,447
VGT,447
DPS,447
PLS,447
RAE,448
TVD,448
LSQ,449
NLV,449
RLK,449
DID,449
VED,449
GLI,450
LRS,450
KLD,450
NAV,451
LSN,452
VLI,452
ASI,452
LVI,452
LPP,453
TIA,453
VVR,453
RRA,453
ESG,453
LTT,454
ETV,454
FLA,454
LFA,454
DRV,454
IKK,454
SVV,455
RLT,455
EIK,455
QEL,455
KDA,456
ISL,456
PSL,456
EVT,456
GRI,457
ILT,457
VIV,457
QVL,457
VPR,457
LNG,457
RLP,457
AIR,458
DAD,458
LIV,458
ETA,458
RKL,459
EIE,459
SKL,460
DGE,460
TDL,460
HHS,460
PVA,460
ILV,460
LIK,461
PLP,461
FLE,461
SAD,461
TSA,461
ARI,461
EDI,461
ITA,462
APE,462
PTL,462
GIE,462
PRG,462
LGN,462
SSV,463
ELP,463
TAT,463
PED,463
TGD,464
RGV,464
VRV,464
GER,464
VLN,464
DGI,464
IDE,465
SAI,465
EAF,465
GAP,465
KGI,465
GVR,466
GKK,466
TLP,466
VKK,466
ETG,467
DKV,467
AST,467
TTL,467
DFL,469
SEA,469
PLG,469
IVL,469
GTE,469
TAS,469
RSL,470
SVS,471
IGE,471
KGV,471
GRG,471
TPL,471
REG,471
REV,471
KKA,472
SEE,472
VVT,472
DEE,473
TEE,473
LKT,473
LRV,474
LNE,474
GRA,474
LPS,474
KEE,474
GAR,474
LKP,475
PAD,475
IVD,475
LEH,476
AIS,476
SDG,476
SGI,476
SHH,477
TVG,477
EKE,477
ANG,477
SGD,478
PGV,478
DSG,478
VSE,478
AID,478
EDA,478
GTI,479
SVE,480
GET,480
TSL,480
KVK,481
SIA,481
SGR,481
GKS,482
LDT,482
DEI,482
SGE,482
ASE,482
EAK,482
RIL,482
GTS,482
RTL,483
EGI,483
FAA,483
LEI,483
IEG,483
LDP,483
ITG,484
GGD,484
KLT,484
VKG,484
VKD,484
EEK,484
EGR,485
SAT,485
DLR,485
LGF,486
IGV,486
KIA,487
VAK,488
GTT,488
AAN,488
TVV,489
TVS,489
FGG,489
LVN,490
VGS,490
SDA,491
KGE,491
GPL,491
ANL,491
VPL,491
ASS,491
LKR,492
GGR,492
LTK,493
GPG,494
IGA,494
ISA,494
TVE,494
TAD,494
KKV,495
EFL,495
GDI,495
EGE,496
GVI,497
DPE,497
SAE,498
AAP,498
GIT,498
ANA,499
GIS,499
GTP,499
VIE,499
IKA,499
RIA,499
RGA,499
PDL,500
LLI,500
KAK,500
ISG,500
DLD,500
LIS,500
TGV,500
NGK,501
DGG,501
DAE,502
STL,502
VSS,502
KVI,502
RLS,503
LTS,503
SLI,503
DVI,505
VPA,506
SLR,506
GKE,506
PVV,506
VPG,507
VIL,509
IEL,509
LRK,510
TLR,510
EDV,511
ILL,511
VLP,512
TAV,512
VNG,512
DIV,513
PAV,513
KSL,513
ENG,513
VVI,513
PGG,514
DSL,514
LDR,515
GEI,515
STG,516
AAF,516
GAK,516
VER,516
ARV,516
DRL,516
VSV,517
TEA,517
GIV,517
LET,517
KEI,517
AIK,517
SRL,518
LDI,518
LSP,518
KGK,519
IAR,519
TVT,520
LIL,520
PGL,520
PEA,520
IKE,521
NLY,521
LRR,521
ERI,522
TLD,522
IAK,522
AFA,523
GFG,523
IAV,523
PEV,524
ALQ,524
GIL,524
SPE,525
GIP,525
LST,525
IVE,525
NAA,526
LNL,526
GST,526
SDL,527
TAE,527
AKG,528
SSA,528
LQE,528
GEE,529
PAG,529
DLP,529
AIV,529
AGF,530
SLP,530
TEL,530
APA,530
GGE,530
GKP,530
ARR,530
IAS,531
SAS,531
LDS,531
LTP,532
LAI,532
VVK,532
ILD,532
NAL,532
VGE,532
AGR,532
IGL,532
DPA,532
LPD,532
DTL,533
SEL,533
TLS,533
LDD,534
AQL,534
DLT,534
DGR,534
RRL,535
KEG,535
ILK,535
LNA,535
TGE,535
RLE,535
HSS,535
SAV,536
ADE,536
EVK,537
TGK,537
ELT,537
TAG,537
PLV,537
RDL,538
KLI,538
SLD,538
AKV,539
QLA,539
VAI,540
KKI,540
KEV,541
PGA,541
KEK,541
APL,541
KRL,542
PGS,543
TPE,543
LEN,543
EAR,543
RLR,544
GEK,544
LVR,544
LSV,544
RAG,545
TGT,545
VPV,545
LSR,546
VDE,547
ILS,547
VKV,548
KAI,549
VGD,549
GRV,550
VDV,550
EIV,550
VRE,550
GGK,550
IEK,551
ILG,551
AVT,551
KLS,552
VAR,553
AFL,553
IVG,554
KLE,554
KIL,554
VRA,555
EVE,555
KDG,557
TGS,557
LAN,557
DKI,557
GAI,557
LIG,558
GVK,559
TLK,559
LKN,560
LKV,561
AAQ,561
IDL,561
RGL,561
GID,562
VAT,562
PVL,562
EQL,562
TVL,562
DGA,563
LDK,563
GEA,563
GAE,563
AEI,563
TLV,564
GKA,564
KLK,564
IDG,565
LRG,565
AKK,565
AIG,565
KVA,565
ALN,565
DDL,566
VRL,566
GGI,566
TLG,566
KDL,568
EDG,568
AVS,568
ERV,569
GKG,569
NLL,569
VKE,570
ELD,570
AVD,570
GDG,570
SVA,571
ERA,571
DAI,571
GVE,572
LKS,573
LPV,573
GVT,574
VGV,574
VIG,574
IAD,575
PEG,575
GKI,576
EVI,576
SLV,576
VVS,576
GVS,576
LVT,576
ARE,578
TGL,579
GEG,579
IEA,579
VEK,580
ATV,580
PDG,580
AIE,581
DLE,581
ASV,581
PAA,582
ARG,582
LIE,583
GDA,583
LGR,584
LLQ,584
PEE,584
LQA,585
SLT,585
MGS,586
EGA,586
QAA,586
DEV,587
VID,587
RVA,588
AVI,589
ALP,589
EGG,590
VLR,590
LES,590
LTV,590
GLR,590
LTD,592
SSS,592
DLI,593
AQA,594
RVV,594
APG,594
VGA,594
VTA,595
EEE,595
TVA,595
AGD,596
TLT,597
LGK,597
SLK,597
LAP,597
ADI,598
GVP,598
RGS,598
IDA,599
ELR,599
DAG,600
IVA,600
GKT,601
IEE,601
DEA,601
SGK,602
VSA,602
EKI,603
QLL,603
DKL,603
AKE,603
GTA,603
KTL,603
VAS,604
PEL,604
SAG,604
KVV,605
VKL,605
EGV,605
VEG,606
DIA,606
DLK,606
PLA,607
LLN,607
VTV,607
VSG,608
GTV,609
SGT,609
ELS,613
LGT,613
AIL,613
VEV,614
EGK,614
GSV,616
LIA,617
VLT,617
KGL,618
EAE,618
IAG,618
LRD,619
DGL,619
LAQ,621
SVL,621
EEG,621
SSL,622
DIL,625
EKG,625
ELI,625
ESL,625
LVS,626
RLV,626
IGG,626
GLK,626
LSK,626
KLV,626
EKV,627
SGV,627
ALI,628
GIA,628
GDV,628
IAE,629
KLG,629
SNA,631
GSH,631
DGV,631
ILA,631
SLS,633
AVR,633
RAV,634
GSD,634
AVK,634
VTL,634
ILE,635
LGD,636
AER,636
VSL,637
LGS,637
GGT,639
AGK,639
GIG,640
LPG,640
AGS,640
AGT,641
LDV,641
VIA,641
VGL,641
SLE,641
RLG,644
TGG,645
VDA,645
KAV,647
DVA,647
VTG,648
KEA,649
VEL,649
VVD,651
AEK,652
DLS,653
GTG,654
SGS,655
KKL,655
AKL,656
GAS,656
VLK,656
DGT,656
IAL,657
GRL,657
LEV,659
VVE,659
VKA,659
ADV,660
VEE,661
REA,661
AAT,661
LID,663
AEE,663
EIL,664
LLP,664
LED,664
GAT,665
TGA,666
LVP,667
LVK,667
GVG,667
GLT,667
LTE,667
GEV,668
LKL,669
AGE,669
EIA,670
LGE,673
DGS,673
LPL,674
RVL,674
GSA,674
LKG,675
LPA,676
LSD,677
EDL,678
TLE,678
GLE,679
LSS,681
KAG,682
AEV,683
VAD,683
VLS,685
PAL,685
GVV,686
LVV,688
VDG,690
LGI,690
GLD,690
GDL,690
LKD,690
EVA,691
EVV,692
ETL,694
ELE,699
GVD,700
LLT,701
GAD,702
PLL,703
EAI,703
SGA,704
LLV,705
DGK,709
EEV,712
AGI,712
LTL,712
LRL,713
AVE,713
QAL,715
LPE,715
TAL,716
GAV,717
EKA,717
DVV,719
EEI,720
GLP,721
GTL,722
DLV,723
ALT,723
ATL,724
DAV,724
GKL,724
LAT,727
AAD,727
VGG,727
AVG,728
KLA,729
GKV,729
LDE,730
DLG,730
LER,730
DEL,730
SLG,731
ASA,732
REL,732
LVG,733
AEG,734
LSE,735
ATG,737
VLG,737
LDG,740
VVV,742
TLL,745
SAL,746
LKK,746
KVL,747
ENL,748
VVG,750
LEG,751
LSL,751
SGG,753
KLL,754
VEA,754
LTA,759
KAA,759
GGV,760
GVA,761
AAK,761
VVL,763
GEL,764
VLV,764
AAI,764
LTG,765
GLS,765
GSL,767
ELK,769
LVL,769
ELV,770
AVV,771
DVL,771
LAV,771
SLA,771
VAG,773
GGS,776
LLR,776
EGL,777
TLA,780
SAA,782
ADG,783
VAV,785
ASL,785
AAS,789
ADA,792
LRA,795
LVD,796
GGL,796
ATA,799
LDL,802
VLD,802
TAA,803
SLL,803
ARL,805
LVE,808
VVA,808
GGA,811
ALD,812
EAG,813
GVL,813
VLL,815
VDL,817
GAL,818
LSG,820
ASG,823
GLG,823
LRE,824
LAS,828
LGV,828
VAE,829
DLA,831
EEA,833
GSG,835
LDA,838
AKA,839
RAA,841
ARA,843
RLA,846
LEL,851
ERL,851
LVA,854
ALS,855
VAL,857
AGG,858
EAV,861
AIA,862
ELG,862
LGG,865
LSA,866
DAA,874
IAA,875
RAL,876
RLL,877
ADL,879
LAD,882
GAA,885
ALV,887
VLE,893
ALR,894
KEL,899
AGV,900
LKA,902
AAR,903
LAK,906
GSS,907
LGA,909
DLL,910
ALK,910
SGL,912
GAG,912
EVL,913
LLS,917
GLL,918
GLV,923
LLK,926
GGG,929
LAR,933
AVL,938
DAL,946
LEK,956
EKL,956
LLL,965
LEE,979
LLG,983
SSG,989
LLD,990
GLA,995
VLA,996
KAL,998
AAE,1000
LKE,1001
AEA,1011
EAA,1021
AGA,1029
AGL,1032
AAV,1034
AEL,1046
ELA,1051
EEL,1066
ALG,1076
LGL,1080
LAG,1082
VAA,1105
ALE,1111
LEA,1111
AVA,1118
ELL,1129
LAL,1131
LLE,1166
LAE,1172
AAG,1246
ALL,1289
LLA,1296
EAL,1316
LAA,1478
AAL,1534
ALA,1563
AAA,1682
HHH,6143
