AAA, 0.1638
AAC, 0.6296
AAF, 0.0976
AAI, 0.2262
AAL, 0.1004
AAM, 0.1228
AAV, 0.2532
AAW, 0.2944
AAH, 0.054
AAN, 0.4644
AAQ, 0.4108
AAS, 0.705
AAT, 0.5042
AAY, 0.1794
AAG, 0.5328
AAP, 0.5146
AAD, 0.074
AAE, 0.6426
AAK, 0.3216
AAR, 0.569
ACA, 0.2968
ACC, 0.0206
ACF, 0.1852
ACI, 0.1482
ACL, 0.4924
ACM, 0.2114
ACV, 0.6716
ACW, 0.0
ACH, 0.358
ACN, 0.3408
ACQ, 0.7838
ACS, 0.3506
ACT, 0.158
ACY, 0.2874
ACG, 0.0104
ACP, 0.706
ACD, 0.1602
ACE, 0.3966
ACK, 0.0066
ACR, 0.2262
AFA, 0.5592
AFC, 0.5736
AFF, 0.75
AFI, 0.2222
AFL, 0.6004
AFM, 0.0102
AFV, 0.3164
AFW, 0.2422
AFH, 0.0046
AFN, 0.2608
AFQ, 0.5258
AFS, 0.8012
AFT, 0.225
AFY, 0.358
AFG, 0.0052
AFP, 0.0198
AFD, 0.3364
AFE, 0.3888
AFK, 0.0862
AFR, 0.4364
AIA, 0.6198
AIC, 0.0022
AIF, 0.1404
AII, 0.0292
AIL, 0.3534
AIM, 0.0446
AIV, 0.1986
AIW, 0.1608
AIH, 0.2416
AIN, 0.3196
AIQ, 0.1606
AIS, 0.7774
AIT, 0.2298
AIY, 0.3202
AIG, 0.3326
AIP, 0.5218
AID, 0.3754
AIE, 0.179
AIK, 0.337
AIR, 0.4806
ALA, 0.096
ALC, 0.2206
ALF, 0.8476
ALI, 0.3052
ALL, 0.27
ALM, 0.5618
ALV, 0.5564
ALW, 0.4736
ALH, 0.3922
ALN, 0.8888
ALQ, 0.4182
ALS, 0.0448
ALT, 0.326
ALY, 0.0
ALG, 0.2016
ALP, 0.0
ALD, 0.14
ALE, 0.6022
ALK, 0.4508
ALR, 0.8416
AMA, 0.128
AMC, 0.3964
AMF, 0.0658
AMI, 0.5568
AML, 0.2348
AMM, 0.5038
AMV, 0.2186
AMW, 0.658
AMH, 0.2676
AMN, 0.0
AMQ, 0.6648
AMS, 0.6326
AMT, 0.3002
AMY, 0.1514
AMG, 0.6898
AMP, 0.0
AMD, 0.1608
AME, 0.105
AMK, 0.4936
AMR, 0.1948
AVA, 0.1124
AVC, 0.2182
AVF, 0.3934
AVI, 0.3114
AVL, 0.6284
AVM, 0.5458
AVV, 0.3016
AVW, 0.3112
AVH, 0.255
AVN, 0.1432
AVQ, 0.3138
AVS, 0.4138
AVT, 0.2882
AVY, 0.1796
AVG, 0.062
AVP, 0.3814
AVD, 0.0106
AVE, 0.1034
AVK, 0.2268
AVR, 0.4826
AWA, 0.2682
AWC, 0.5368
AWF, 0.1136
AWI, 0.6292
AWL, 0.0932
AWM, 0.0716
AWV, 0.4688
AWW, 0.2614
AWH, 0.1056
AWN, 0.2116
AWQ, 0.244
AWS, 0.0424
AWT, 0.0182
AWY, 0.2362
AWG, 0.0718
AWP, 0.0
AWD, 0.23
AWE, 0.6416
AWK, 0.182
AWR, 0.0852
AHA, 0.2176
AHC, 0.1078
AHF, 0.4432
AHI, 0.0972
AHL, 0.1736
AHM, 0.3672
AHV, 0.0
AHW, 0.2436
AHH, 0.3302
AHN, 0.1374
AHQ, 0.2256
AHS, 0.063
AHT, 0.4966
AHY, 0.25
AHG, 0.4276
AHP, 0.4962
AHD, 0.2876
AHE, 0.0386
AHK, 0.592
AHR, 0.224
ANA, 0.3554
ANC, 0.3692
ANF, 0.0
ANI, 0.379
ANL, 0.63
ANM, 0.0
ANV, 0.3362
ANW, 0.0
ANH, 0.686
ANN, 0.2106
ANQ, 0.1766
ANS, 0.3718
ANT, 0.575
ANY, 0.4264
ANG, 0.0544
ANP, 0.2918
AND, 0.2318
ANE, 0.2576
ANK, 0.1598
ANR, 0.538
AQA, 0.6064
AQC, 0.3312
AQF, 0.3548
AQI, 0.3556
AQL, 0.5814
AQM, 0.4018
AQV, 0.1316
AQW, 0.4584
AQH, 0.1736
AQN, 0.5022
AQQ, 0.0584
AQS, 0.596
AQT, 0.451
AQY, 0.5026
AQG, 0.2554
AQP, 0.5424
AQD, 0.345
AQE, 0.0522
AQK, 0.179
AQR, 0.3758
ASA, 0.6036
ASC, 0.0748
ASF, 0.0
ASI, 0.0832
ASL, 0.2174
ASM, 0.4624
ASV, 0.1574
ASW, 0.2626
ASH, 0.1652
ASN, 0.4302
ASQ, 0.3258
ASS, 0.0954
AST, 0.3014
ASY, 0.2002
ASG, 0.7872
ASP, 0.6798
ASD, 0.1884
ASE, 0.6026
ASK, 0.4818
ASR, 0.548
ATA, 0.1154
ATC, 0.326
ATF, 0.1874
ATI, 0.3548
ATL, 0.1564
ATM, 0.2794
ATV, 0.3804
ATW, 0.3118
ATH, 0.1852
ATN, 0.343
ATQ, 0.2818
ATS, 0.3332
ATT, 0.2786
ATY, 0.2318
ATG, 0.1682
ATP, 0.083
ATD, 0.258
ATE, 0.1676
ATK, 0.2692
ATR, 0.5496
AYA, 0.165
AYC, 0.265
AYF, 0.3004
AYI, 0.1942
AYL, 0.0798
AYM, 0.2672
AYV, 0.1326
AYW, 0.2784
AYH, 0.2118
AYN, 0.1886
AYQ, 0.5852
AYS, 0.0586
AYT, 0.1842
AYY, 0.0
AYG, 0.091
AYP, 0.049
AYD, 0.1376
AYE, 0.5484
AYK, 0.3174
AYR, 0.545
AGA, 0.2738
AGC, 0.1324
AGF, 0.328
AGI, 0.3134
AGL, 0.5818
AGM, 0.0
AGV, 0.3236
AGW, 0.35
AGH, 0.6796
AGN, 0.5412
AGQ, 0.1032
AGS, 0.5114
AGT, 0.4802
AGY, 0.146
AGG, 0.0
AGP, 0.3628
AGD, 0.0516
AGE, 0.2882
AGK, 0.1498
AGR, 0.3566
APA, 0.3096
APC, 0.1178
APF, 0.2638
API, 0.2134
APL, 0.1976
APM, 0.199
APV, 0.766
APW, 0.0882
APH, 0.7846
APN, 0.0538
APQ, 0.637
APS, 0.2552
APT, 0.7222
APY, 0.1374
APG, 0.1508
APP, 0.0004
APD, 0.1688
APE, 0.3244
APK, 0.2844
APR, 0.0
ADA, 0.3052
ADC, 0.8922
ADF, 0.3168
ADI, 0.51
ADL, 0.1634
ADM, 0.1556
ADV, 0.0538
ADW, 0.0
ADH, 0.0828
ADN, 0.2326
ADQ, 0.0726
ADS, 0.3074
ADT, 0.2304
ADY, 0.2662
ADG, 0.2432
ADP, 0.4394
ADD, 0.121
ADE, 0.3972
ADK, 0.4472
ADR, 0.0
AEA, 0.423
AEC, 0.2096
AEF, 0.6468
AEI, 0.2318
AEL, 0.096
AEM, 0.3338
AEV, 0.3474
AEW, 0.4232
AEH, 0.2858
AEN, 0.0342
AEQ, 0.129
AES, 0.4372
AET, 0.0606
AEY, 0.0
AEG, 0.2578
AEP, 0.0496
AED, 0.1098
AEE, 0.3132
AEK, 0.0356
AER, 0.0678
AKA, 0.472
AKC, 0.1842
AKF, 0.4594
AKI, 0.2606
AKL, 0.123
AKM, 0.7324
AKV, 0.3844
AKW, 0.1496
AKH, 0.1358
AKN, 0.1922
AKQ, 0.4336
AKS, 0.363
AKT, 0.3604
AKY, 0.576
AKG, 0.7874
AKP, 0.0
AKD, 0.0988
AKE, 0.305
AKK, 0.0
AKR, 0.2744
ARA, 0.3856
ARC, 0.2168
ARF, 0.0
ARI, 0.5128
ARL, 0.3624
ARM, 0.1552
ARV, 0.2934
ARW, 0.0766
ARH, 0.687
ARN, 0.2018
ARQ, 0.1014
ARS, 0.3412
ART, 0.7874
ARY, 0.4462
ARG, 0.4082
ARP, 0.7882
ARD, 0.184
ARE, 0.2956
ARK, 0.2776
ARR, 0.666
CAA, 0.2066
CAC, 0.0964
CAF, 0.0444
CAI, 0.5768
CAL, 0.012
CAM, 0.3842
CAV, 0.0404
CAW, 0.843
CAH, 0.134
CAN, 0.5364
CAQ, 0.3356
CAS, 0.2778
CAT, 0.0808
CAY, 0.0634
CAG, 0.6118
CAP, 0.1124
CAD, 0.3476
CAE, 0.1728
CAK, 0.4388
CAR, 0.2618
CCA, 0.7762
CCC, 0.4578
CCF, 0.3524
CCI, 0.415
CCL, 0.0
CCM, 0.18
CCV, 0.316
CCW, 0.2072
CCH, 0.2196
CCN, 0.367
CCQ, 0.3244
CCS, 0.4698
CCT, 0.408
CCY, 0.2896
CCG, 0.0308
CCP, 0.2536
CCD, 0.3386
CCE, 0.2038
CCK, 0.1848
CCR, 0.249
CFA, 0.3498
CFC, 0.0918
CFF, 0.1904
CFI, 0.0826
CFL, 0.7094
CFM, 0.3684
CFV, 0.2694
CFW, 0.1568
CFH, 0.1832
CFN, 0.02
CFQ, 0.2216
CFS, 0.0574
CFT, 0.3234
CFY, 0.1996
CFG, 0.6
CFP, 0.0338
CFD, 0.2556
CFE, 0.2718
CFK, 0.3676
CFR, 0.2526
CIA, 0.1986
CIC, 0.0598
CIF, 0.0728
CII, 0.1104
CIL, 0.4624
CIM, 0.425
CIV, 0.004
CIW, 0.0696
CIH, 0.3028
CIN, 0.1802
CIQ, 0.2768
CIS, 0.4462
CIT, 0.0948
CIY, 0.2898
CIG, 0.2212
CIP, 0.4624
CID, 0.535
CIE, 0.1316
CIK, 0.1462
CIR, 0.1688
CLA, 0.2366
CLC, 0.1984
CLF, 0.2416
CLI, 0.0004
CLL, 0.5984
CLM, 0.2508
CLV, 0.3516
CLW, 0.5424
CLH, 0.0988
CLN, 0.1692
CLQ, 0.1528
CLS, 0.3202
CLT, 0.108
CLY, 0.3382
CLG, 0.4664
CLP, 0.3764
CLD, 0.0
CLE, 0.178
CLK, 0.4158
CLR, 0.211
CMA, 0.2008
CMC, 0.5412
CMF, 0.3456
CMI, 0.2494
CML, 0.4146
CMM, 0.0854
CMV, 0.1464
CMW, 0.0166
CMH, 0.2896
CMN, 0.4716
CMQ, 0.1582
CMS, 0.2236
CMT, 0.1406
CMY, 0.2318
CMG, 0.0
CMP, 0.3352
CMD, 0.1158
CME, 0.2924
CMK, 0.0
CMR, 0.002
CVA, 0.426
CVC, 0.0
CVF, 0.112
CVI, 0.087
CVL, 0.2962
CVM, 0.6564
CVV, 0.0752
CVW, 0.1156
CVH, 0.0888
CVN, 0.2744
CVQ, 0.3098
CVS, 0.3094
CVT, 0.2116
CVY, 0.034
CVG, 0.2384
CVP, 0.3038
CVD, 0.15
CVE, 0.1352
CVK, 0.1438
CVR, 0.4954
CWA, 0.5984
CWC, 0.0194
CWF, 0.1852
CWI, 0.2714
CWL, 0.2114
CWM, 0.2834
CWV, 0.2124
CWW, 0.4018
CWH, 0.0104
CWN, 0.5368
CWQ, 0.2436
CWS, 0.21
CWT, 0.0834
CWY, 0.0
CWG, 0.2236
CWP, 0.1326
CWD, 0.2722
CWE, 0.094
CWK, 0.1208
CWR, 0.5796
CHA, 0.056
CHC, 0.2514
CHF, 0.2638
CHI, 0.234
CHL, 0.502
CHM, 0.0
CHV, 0.1432
CHW, 0.1868
CHH, 0.561
CHN, 0.3706
CHQ, 0.1428
CHS, 0.3906
CHT, 0.0336
CHY, 0.1376
CHG, 0.034
CHP, 0.3466
CHD, 0.1914
CHE, 0.0952
CHK, 0.1324
CHR, 0.0
CNA, 0.3488
CNC, 0.0772
CNF, 0.0348
CNI, 0.1786
CNL, 0.0
CNM, 0.1024
CNV, 0.2998
CNW, 0.2146
CNH, 0.244
CNN, 0.0172
CNQ, 0.0744
CNS, 0.3564
CNT, 0.3278
CNY, 0.2014
CNG, 0.0772
CNP, 0.2666
CND, 0.3624
CNE, 0.4812
CNK, 0.0548
CNR, 0.5876
CQA, 0.67
CQC, 0.24
CQF, 0.264
CQI, 0.4724
CQL, 0.4416
CQM, 0.164
CQV, 0.1014
CQW, 0.1994
CQH, 0.0788
CQN, 0.2306
CQQ, 0.2928
CQS, 0.1226
CQT, 0.2704
CQY, 0.4478
CQG, 0.5288
CQP, 0.191
CQD, 0.1016
CQE, 0.0896
CQK, 0.1182
CQR, 0.1826
CSA, 0.1378
CSC, 0.268
CSF, 0.0412
CSI, 0.0256
CSL, 0.5508
CSM, 0.1108
CSV, 0.0916
CSW, 0.168
CSH, 0.0344
CSN, 0.0026
CSQ, 0.0
CSS, 0.4122
CST, 0.443
CSY, 0.3464
CSG, 0.4096
CSP, 0.0346
CSD, 0.0072
CSE, 0.146
CSK, 0.1416
CSR, 0.5332
CTA, 0.1672
CTC, 0.1432
CTF, 0.0
CTI, 0.0894
CTL, 0.048
CTM, 0.304
CTV, 0.5024
CTW, 0.4878
CTH, 0.4462
CTN, 0.285
CTQ, 0.0364
CTS, 0.0938
CTT, 0.0
CTY, 0.355
CTG, 0.3062
CTP, 0.7938
CTD, 0.213
CTE, 0.5326
CTK, 0.2204
CTR, 0.325
CYA, 0.0776
CYC, 0.1252
CYF, 0.4054
CYI, 0.3194
CYL, 0.1844
CYM, 0.3914
CYV, 0.406
CYW, 0.0984
CYH, 0.3914
CYN, 0.2548
CYQ, 0.1856
CYS, 0.0876
CYT, 0.3416
CYY, 0.1088
CYG, 0.1898
CYP, 0.3334
CYD, 0.6858
CYE, 0.107
CYK, 0.1524
CYR, 0.1136
CGA, 0.1202
CGC, 0.4342
CGF, 0.009
CGI, 0.4128
CGL, 0.1292
CGM, 0.462
CGV, 0.161
CGW, 0.4758
CGH, 0.7844
CGN, 0.0
CGQ, 0.2518
CGS, 0.3368
CGT, 0.511
CGY, 0.6314
CGG, 0.0444
CGP, 0.1942
CGD, 0.0786
CGE, 0.154
CGK, 0.185
CGR, 0.3028
CPA, 0.1608
CPC, 0.0888
CPF, 0.436
CPI, 0.7604
CPL, 0.3586
CPM, 0.0002
CPV, 0.3948
CPW, 0.0348
CPH, 0.1142
CPN, 0.013
CPQ, 0.3366
CPS, 0.4108
CPT, 0.0742
CPY, 0.4964
CPG, 0.1466
CPP, 0.2888
CPD, 0.202
CPE, 0.0316
CPK, 0.073
CPR, 0.0
CDA, 0.0
CDC, 0.0392
CDF, 0.25
CDI, 0.071
CDL, 0.1462
CDM, 0.1698
CDV, 0.1074
CDW, 0.3344
CDH, 0.0
CDN, 0.2404
CDQ, 0.1224
CDS, 0.5646
CDT, 0.2712
CDY, 0.2442
CDG, 0.2248
CDP, 0.1632
CDD, 0.3812
CDE, 0.0808
CDK, 0.2934
CDR, 0.699
CEA, 0.0
CEC, 0.2462
CEF, 0.3138
CEI, 0.4448
CEL, 0.1588
CEM, 0.1908
CEV, 0.5476
CEW, 0.2374
CEH, 0.0684
CEN, 0.5412
CEQ, 0.2484
CES, 0.3024
CET, 0.2716
CEY, 0.1764
CEG, 0.0322
CEP, 0.2164
CED, 0.0736
CEE, 0.2232
CEK, 0.3084
CER, 0.3994
CKA, 0.102
CKC, 0.4672
CKF, 0.1016
CKI, 0.1126
CKL, 0.0452
CKM, 0.1464
CKV, 0.1442
CKW, 0.374
CKH, 0.08
CKN, 0.0454
CKQ, 0.1784
CKS, 0.2674
CKT, 0.227
CKY, 0.2554
CKG, 0.336
CKP, 0.1044
CKD, 0.06
CKE, 0.4512
CKK, 0.285
CKR, 0.3404
CRA, 0.3622
CRC, 0.1874
CRF, 0.588
CRI, 0.0
CRL, 0.2406
CRM, 0.0918
CRV, 0.1696
CRW, 0.5672
CRH, 0.4902
CRN, 0.2538
CRQ, 0.5858
CRS, 0.0618
CRT, 0.6942
CRY, 0.0292
CRG, 0.4438
CRP, 0.6102
CRD, 0.0754
CRE, 0.4806
CRK, 0.689
CRR, 0.5434
FAA, 0.3368
FAC, 0.084
FAF, 0.3192
FAI, 0.6034
FAL, 0.4554
FAM, 0.1366
FAV, 0.4994
FAW, 0.0044
FAH, 0.0
FAN, 0.4614
FAQ, 0.147
FAS, 0.2656
FAT, 0.0
FAY, 0.4536
FAG, 0.1546
FAP, 0.2602
FAD, 0.2812
FAE, 0.2742
FAK, 0.1256
FAR, 0.4284
FCA, 0.4818
FCC, 0.065
FCF, 0.078
FCI, 0.3
FCL, 0.0
FCM, 0.2974
FCV, 0.1426
FCW, 0.0848
FCH, 0.284
FCN, 0.0872
FCQ, 0.0766
FCS, 0.0416
FCT, 0.6734
FCY, 0.172
FCG, 0.3828
FCP, 0.0146
FCD, 0.2794
FCE, 0.194
FCK, 0.308
FCR, 0.0008
FFA, 0.2252
FFC, 0.7836
FFF, 0.2284
FFI, 0.3298
FFL, 0.0608
FFM, 0.5128
FFV, 0.0884
FFW, 0.3994
FFH, 0.13
FFN, 0.5894
FFQ, 0.3754
FFS, 0.356
FFT, 0.0448
FFY, 0.4946
FFG, 0.525
FFP, 0.2558
FFD, 0.0
FFE, 0.496
FFK, 0.3736
FFR, 0.6652
FIA, 0.4792
FIC, 0.2818
FIF, 0.2104
FII, 0.522
FIL, 0.0976
FIM, 0.352
FIV, 0.024
FIW, 0.4552
FIH, 0.6546
FIN, 0.195
FIQ, 0.7312
FIS, 0.441
FIT, 0.4098
FIY, 0.2682
FIG, 0.0426
FIP, 0.2438
FID, 0.5504
FIE, 0.0
FIK, 0.246
FIR, 0.2356
FLA, 0.0574
FLC, 0.2436
FLF, 0.011
FLI, 0.1442
FLL, 0.0362
FLM, 0.247
FLV, 0.4216
FLW, 0.5084
FLH, 0.2926
FLN, 0.0268
FLQ, 0.0684
FLS, 0.3994
FLT, 0.6924
FLY, 0.0456
FLG, 0.0
FLP, 0.5424
FLD, 0.0
FLE, 0.7172
FLK, 0.4464
FLR, 0.663
FMA, 0.0256
FMC, 0.3192
FMF, 0.2222
FMI, 0.684
FML, 0.269
FMM, 0.1294
FMV, 0.0604
FMW, 0.1882
FMH, 0.2284
FMN, 0.612
FMQ, 0.4362
FMS, 0.0112
FMT, 0.0478
FMY, 0.3234
FMG, 0.4074
FMP, 0.5342
FMD, 0.2498
FME, 0.262
FMK, 0.4962
FMR, 0.2072
FVA, 0.083
FVC, 0.0
FVF, 0.0
FVI, 0.3336
FVL, 0.182
FVM, 0.3004
FVV, 0.2382
FVW, 0.2514
FVH, 0.4218
FVN, 0.4808
FVQ, 0.582
FVS, 0.2874
FVT, 0.0656
FVY, 0.2328
FVG, 0.1822
FVP, 0.171
FVD, 0.1766
FVE, 0.3676
FVK, 0.2406
FVR, 0.5798
FWA, 0.29
FWC, 0.3744
FWF, 0.1774
FWI, 0.1044
FWL, 0.335
FWM, 0.3472
FWV, 0.613
FWW, 0.4146
FWH, 0.0528
FWN, 0.3864
FWQ, 0.0812
FWS, 0.2238
FWT, 0.1312
FWY, 0.0
FWG, 0.1384
FWP, 0.1382
FWD, 0.1106
FWE, 0.1096
FWK, 0.289
FWR, 0.4192
FHA, 0.386
FHC, 0.1428
FHF, 0.2858
FHI, 0.5926
FHL, 0.3268
FHM, 0.2802
FHV, 0.4474
FHW, 0.508
FHH, 0.2336
FHN, 0.1334
FHQ, 0.0
FHS, 0.08
FHT, 0.0
FHY, 0.0314
FHG, 0.0
FHP, 0.2322
FHD, 0.1384
FHE, 0.3112
FHK, 0.1694
FHR, 0.242
FNA, 0.1544
FNC, 0.1314
FNF, 0.4996
FNI, 0.1774
FNL, 0.4768
FNM, 0.3414
FNV, 0.2298
FNW, 0.173
FNH, 0.0214
FNN, 0.1378
FNQ, 0.3378
FNS, 0.1048
FNT, 0.0
FNY, 0.8742
FNG, 0.1952
FNP, 0.635
FND, 0.5876
FNE, 0.1796
FNK, 0.4814
FNR, 0.4288
FQA, 0.6538
FQC, 0.274
FQF, 0.3606
FQI, 0.7832
FQL, 0.2266
FQM, 0.1994
FQV, 0.0
FQW, 0.3446
FQH, 0.4032
FQN, 0.5538
FQQ, 0.3886
FQS, 0.4282
FQT, 0.0798
FQY, 0.007
FQG, 0.1326
FQP, 0.301
FQD, 0.6262
FQE, 0.5732
FQK, 0.3392
FQR, 0.006
FSA, 0.233
FSC, 0.4886
FSF, 0.6556
FSI, 0.1498
FSL, 0.4886
FSM, 0.0
FSV, 0.336
FSW, 0.1788
FSH, 0.5746
FSN, 0.1382
FSQ, 0.4062
FSS, 0.6028
FST, 0.0922
FSY, 0.1014
FSG, 0.4156
FSP, 0.7202
FSD, 0.1546
FSE, 0.4118
FSK, 0.4558
FSR, 0.1984
FTA, 0.1256
FTC, 0.3044
FTF, 0.0406
FTI, 0.0
FTL, 0.7242
FTM, 0.2444
FTV, 0.689
FTW, 0.2566
FTH, 0.6408
FTN, 0.062
FTQ, 0.4544
FTS, 0.1132
FTT, 0.2804
FTY, 0.1374
FTG, 0.4538
FTP, 0.2952
FTD, 0.2138
FTE, 0.0548
FTK, 0.2268
FTR, 0.1518
FYA, 0.6808
FYC, 0.2148
FYF, 0.0296
FYI, 0.3146
FYL, 0.21
FYM, 0.4966
FYV, 0.6186
FYW, 0.2128
FYH, 0.0116
FYN, 0.4038
FYQ, 0.218
FYS, 0.3422
FYT, 0.23
FYY, 0.0684
FYG, 0.2476
FYP, 0.145
FYD, 0.2394
FYE, 0.1712
FYK, 0.125
FYR, 0.1774
FGA, 0.399
FGC, 0.3288
FGF, 0.228
FGI, 0.2996
FGL, 0.6234
FGM, 0.1338
FGV, 0.5032
FGW, 0.3018
FGH, 0.0342
FGN, 0.1832
FGQ, 0.0068
FGS, 0.357
FGT, 0.3578
FGY, 0.2794
FGG, 0.1128
FGP, 0.2694
FGD, 0.11
FGE, 0.0646
FGK, 0.3542
FGR, 0.0278
FPA, 0.2922
FPC, 0.0766
FPF, 0.6754
FPI, 0.5134
FPL, 0.391
FPM, 0.0798
FPV, 0.1792
FPW, 0.3274
FPH, 0.3168
FPN, 0.2566
FPQ, 0.1806
FPS, 0.0718
FPT, 0.1534
FPY, 0.0876
FPG, 0.0
FPP, 0.1682
FPD, 0.104
FPE, 0.0266
FPK, 0.4166
FPR, 0.333
FDA, 0.5026
FDC, 0.2988
FDF, 0.1466
FDI, 0.532
FDL, 0.2964
FDM, 0.2416
FDV, 0.3646
FDW, 0.546
FDH, 0.3884
FDN, 0.0
FDQ, 0.0142
FDS, 0.5586
FDT, 0.1202
FDY, 0.3694
FDG, 0.2226
FDP, 0.1438
FDD, 0.0508
FDE, 0.0
FDK, 0.0822
FDR, 0.2494
FEA, 0.1834
FEC, 0.0
FEF, 0.588
FEI, 0.5046
FEL, 0.0
FEM, 0.252
FEV, 0.4866
FEW, 0.0
FEH, 0.1222
FEN, 0.4134
FEQ, 0.2156
FES, 0.457
FET, 0.6618
FEY, 0.1612
FEG, 0.0992
FEP, 0.304
FED, 0.054
FEE, 0.3612
FEK, 0.467
FER, 0.227
FKA, 0.429
FKC, 0.0876
FKF, 0.3144
FKI, 0.3562
FKL, 0.38
FKM, 0.5302
FKV, 0.2882
FKW, 0.0592
FKH, 0.3086
FKN, 0.0398
FKQ, 0.8248
FKS, 0.1122
FKT, 0.333
FKY, 0.6382
FKG, 0.816
FKP, 0.3076
FKD, 0.606
FKE, 0.3464
FKK, 0.0752
FKR, 0.2984
FRA, 0.3622
FRC, 0.0916
FRF, 0.2764
FRI, 0.0792
FRL, 0.3624
FRM, 0.0
FRV, 0.0726
FRW, 0.1208
FRH, 0.0392
FRN, 0.2508
FRQ, 0.1974
FRS, 0.7172
FRT, 0.468
FRY, 0.2128
FRG, 0.529
FRP, 0.2972
FRD, 0.5154
FRE, 0.413
FRK, 0.1194
FRR, 0.0
IAA, 0.3082
IAC, 0.1184
IAF, 0.153
IAI, 0.2812
IAL, 0.5224
IAM, 0.442
IAV, 0.0588
IAW, 0.2854
IAH, 0.4944
IAN, 0.5364
IAQ, 0.2338
IAS, 0.4296
IAT, 0.3346
IAY, 0.3828
IAG, 0.5592
IAP, 0.1346
IAD, 0.3622
IAE, 0.0994
IAK, 0.1752
IAR, 0.3112
ICA, 0.036
ICC, 0.0402
ICF, 0.1826
ICI, 0.0926
ICL, 0.4164
ICM, 0.1588
ICV, 0.0552
ICW, 0.3456
ICH, 0.2566
ICN, 0.1126
ICQ, 0.1426
ICS, 0.0964
ICT, 0.0708
ICY, 0.1862
ICG, 0.59
ICP, 0.0798
ICD, 0.3952
ICE, 0.2374
ICK, 0.2646
ICR, 0.198
IFA, 0.3796
IFC, 0.0932
IFF, 0.6008
IFI, 0.2184
IFL, 0.4348
IFM, 0.0812
IFV, 0.0266
IFW, 0.3214
IFH, 0.3416
IFN, 0.2548
IFQ, 0.2328
IFS, 0.3604
IFT, 0.401
IFY, 0.0824
IFG, 0.4362
IFP, 0.4036
IFD, 0.4224
IFE, 0.0
IFK, 0.5258
IFR, 0.0968
IIA, 0.6152
IIC, 0.148
IIF, 0.1474
III, 0.0672
IIL, 0.3392
IIM, 0.2314
IIV, 0.1832
IIW, 0.1408
IIH, 0.4448
IIN, 0.5322
IIQ, 0.4902
IIS, 0.5622
IIT, 0.0184
IIY, 0.2568
IIG, 0.4322
IIP, 0.169
IID, 0.0
IIE, 0.1302
IIK, 0.7236
IIR, 0.1332
ILA, 0.5448
ILC, 0.1094
ILF, 0.7286
ILI, 0.3514
ILL, 0.2086
ILM, 0.1486
ILV, 0.4192
ILW, 0.1112
ILH, 0.2892
ILN, 0.49
ILQ, 0.2094
ILS, 0.4078
ILT, 0.0294
ILY, 0.0
ILG, 0.1224
ILP, 0.4172
ILD, 0.6368
ILE, 0.1516
ILK, 0.3128
ILR, 0.2188
IMA, 0.0576
IMC, 0.1866
IMF, 0.3446
IMI, 0.4136
IML, 0.274
IMM, 0.0
IMV, 0.5048
IMW, 0.4324
IMH, 0.0612
IMN, 0.5306
IMQ, 0.2118
IMS, 0.4128
IMT, 0.1402
IMY, 0.0
IMG, 0.1184
IMP, 0.0728
IMD, 0.0412
IME, 0.174
IMK, 0.4678
IMR, 0.0254
IVA, 0.5602
IVC, 0.1228
IVF, 0.076
IVI, 0.1054
IVL, 0.1146
IVM, 0.0762
IVV, 0.159
IVW, 0.1204
IVH, 0.1924
IVN, 0.1344
IVQ, 0.2684
IVS, 0.1108
IVT, 0.1048
IVY, 0.183
IVG, 0.5678
IVP, 0.079
IVD, 0.6612
IVE, 0.7258
IVK, 0.2558
IVR, 0.0498
IWA, 0.2274
IWC, 0.3936
IWF, 0.3006
IWI, 0.6468
IWL, 0.0162
IWM, 0.1168
IWV, 0.288
IWW, 0.1932
IWH, 0.2548
IWN, 0.2296
IWQ, 0.4994
IWS, 0.0844
IWT, 0.3764
IWY, 0.0502
IWG, 0.5748
IWP, 0.2852
IWD, 0.5996
IWE, 0.0698
IWK, 0.1262
IWR, 0.251
IHA, 0.1062
IHC, 0.3694
IHF, 0.4374
IHI, 0.2872
IHL, 0.4818
IHM, 0.0728
IHV, 0.4278
IHW, 0.0
IHH, 0.2882
IHN, 0.5258
IHQ, 0.1494
IHS, 0.1654
IHT, 0.3116
IHY, 0.2696
IHG, 0.2238
IHP, 0.0364
IHD, 0.3324
IHE, 0.2396
IHK, 0.3544
IHR, 0.0892
INA, 0.2478
INC, 0.5486
INF, 0.2856
INI, 0.599
INL, 0.3622
INM, 0.133
INV, 0.471
INW, 0.5078
INH, 0.5276
INN, 0.1538
INQ, 0.0
INS, 0.2118
INT, 0.081
INY, 0.5704
ING, 0.1096
INP, 0.1024
IND, 0.5542
INE, 0.367
INK, 0.2854
INR, 0.0536
IQA, 0.1066
IQC, 0.2
IQF, 0.0886
IQI, 0.2072
IQL, 0.3878
IQM, 0.103
IQV, 0.2978
IQW, 0.0
IQH, 0.4074
IQN, 0.2598
IQQ, 0.5356
IQS, 0.1954
IQT, 0.104
IQY, 0.42
IQG, 0.2642
IQP, 0.1582
IQD, 0.2722
IQE, 0.286
IQK, 0.0474
IQR, 0.483
ISA, 0.2754
ISC, 0.111
ISF, 0.5714
ISI, 0.1292
ISL, 0.4194
ISM, 0.1906
ISV, 0.289
ISW, 0.1866
ISH, 0.1686
ISN, 0.3714
ISQ, 0.183
ISS, 0.1556
IST, 0.131
ISY, 0.5674
ISG, 0.4038
ISP, 0.0016
ISD, 0.368
ISE, 0.4372
ISK, 0.1946
ISR, 0.2608
ITA, 0.1118
ITC, 0.3174
ITF, 0.3536
ITI, 0.0554
ITL, 0.0982
ITM, 0.2806
ITV, 0.0714
ITW, 0.0372
ITH, 0.323
ITN, 0.0898
ITQ, 0.444
ITS, 0.2554
ITT, 0.0
ITY, 0.4008
ITG, 0.003
ITP, 0.006
ITD, 0.1984
ITE, 0.1398
ITK, 0.4102
ITR, 0.1316
IYA, 0.1186
IYC, 0.0044
IYF, 0.0932
IYI, 0.36
IYL, 0.5336
IYM, 0.594
IYV, 0.2674
IYW, 0.19
IYH, 0.1444
IYN, 0.1446
IYQ, 0.49
IYS, 0.5726
IYT, 0.3438
IYY, 0.219
IYG, 0.4946
IYP, 0.1116
IYD, 0.0264
IYE, 0.1424
IYK, 0.2532
IYR, 0.339
IGA, 0.5744
IGC, 0.2248
IGF, 0.111
IGI, 0.0074
IGL, 0.6418
IGM, 0.6658
IGV, 0.3766
IGW, 0.0
IGH, 0.127
IGN, 0.2842
IGQ, 0.1382
IGS, 0.1966
IGT, 0.0002
IGY, 0.3004
IGG, 0.2764
IGP, 0.28
IGD, 0.379
IGE, 0.2352
IGK, 0.3666
IGR, 0.3584
IPA, 0.2228
IPC, 0.2996
IPF, 0.222
IPI, 0.3218
IPL, 0.0894
IPM, 0.4414
IPV, 0.5184
IPW, 0.1818
IPH, 0.0
IPN, 0.6792
IPQ, 0.2218
IPS, 0.1572
IPT, 0.0402
IPY, 0.0194
IPG, 0.157
IPP, 0.241
IPD, 0.5324
IPE, 0.2238
IPK, 0.1558
IPR, 0.3436
IDA, 0.455
IDC, 0.5772
IDF, 0.007
IDI, 0.2788
IDL, 0.1918
IDM, 0.0824
IDV, 0.0514
IDW, 0.2582
IDH, 0.168
IDN, 0.0228
IDQ, 0.6096
IDS, 0.0598
IDT, 0.1104
IDY, 0.3216
IDG, 0.574
IDP, 0.1392
IDD, 0.002
IDE, 0.6156
IDK, 0.567
IDR, 0.328
IEA, 0.3364
IEC, 0.0
IEF, 0.2776
IEI, 0.1538
IEL, 0.3086
IEM, 0.5714
IEV, 0.116
IEW, 0.4156
IEH, 0.0958
IEN, 0.3442
IEQ, 0.152
IES, 0.057
IET, 0.3196
IEY, 0.1814
IEG, 0.6396
IEP, 0.0206
IED, 0.1538
IEE, 0.6854
IEK, 0.2944
IER, 0.1558
IKA, 0.0926
IKC, 0.1296
IKF, 0.0672
IKI, 0.586
IKL, 0.1748
IKM, 0.3252
IKV, 0.167
IKW, 0.4748
IKH, 0.0926
IKN, 0.503
IKQ, 0.2622
IKS, 0.1786
IKT, 0.3712
IKY, 0.3666
IKG, 0.1094
IKP, 0.2118
IKD, 0.198
IKE, 0.2858
IKK, 0.3678
IKR, 0.074
IRA, 0.2892
IRC, 0.4018
IRF, 0.0594
IRI, 0.2682
IRL, 0.4482
IRM, 0.0666
IRV, 0.0578
IRW, 0.2248
IRH, 0.2224
IRN, 0.4572
IRQ, 0.3058
IRS, 0.1018
IRT, 0.732
IRY, 0.1904
IRG, 0.4728
IRP, 0.0702
IRD, 0.2722
IRE, 0.1484
IRK, 0.4642
IRR, 0.0
LAA, 0.1054
LAC, 0.7712
LAF, 0.0
LAI, 0.237
LAL, 0.5862
LAM, 0.2954
LAV, 0.4758
LAW, 0.1442
LAH, 0.2438
LAN, 0.2982
LAQ, 0.872
LAS, 0.7746
LAT, 0.8598
LAY, 0.2582
LAG, 0.5426
LAP, 0.0948
LAD, 0.3228
LAE, 0.6786
LAK, 0.4704
LAR, 0.1394
LCA, 0.0954
LCC, 0.0
LCF, 0.0442
LCI, 0.338
LCL, 0.4464
LCM, 0.232
LCV, 0.0874
LCW, 0.0064
LCH, 0.135
LCN, 0.1364
LCQ, 0.1802
LCS, 0.3166
LCT, 0.0
LCY, 0.2802
LCG, 0.1238
LCP, 0.3042
LCD, 0.191
LCE, 0.3896
LCK, 0.6478
LCR, 0.1856
LFA, 0.3982
LFC, 0.5286
LFF, 0.27
LFI, 0.2224
LFL, 0.0624
LFM, 0.1446
LFV, 0.3874
LFW, 0.1228
LFH, 0.2796
LFN, 0.3214
LFQ, 0.5414
LFS, 0.6138
LFT, 0.0732
LFY, 0.5506
LFG, 0.497
LFP, 0.4934
LFD, 0.021
LFE, 0.1286
LFK, 0.2958
LFR, 0.0216
LIA, 0.0256
LIC, 0.3472
LIF, 0.2892
LII, 0.7576
LIL, 0.0652
LIM, 0.4988
LIV, 0.1128
LIW, 0.0648
LIH, 0.7584
LIN, 0.069
LIQ, 0.643
LIS, 0.366
LIT, 0.0
LIY, 0.238
LIG, 0.2716
LIP, 0.3998
LID, 0.7196
LIE, 0.5064
LIK, 0.3704
LIR, 0.2102
LLA, 0.489
LLC, 0.0476
LLF, 0.1612
LLI, 0.397
LLL, 0.5046
LLM, 0.228
LLV, 0.23
LLW, 0.2348
LLH, 0.0874
LLN, 0.0802
LLQ, 0.2738
LLS, 0.0382
LLT, 0.5088
LLY, 0.0756
LLG, 0.4608
LLP, 0.0
LLD, 0.1388
LLE, 0.351
LLK, 0.106
LLR, 0.7454
LMA, 0.1538
LMC, 0.1624
LMF, 0.2686
LMI, 0.053
LML, 0.5302
LMM, 0.2284
LMV, 0.3302
LMW, 0.6218
LMH, 0.0788
LMN, 0.3364
LMQ, 0.086
LMS, 0.24
LMT, 0.3942
LMY, 0.3268
LMG, 0.4854
LMP, 0.1714
LMD, 0.2426
LME, 0.1072
LMK, 0.689
LMR, 0.4266
LVA, 0.382
LVC, 0.4586
LVF, 0.2922
LVI, 0.3838
LVL, 0.2114
LVM, 0.0206
LVV, 0.2754
LVW, 0.1824
LVH, 0.3916
LVN, 0.1466
LVQ, 0.1654
LVS, 0.6676
LVT, 0.2202
LVY, 0.1126
LVG, 0.0174
LVP, 0.1932
LVD, 0.0
LVE, 0.1226
LVK, 0.0
LVR, 0.1234
LWA, 0.2832
LWC, 0.532
LWF, 0.267
LWI, 0.421
LWL, 0.5654
LWM, 0.0
LWV, 0.2414
LWW, 0.258
LWH, 0.506
LWN, 0.1438
LWQ, 0.0592
LWS, 0.4422
LWT, 0.4938
LWY, 0.0628
LWG, 0.4046
LWP, 0.2786
LWD, 0.349
LWE, 0.419
LWK, 0.3634
LWR, 0.3938
LHA, 0.1128
LHC, 0.0662
LHF, 0.1048
LHI, 0.258
LHL, 0.0
LHM, 0.0668
LHV, 0.0
LHW, 0.0544
LHH, 0.3992
LHN, 0.1128
LHQ, 0.3574
LHS, 0.111
LHT, 0.212
LHY, 0.2142
LHG, 0.156
LHP, 0.2638
LHD, 0.2896
LHE, 0.0
LHK, 0.322
LHR, 0.7332
LNA, 0.153
LNC, 0.2352
LNF, 0.0854
LNI, 0.2904
LNL, 0.2046
LNM, 0.2578
LNV, 0.4276
LNW, 0.0806
LNH, 0.2158
LNN, 0.0038
LNQ, 0.3932
LNS, 0.0952
LNT, 0.1336
LNY, 0.1116
LNG, 0.6798
LNP, 0.2148
LND, 0.3226
LNE, 0.498
LNK, 0.2932
LNR, 0.3508
LQA, 0.4586
LQC, 0.0994
LQF, 0.6074
LQI, 0.2742
LQL, 0.0094
LQM, 0.63
LQV, 0.1672
LQW, 0.0622
LQH, 0.1264
LQN, 0.4168
LQQ, 0.606
LQS, 0.0128
LQT, 0.1386
LQY, 0.4436
LQG, 0.3428
LQP, 0.298
LQD, 0.5342
LQE, 0.3512
LQK, 0.209
LQR, 0.229
LSA, 0.4588
LSC, 0.1638
LSF, 0.1112
LSI, 0.0678
LSL, 0.1604
LSM, 0.261
LSV, 0.1106
LSW, 0.2606
LSH, 0.0024
LSN, 0.3194
LSQ, 0.2846
LSS, 0.164
LST, 0.2286
LSY, 0.2544
LSG, 0.8438
LSP, 0.165
LSD, 0.47
LSE, 0.1176
LSK, 0.116
LSR, 0.011
LTA, 0.2972
LTC, 0.264
LTF, 0.1824
LTI, 0.0648
LTL, 0.3506
LTM, 0.1036
LTV, 0.206
LTW, 0.5084
LTH, 0.615
LTN, 0.1778
LTQ, 0.1326
LTS, 0.8746
LTT, 0.627
LTY, 0.3738
LTG, 0.1536
LTP, 0.5896
LTD, 0.0376
LTE, 0.3712
LTK, 0.1676
LTR, 0.6776
LYA, 0.2192
LYC, 0.1536
LYF, 0.321
LYI, 0.087
LYL, 0.4938
LYM, 0.5982
LYV, 0.0772
LYW, 0.0
LYH, 0.745
LYN, 0.1422
LYQ, 0.1238
LYS, 0.4116
LYT, 0.1114
LYY, 0.4374
LYG, 0.3164
LYP, 0.238
LYD, 0.4082
LYE, 0.2134
LYK, 0.339
LYR, 0.321
LGA, 0.5778
LGC, 0.032
LGF, 0.0072
LGI, 0.0836
LGL, 0.0634
LGM, 0.3438
LGV, 0.2246
LGW, 0.3818
LGH, 0.4234
LGN, 0.661
LGQ, 0.2462
LGS, 0.246
LGT, 0.5746
LGY, 0.3628
LGG, 0.0
LGP, 0.129
LGD, 0.2146
LGE, 0.058
LGK, 0.0
LGR, 0.048
LPA, 0.2484
LPC, 0.0902
LPF, 0.4608
LPI, 0.533
LPL, 0.2144
LPM, 0.0332
LPV, 0.8304
LPW, 0.186
LPH, 0.29
LPN, 0.1354
LPQ, 0.2828
LPS, 0.2928
LPT, 0.0886
LPY, 0.482
LPG, 0.137
LPP, 0.5672
LPD, 0.507
LPE, 0.3734
LPK, 0.0184
LPR, 0.295
LDA, 0.2668
LDC, 0.495
LDF, 0.2338
LDI, 0.0962
LDL, 0.5118
LDM, 0.5348
LDV, 0.0424
LDW, 0.097
LDH, 0.1448
LDN, 0.3668
LDQ, 0.2422
LDS, 0.3996
LDT, 0.3292
LDY, 0.3648
LDG, 0.0148
LDP, 0.518
LDD, 0.0814
LDE, 0.0594
LDK, 0.2346
LDR, 0.025
LEA, 0.331
LEC, 0.0
LEF, 0.01
LEI, 0.0066
LEL, 0.2898
LEM, 0.5854
LEV, 0.1432
LEW, 0.145
LEH, 0.3208
LEN, 0.3636
LEQ, 0.1898
LES, 0.162
LET, 0.1058
LEY, 0.416
LEG, 0.4616
LEP, 0.1298
LED, 0.042
LEE, 0.2326
LEK, 0.0914
LER, 0.4654
LKA, 0.1676
LKC, 0.1526
LKF, 0.5952
LKI, 0.55
LKL, 0.3944
LKM, 0.358
LKV, 0.605
LKW, 0.0022
LKH, 0.3028
LKN, 0.0652
LKQ, 0.0
LKS, 0.5696
LKT, 0.0676
LKY, 0.0942
LKG, 0.087
LKP, 0.2014
LKD, 0.0984
LKE, 0.1064
LKK, 0.1258
LKR, 0.043
LRA, 0.6736
LRC, 0.3242
LRF, 0.2652
LRI, 0.2548
LRL, 0.1386
LRM, 0.4698
LRV, 0.7784
LRW, 0.1868
LRH, 0.0724
LRN, 0.047
LRQ, 0.2762
LRS, 0.377
LRT, 0.1926
LRY, 0.805
LRG, 0.0
LRP, 0.7442
LRD, 0.2206
LRE, 0.419
LRK, 0.0
LRR, 0.0724
MAA, 0.5768
MAC, 0.7424
MAF, 0.424
MAI, 0.1084
MAL, 0.2316
MAM, 0.13
MAV, 0.3534
MAW, 0.4566
MAH, 0.1236
MAN, 0.6008
MAQ, 0.1198
MAS, 0.2312
MAT, 0.201
MAY, 0.24
MAG, 0.7862
MAP, 0.1276
MAD, 0.0688
MAE, 0.3978
MAK, 0.062
MAR, 0.3836
MCA, 0.3364
MCC, 0.3058
MCF, 0.3298
MCI, 0.0928
MCL, 0.2294
MCM, 0.131
MCV, 0.1638
MCW, 0.0226
MCH, 0.5206
MCN, 0.0018
MCQ, 0.0848
MCS, 0.2794
MCT, 0.1304
MCY, 0.0436
MCG, 0.3096
MCP, 0.393
MCD, 0.2954
MCE, 0.1898
MCK, 0.1724
MCR, 0.3656
MFA, 0.3346
MFC, 0.0
MFF, 0.2078
MFI, 0.2746
MFL, 0.5118
MFM, 0.0692
MFV, 0.0332
MFW, 0.0546
MFH, 0.106
MFN, 0.1612
MFQ, 0.329
MFS, 0.0542
MFT, 0.4602
MFY, 0.2058
MFG, 0.4936
MFP, 0.1798
MFD, 0.6666
MFE, 0.1018
MFK, 0.1102
MFR, 0.1702
MIA, 0.2876
MIC, 0.1116
MIF, 0.2702
MII, 0.5322
MIL, 0.2472
MIM, 0.0884
MIV, 0.3758
MIW, 0.612
MIH, 0.5258
MIN, 0.33
MIQ, 0.5556
MIS, 0.4266
MIT, 0.5292
MIY, 0.3422
MIG, 0.1998
MIP, 0.2972
MID, 0.1396
MIE, 0.5072
MIK, 0.4466
MIR, 0.2072
MLA, 0.202
MLC, 0.5794
MLF, 0.587
MLI, 0.056
MLL, 0.0428
MLM, 0.2272
MLV, 0.3644
MLW, 0.0216
MLH, 0.1948
MLN, 0.5596
MLQ, 0.1772
MLS, 0.4006
MLT, 0.3646
MLY, 0.117
MLG, 0.5046
MLP, 0.0446
MLD, 0.134
MLE, 0.3084
MLK, 0.0512
MLR, 0.2546
MMA, 0.4324
MMC, 0.2458
MMF, 0.0
MMI, 0.0316
MML, 0.4802
MMM, 0.296
MMV, 0.4898
MMW, 0.001
MMH, 0.0196
MMN, 0.711
MMQ, 0.1878
MMS, 0.2568
MMT, 0.363
MMY, 0.0214
MMG, 0.459
MMP, 0.4192
MMD, 0.322
MME, 0.144
MMK, 0.381
MMR, 0.2588
MVA, 0.2276
MVC, 0.2664
MVF, 0.6392
MVI, 0.21
MVL, 0.1924
MVM, 0.29
MVV, 0.2544
MVW, 0.0408
MVH, 0.49
MVN, 0.392
MVQ, 0.498
MVS, 0.365
MVT, 0.273
MVY, 0.4666
MVG, 0.0
MVP, 0.1248
MVD, 0.0748
MVE, 0.6718
MVK, 0.4528
MVR, 0.2884
MWA, 0.1112
MWC, 0.707
MWF, 0.3514
MWI, 0.0
MWL, 0.0
MWM, 0.4488
MWV, 0.5674
MWW, 0.3882
MWH, 0.8182
MWN, 0.3568
MWQ, 0.2324
MWS, 0.355
MWT, 0.0196
MWY, 0.4356
MWG, 0.0636
MWP, 0.6914
MWD, 0.0956
MWE, 0.3842
MWK, 0.2238
MWR, 0.2858
MHA, 0.2914
MHC, 0.1442
MHF, 0.439
MHI, 0.0
MHL, 0.1614
MHM, 0.0632
MHV, 0.1638
MHW, 0.78
MHH, 0.2854
MHN, 0.0292
MHQ, 0.3812
MHS, 0.3166
MHT, 0.5454
MHY, 0.4226
MHG, 0.1718
MHP, 0.0736
MHD, 0.155
MHE, 0.3206
MHK, 0.1024
MHR, 0.105
MNA, 0.3932
MNC, 0.0762
MNF, 0.3028
MNI, 0.6008
MNL, 0.3576
MNM, 0.3304
MNV, 0.1102
MNW, 0.428
MNH, 0.376
MNN, 0.3814
MNQ, 0.2976
MNS, 0.555
MNT, 0.1148
MNY, 0.0624
MNG, 0.2642
MNP, 0.3214
MND, 0.1606
MNE, 0.5046
MNK, 0.368
MNR, 0.4516
MQA, 0.691
MQC, 0.5902
MQF, 0.098
MQI, 0.2356
MQL, 0.5844
MQM, 0.384
MQV, 0.0456
MQW, 0.1872
MQH, 0.684
MQN, 0.0468
MQQ, 0.2624
MQS, 0.2994
MQT, 0.4162
MQY, 0.536
MQG, 0.1812
MQP, 0.0
MQD, 0.183
MQE, 0.2536
MQK, 0.5074
MQR, 0.1348
MSA, 0.4344
MSC, 0.0572
MSF, 0.5256
MSI, 0.6058
MSL, 0.0
MSM, 0.3358
MSV, 0.1634
MSW, 0.4616
MSH, 0.3668
MSN, 0.2624
MSQ, 0.201
MSS, 0.0072
MST, 0.1682
MSY, 0.5336
MSG, 0.3036
MSP, 0.5282
MSD, 0.0386
MSE, 0.0482
MSK, 0.187
MSR, 0.4034
MTA, 0.1214
MTC, 0.0
MTF, 0.1788
MTI, 0.3088
MTL, 0.0072
MTM, 0.0874
MTV, 0.0558
MTW, 0.3416
MTH, 0.0088
MTN, 0.4368
MTQ, 0.3662
MTS, 0.0
MTT, 0.4202
MTY, 0.0
MTG, 0.6124
MTP, 0.2104
MTD, 0.284
MTE, 0.4314
MTK, 0.5634
MTR, 0.2372
MYA, 0.1994
MYC, 0.5738
MYF, 0.081
MYI, 0.3222
MYL, 0.0074
MYM, 0.2434
MYV, 0.0464
MYW, 0.3704
MYH, 0.4808
MYN, 0.3464
MYQ, 0.0406
MYS, 0.2644
MYT, 0.343
MYY, 0.2836
MYG, 0.2672
MYP, 0.2196
MYD, 0.2136
MYE, 0.0258
MYK, 0.227
MYR, 0.1962
MGA, 0.266
MGC, 0.1598
MGF, 0.1292
MGI, 0.257
MGL, 0.2742
MGM, 0.154
MGV, 0.224
MGW, 0.1912
MGH, 0.1614
MGN, 0.4
MGQ, 0.2618
MGS, 0.1112
MGT, 0.0836
MGY, 0.3736
MGG, 0.1376
MGP, 0.0
MGD, 0.0
MGE, 0.193
MGK, 0.1378
MGR, 0.358
MPA, 0.0696
MPC, 0.2064
MPF, 0.2084
MPI, 0.0
MPL, 0.23
MPM, 0.603
MPV, 0.0
MPW, 0.0178
MPH, 0.1332
MPN, 0.3602
MPQ, 0.1544
MPS, 0.2184
MPT, 0.417
MPY, 0.045
MPG, 0.5526
MPP, 0.401
MPD, 0.0
MPE, 0.022
MPK, 0.3716
MPR, 0.609
MDA, 0.341
MDC, 0.2304
MDF, 0.0672
MDI, 0.1144
MDL, 0.4754
MDM, 0.1338
MDV, 0.4102
MDW, 0.5514
MDH, 0.2088
MDN, 0.3732
MDQ, 0.112
MDS, 0.363
MDT, 0.1134
MDY, 0.0478
MDG, 0.4746
MDP, 0.5344
MDD, 0.0
MDE, 0.386
MDK, 0.0488
MDR, 0.4452
MEA, 0.0746
MEC, 0.0568
MEF, 0.3404
MEI, 0.0946
MEL, 0.0274
MEM, 0.6784
MEV, 0.266
MEW, 0.418
MEH, 0.1462
MEN, 0.4172
MEQ, 0.3116
MES, 0.1118
MET, 0.3412
MEY, 0.072
MEG, 0.2936
MEP, 0.1796
MED, 0.0
MEE, 0.118
MEK, 0.4018
MER, 0.0148
MKA, 0.1164
MKC, 0.3356
MKF, 0.0806
MKI, 0.6116
MKL, 0.4178
MKM, 0.1342
MKV, 0.1294
MKW, 0.1364
MKH, 0.5802
MKN, 0.0014
MKQ, 0.272
MKS, 0.2862
MKT, 0.0418
MKY, 0.1372
MKG, 0.0906
MKP, 0.3124
MKD, 0.3312
MKE, 0.4248
MKK, 0.0486
MKR, 0.1562
MRA, 0.0182
MRC, 0.4514
MRF, 0.0
MRI, 0.0098
MRL, 0.219
MRM, 0.0808
MRV, 0.2342
MRW, 0.0638
MRH, 0.3874
MRN, 0.3222
MRQ, 0.13
MRS, 0.5854
MRT, 0.4426
MRY, 0.5136
MRG, 0.6048
MRP, 0.039
MRD, 0.3032
MRE, 0.344
MRK, 0.0302
MRR, 0.1024
VAA, 0.0
VAC, 0.091
VAF, 0.2628
VAI, 0.0652
VAL, 0.3232
VAM, 0.0646
VAV, 0.1242
VAW, 0.4234
VAH, 0.387
VAN, 0.3624
VAQ, 0.359
VAS, 0.2594
VAT, 0.362
VAY, 0.2614
VAG, 0.7694
VAP, 0.5922
VAD, 0.1904
VAE, 0.4932
VAK, 0.023
VAR, 0.286
VCA, 0.245
VCC, 0.0236
VCF, 0.1452
VCI, 0.2996
VCL, 0.4184
VCM, 0.128
VCV, 0.1812
VCW, 0.4036
VCH, 0.458
VCN, 0.5262
VCQ, 0.5362
VCS, 0.4448
VCT, 0.1692
VCY, 0.1296
VCG, 0.1178
VCP, 0.451
VCD, 0.4794
VCE, 0.3918
VCK, 0.3606
VCR, 0.2104
VFA, 0.1634
VFC, 0.0592
VFF, 0.4538
VFI, 0.0964
VFL, 0.0916
VFM, 0.0044
VFV, 0.2024
VFW, 0.0
VFH, 0.2588
VFN, 0.6868
VFQ, 0.0574
VFS, 0.196
VFT, 0.2588
VFY, 0.0
VFG, 0.4004
VFP, 0.7028
VFD, 0.128
VFE, 0.3452
VFK, 0.2314
VFR, 0.0214
VIA, 0.5852
VIC, 0.1952
VIF, 0.5518
VII, 0.0438
VIL, 0.0
VIM, 0.146
VIV, 0.0254
VIW, 0.0334
VIH, 0.1472
VIN, 0.6024
VIQ, 0.2068
VIS, 0.1544
VIT, 0.0814
VIY, 0.178
VIG, 0.332
VIP, 0.5856
VID, 0.221
VIE, 0.0508
VIK, 0.0664
VIR, 0.1076
VLA, 0.0706
VLC, 0.4814
VLF, 0.4594
VLI, 0.6302
VLL, 0.207
VLM, 0.2402
VLV, 0.1262
VLW, 0.2334
VLH, 0.1904
VLN, 0.1068
VLQ, 0.5368
VLS, 0.0874
VLT, 0.1342
VLY, 0.039
VLG, 0.1852
VLP, 0.0798
VLD, 0.0742
VLE, 0.6638
VLK, 0.0384
VLR, 0.474
VMA, 0.0488
VMC, 0.3198
VMF, 0.2736
VMI, 0.3262
VML, 0.023
VMM, 0.3216
VMV, 0.571
VMW, 0.0308
VMH, 0.1826
VMN, 0.0348
VMQ, 0.0082
VMS, 0.2226
VMT, 0.0842
VMY, 0.3298
VMG, 0.0138
VMP, 0.1944
VMD, 0.3414
VME, 0.0
VMK, 0.0558
VMR, 0.1124
VVA, 0.5236
VVC, 0.4832
VVF, 0.5358
VVI, 0.3322
VVL, 0.1382
VVM, 0.1716
VVV, 0.2274
VVW, 0.4738
VVH, 0.2792
VVN, 0.1942
VVQ, 0.4414
VVS, 0.788
VVT, 0.0698
VVY, 0.0202
VVG, 0.47
VVP, 0.0782
VVD, 0.3594
VVE, 0.0
VVK, 0.0722
VVR, 0.0684
VWA, 0.7022
VWC, 0.4978
VWF, 0.71
VWI, 0.4784
VWL, 0.2206
VWM, 0.2948
VWV, 0.0776
VWW, 0.236
VWH, 0.2502
VWN, 0.3172
VWQ, 0.4424
VWS, 0.4892
VWT, 0.3862
VWY, 0.2506
VWG, 0.7966
VWP, 0.6134
VWD, 0.7054
VWE, 0.3588
VWK, 0.4242
VWR, 0.4626
VHA, 0.444
VHC, 0.2422
VHF, 0.264
VHI, 0.0
VHL, 0.3564
VHM, 0.1908
VHV, 0.0252
VHW, 0.3926
VHH, 0.1144
VHN, 0.515
VHQ, 0.4806
VHS, 0.4834
VHT, 0.1804
VHY, 0.2562
VHG, 0.0648
VHP, 0.3494
VHD, 0.2168
VHE, 0.2896
VHK, 0.0128
VHR, 0.3858
VNA, 0.1514
VNC, 0.465
VNF, 0.7814
VNI, 0.1182
VNL, 0.0
VNM, 0.418
VNV, 0.3374
VNW, 0.0084
VNH, 0.276
VNN, 0.2692
VNQ, 0.1098
VNS, 0.3686
VNT, 0.1304
VNY, 0.5224
VNG, 0.3718
VNP, 0.0414
VND, 0.5428
VNE, 0.1386
VNK, 0.3794
VNR, 0.5902
VQA, 0.5286
VQC, 0.2998
VQF, 0.2828
VQI, 0.0
VQL, 0.4554
VQM, 0.0238
VQV, 0.148
VQW, 0.0736
VQH, 0.195
VQN, 0.1862
VQQ, 0.0016
VQS, 0.0656
VQT, 0.3
VQY, 0.204
VQG, 0.0652
VQP, 0.0
VQD, 0.3422
VQE, 0.0624
VQK, 0.2522
VQR, 0.1304
VSA, 0.315
VSC, 0.1318
VSF, 0.5416
VSI, 0.1266
VSL, 0.483
VSM, 0.2156
VSV, 0.4368
VSW, 0.45
VSH, 0.0894
VSN, 0.0
VSQ, 0.3758
VSS, 0.0084
VST, 0.9042
VSY, 0.2096
VSG, 0.0098
VSP, 0.137
VSD, 0.577
VSE, 0.1008
VSK, 0.1746
VSR, 0.3784
VTA, 0.0734
VTC, 0.4276
VTF, 0.0452
VTI, 0.0
VTL, 0.176
VTM, 0.1876
VTV, 0.1454
VTW, 0.4592
VTH, 0.0036
VTN, 0.015
VTQ, 0.1952
VTS, 0.6088
VTT, 0.0324
VTY, 0.1768
VTG, 0.6236
VTP, 0.0822
VTD, 0.0138
VTE, 0.0892
VTK, 0.0
VTR, 0.2546
VYA, 0.0708
VYC, 0.0144
VYF, 0.3188
VYI, 0.051
VYL, 0.0
VYM, 0.2574
VYV, 0.4164
VYW, 0.351
VYH, 0.2254
VYN, 0.2152
VYQ, 0.5824
VYS, 0.192
VYT, 0.0
VYY, 0.0156
VYG, 0.1992
VYP, 0.0248
VYD, 0.1002
VYE, 0.4072
VYK, 0.0848
VYR, 0.4456
VGA, 0.0838
VGC, 0.351
VGF, 0.3872
VGI, 0.0
VGL, 0.7964
VGM, 0.1524
VGV, 0.1814
VGW, 0.0296
VGH, 0.288
VGN, 0.3346
VGQ, 0.0
VGS, 0.083
VGT, 0.2126
VGY, 0.2346
VGG, 0.5724
VGP, 0.2294
VGD, 0.2544
VGE, 0.3808
VGK, 0.0
VGR, 0.4132
VPA, 0.3444
VPC, 0.1748
VPF, 0.2288
VPI, 0.0208
VPL, 0.0984
VPM, 0.008
VPV, 0.06
VPW, 0.219
VPH, 0.4094
VPN, 0.148
VPQ, 0.3782
VPS, 0.0
VPT, 0.1282
VPY, 0.0
VPG, 0.3374
VPP, 0.4
VPD, 0.3522
VPE, 0.4088
VPK, 0.0
VPR, 0.6094
VDA, 0.4848
VDC, 0.1864
VDF, 0.5894
VDI, 0.325
VDL, 0.005
VDM, 0.487
VDV, 0.3602
VDW, 0.0976
VDH, 0.4104
VDN, 0.0726
VDQ, 0.1746
VDS, 0.5302
VDT, 0.7308
VDY, 0.1062
VDG, 0.4132
VDP, 0.2786
VDD, 0.336
VDE, 0.024
VDK, 0.0346
VDR, 0.5594
VEA, 0.3832
VEC, 0.357
VEF, 0.736
VEI, 0.0556
VEL, 0.0364
VEM, 0.3248
VEV, 0.0674
VEW, 0.6022
VEH, 0.2206
VEN, 0.2178
VEQ, 0.6078
VES, 0.5158
VET, 0.1366
VEY, 0.0
VEG, 0.1452
VEP, 0.1088
VED, 0.4434
VEE, 0.3738
VEK, 0.154
VER, 0.2388
VKA, 0.4434
VKC, 0.2488
VKF, 0.5532
VKI, 0.2354
VKL, 0.4654
VKM, 0.0886
VKV, 0.0
VKW, 0.041
VKH, 0.1412
VKN, 0.4008
VKQ, 0.5332
VKS, 0.299
VKT, 0.261
VKY, 0.2694
VKG, 0.581
VKP, 0.0866
VKD, 0.1056
VKE, 0.2528
VKK, 0.0448
VKR, 0.2368
VRA, 0.4042
VRC, 0.055
VRF, 0.269
VRI, 0.1096
VRL, 0.2632
VRM, 0.203
VRV, 0.0
VRW, 0.332
VRH, 0.532
VRN, 0.1294
VRQ, 0.2144
VRS, 0.0394
VRT, 0.4726
VRY, 0.1052
VRG, 0.8208
VRP, 0.0804
VRD, 0.1068
VRE, 0.3354
VRK, 0.1856
VRR, 0.0704
WAA, 0.4194
WAC, 0.6036
WAF, 0.1596
WAI, 0.432
WAL, 0.2828
WAM, 0.3844
WAV, 0.4654
WAW, 0.3378
WAH, 0.2972
WAN, 0.0148
WAQ, 0.0
WAS, 0.2166
WAT, 0.2758
WAY, 0.2162
WAG, 0.0318
WAP, 0.0198
WAD, 0.14
WAE, 0.1898
WAK, 0.2274
WAR, 0.1918
WCA, 0.2902
WCC, 0.135
WCF, 0.0
WCI, 0.0
WCL, 0.5554
WCM, 0.298
WCV, 0.3718
WCW, 0.806
WCH, 0.0762
WCN, 0.127
WCQ, 0.2938
WCS, 0.0
WCT, 0.2672
WCY, 0.5152
WCG, 0.1972
WCP, 0.2456
WCD, 0.776
WCE, 0.0
WCK, 0.2568
WCR, 0.465
WFA, 0.0136
WFC, 0.2058
WFF, 0.1866
WFI, 0.4758
WFL, 0.1848
WFM, 0.2038
WFV, 0.2514
WFW, 0.6856
WFH, 0.0894
WFN, 0.132
WFQ, 0.5446
WFS, 0.177
WFT, 0.6286
WFY, 0.0472
WFG, 0.1684
WFP, 0.0544
WFD, 0.1604
WFE, 0.0066
WFK, 0.1268
WFR, 0.2756
WIA, 0.6772
WIC, 0.462
WIF, 0.0
WII, 0.0658
WIL, 0.315
WIM, 0.0722
WIV, 0.1138
WIW, 0.232
WIH, 0.4274
WIN, 0.1962
WIQ, 0.146
WIS, 0.0238
WIT, 0.2628
WIY, 0.0456
WIG, 0.1958
WIP, 0.1204
WID, 0.268
WIE, 0.4032
WIK, 0.023
WIR, 0.0308
WLA, 0.4064
WLC, 0.1932
WLF, 0.776
WLI, 0.3414
WLL, 0.5134
WLM, 0.1198
WLV, 0.4632
WLW, 0.1016
WLH, 0.4732
WLN, 0.2026
WLQ, 0.0264
WLS, 0.0434
WLT, 0.3662
WLY, 0.0284
WLG, 0.1572
WLP, 0.263
WLD, 0.4326
WLE, 0.3282
WLK, 0.2818
WLR, 0.1774
WMA, 0.477
WMC, 0.1634
WMF, 0.2408
WMI, 0.0842
WML, 0.4054
WMM, 0.3244
WMV, 0.4254
WMW, 0.0682
WMH, 0.2952
WMN, 0.1486
WMQ, 0.1716
WMS, 0.3184
WMT, 0.1324
WMY, 0.3846
WMG, 0.123
WMP, 0.2348
WMD, 0.2478
WME, 0.0622
WMK, 0.1956
WMR, 0.29
WVA, 0.2822
WVC, 0.1814
WVF, 0.3084
WVI, 0.6934
WVL, 0.0
WVM, 0.2188
WVV, 0.087
WVW, 0.1122
WVH, 0.131
WVN, 0.3316
WVQ, 0.3096
WVS, 0.3606
WVT, 0.6226
WVY, 0.1394
WVG, 0.1526
WVP, 0.2642
WVD, 0.0602
WVE, 0.3866
WVK, 0.0978
WVR, 0.0812
WWA, 0.3692
WWC, 0.2624
WWF, 0.0244
WWI, 0.2644
WWL, 0.4642
WWM, 0.0868
WWV, 0.362
WWW, 0.164
WWH, 0.2862
WWN, 0.1422
WWQ, 0.0422
WWS, 0.3736
WWT, 0.2722
WWY, 0.2186
WWG, 0.163
WWP, 0.4556
WWD, 0.4406
WWE, 0.4268
WWK, 0.2756
WWR, 0.067
WHA, 0.342
WHC, 0.347
WHF, 0.4912
WHI, 0.214
WHL, 0.0838
WHM, 0.2364
WHV, 0.1902
WHW, 0.2016
WHH, 0.5798
WHN, 0.0792
WHQ, 0.0296
WHS, 0.5572
WHT, 0.0756
WHY, 0.136
WHG, 0.1616
WHP, 0.1488
WHD, 0.0994
WHE, 0.2964
WHK, 0.114
WHR, 0.4574
WNA, 0.1376
WNC, 0.2758
WNF, 0.2798
WNI, 0.1572
WNL, 0.1228
WNM, 0.516
WNV, 0.0
WNW, 0.5798
WNH, 0.131
WNN, 0.508
WNQ, 0.2834
WNS, 0.148
WNT, 0.5378
WNY, 0.7478
WNG, 0.309
WNP, 0.302
WND, 0.2978
WNE, 0.108
WNK, 0.2232
WNR, 0.023
WQA, 0.033
WQC, 0.431
WQF, 0.2082
WQI, 0.0
WQL, 0.4208
WQM, 0.082
WQV, 0.0
WQW, 0.189
WQH, 0.484
WQN, 0.2688
WQQ, 0.0438
WQS, 0.1528
WQT, 0.7086
WQY, 0.1294
WQG, 0.0
WQP, 0.0
WQD, 0.1308
WQE, 0.3622
WQK, 0.185
WQR, 0.0
WSA, 0.1666
WSC, 0.0726
WSF, 0.4614
WSI, 0.0
WSL, 0.257
WSM, 0.0034
WSV, 0.708
WSW, 0.1506
WSH, 0.1304
WSN, 0.0342
WSQ, 0.6632
WSS, 0.2234
WST, 0.2998
WSY, 0.052
WSG, 0.1896
WSP, 0.3142
WSD, 0.6014
WSE, 0.261
WSK, 0.4714
WSR, 0.3136
WTA, 0.43
WTC, 0.2944
WTF, 0.294
WTI, 0.164
WTL, 0.0
WTM, 0.2704
WTV, 0.12
WTW, 0.3236
WTH, 0.2632
WTN, 0.283
WTQ, 0.1328
WTS, 0.127
WTT, 0.627
WTY, 0.597
WTG, 0.7706
WTP, 0.2356
WTD, 0.2458
WTE, 0.3094
WTK, 0.0624
WTR, 0.1096
WYA, 0.2854
WYC, 0.6068
WYF, 0.0046
WYI, 0.1378
WYL, 0.3198
WYM, 0.332
WYV, 0.0162
WYW, 0.3114
WYH, 0.2722
WYN, 0.6142
WYQ, 0.4976
WYS, 0.0276
WYT, 0.4636
WYY, 0.0882
WYG, 0.1704
WYP, 0.6036
WYD, 0.2164
WYE, 0.1574
WYK, 0.1548
WYR, 0.0
WGA, 0.0298
WGC, 0.6
WGF, 0.0646
WGI, 0.0766
WGL, 0.0
WGM, 0.2238
WGV, 0.0702
WGW, 0.2356
WGH, 0.199
WGN, 0.2286
WGQ, 0.0636
WGS, 0.047
WGT, 0.1258
WGY, 0.4232
WGG, 0.3808
WGP, 0.1154
WGD, 0.0414
WGE, 0.408
WGK, 0.6464
WGR, 0.1238
WPA, 0.0692
WPC, 0.0
WPF, 0.7124
WPI, 0.1526
WPL, 0.2364
WPM, 0.0
WPV, 0.0516
WPW, 0.2018
WPH, 0.0192
WPN, 0.4712
WPQ, 0.182
WPS, 0.0
WPT, 0.0944
WPY, 0.2728
WPG, 0.154
WPP, 0.3592
WPD, 0.3916
WPE, 0.19
WPK, 0.0146
WPR, 0.1572
WDA, 0.1588
WDC, 0.2658
WDF, 0.1574
WDI, 0.264
WDL, 0.5056
WDM, 0.3182
WDV, 0.6098
WDW, 0.4182
WDH, 0.2524
WDN, 0.0
WDQ, 0.264
WDS, 0.231
WDT, 0.5126
WDY, 0.0868
WDG, 0.184
WDP, 0.2392
WDD, 0.3558
WDE, 0.8068
WDK, 0.313
WDR, 0.389
WEA, 0.0908
WEC, 0.307
WEF, 0.7774
WEI, 0.4802
WEL, 0.2678
WEM, 0.4862
WEV, 0.2616
WEW, 0.5016
WEH, 0.3406
WEN, 0.2688
WEQ, 0.1696
WES, 0.3864
WET, 0.059
WEY, 0.0162
WEG, 0.5714
WEP, 0.2584
WED, 0.2354
WEE, 0.7646
WEK, 0.0732
WER, 0.4528
WKA, 0.7626
WKC, 0.7394
WKF, 0.3618
WKI, 0.0982
WKL, 0.2914
WKM, 0.2774
WKV, 0.2934
WKW, 0.4176
WKH, 0.385
WKN, 0.177
WKQ, 0.0152
WKS, 0.3248
WKT, 0.325
WKY, 0.3016
WKG, 0.0742
WKP, 0.3378
WKD, 0.2758
WKE, 0.1444
WKK, 0.0216
WKR, 0.2402
WRA, 0.1448
WRC, 0.0852
WRF, 0.4168
WRI, 0.2858
WRL, 0.1158
WRM, 0.2966
WRV, 0.0336
WRW, 0.265
WRH, 0.6782
WRN, 0.2368
WRQ, 0.228
WRS, 0.4644
WRT, 0.1704
WRY, 0.2066
WRG, 0.3022
WRP, 0.2658
WRD, 0.5466
WRE, 0.3966
WRK, 0.034
WRR, 0.1802
HAA, 0.0
HAC, 0.238
HAF, 0.4818
HAI, 0.0846
HAL, 0.1622
HAM, 0.0956
HAV, 0.3914
HAW, 0.4738
HAH, 0.0082
HAN, 0.1358
HAQ, 0.2536
HAS, 0.3194
HAT, 0.6496
HAY, 0.2778
HAG, 0.2618
HAP, 0.0878
HAD, 0.2888
HAE, 0.3728
HAK, 0.4224
HAR, 0.4738
HCA, 0.307
HCC, 0.4384
HCF, 0.5422
HCI, 0.2076
HCL, 0.1148
HCM, 0.3752
HCV, 0.539
HCW, 0.313
HCH, 0.0398
HCN, 0.1418
HCQ, 0.049
HCS, 0.1336
HCT, 0.3716
HCY, 0.2468
HCG, 0.1668
HCP, 0.5524
HCD, 0.0658
HCE, 0.0736
HCK, 0.3476
HCR, 0.1654
HFA, 0.2438
HFC, 0.1434
HFF, 0.3812
HFI, 0.1262
HFL, 0.4784
HFM, 0.3814
HFV, 0.1598
HFW, 0.0892
HFH, 0.3204
HFN, 0.0
HFQ, 0.365
HFS, 0.0362
HFT, 0.2784
HFY, 0.3236
HFG, 0.8308
HFP, 0.3782
HFD, 0.553
HFE, 0.5254
HFK, 0.353
HFR, 0.3764
HIA, 0.105
HIC, 0.5124
HIF, 0.6016
HII, 0.666
HIL, 0.1682
HIM, 0.195
HIV, 0.872
HIW, 0.0894
HIH, 0.1698
HIN, 0.5956
HIQ, 0.4166
HIS, 0.5048
HIT, 0.2236
HIY, 0.4828
HIG, 0.0054
HIP, 0.107
HID, 0.6784
HIE, 0.2344
HIK, 0.4508
HIR, 0.0
HLA, 0.336
HLC, 0.321
HLF, 0.151
HLI, 0.1376
HLL, 0.061
HLM, 0.3152
HLV, 0.0002
HLW, 0.161
HLH, 0.209
HLN, 0.19
HLQ, 0.244
HLS, 0.347
HLT, 0.0122
HLY, 0.4008
HLG, 0.0248
HLP, 0.0258
HLD, 0.2002
HLE, 0.566
HLK, 0.19
HLR, 0.1466
HMA, 0.0
HMC, 0.0538
HMF, 0.1666
HMI, 0.1632
HML, 0.1368
HMM, 0.078
HMV, 0.465
HMW, 0.462
HMH, 0.2046
HMN, 0.3822
HMQ, 0.3946
HMS, 0.5384
HMT, 0.172
HMY, 0.5184
HMG, 0.1996
HMP, 0.088
HMD, 0.3384
HME, 0.1606
HMK, 0.2558
HMR, 0.2058
HVA, 0.6472
HVC, 0.1134
HVF, 0.2238
HVI, 0.2614
HVL, 0.3382
HVM, 0.0
HVV, 0.3314
HVW, 0.5752
HVH, 0.543
HVN, 0.237
HVQ, 0.0
HVS, 0.0
HVT, 0.3266
HVY, 0.0954
HVG, 0.2452
HVP, 0.2886
HVD, 0.0932
HVE, 0.4456
HVK, 0.2778
HVR, 0.6094
HWA, 0.1324
HWC, 0.0944
HWF, 0.2212
HWI, 0.7488
HWL, 0.1462
HWM, 0.4082
HWV, 0.4224
HWW, 0.188
HWH, 0.425
HWN, 0.4678
HWQ, 0.0538
HWS, 0.0
HWT, 0.415
HWY, 0.3034
HWG, 0.4888
HWP, 0.2476
HWD, 0.4124
HWE, 0.3616
HWK, 0.4302
HWR, 0.1998
HHA, 0.4692
HHC, 0.2078
HHF, 0.1984
HHI, 0.4118
HHL, 0.5428
HHM, 0.1268
HHV, 0.4234
HHW, 0.3566
HHH, 0.0982
HHN, 0.2816
HHQ, 0.4036
HHS, 0.5858
HHT, 0.2788
HHY, 0.2936
HHG, 0.2292
HHP, 0.1774
HHD, 0.3104
HHE, 0.252
HHK, 0.162
HHR, 0.2962
HNA, 0.016
HNC, 0.3292
HNF, 0.5046
HNI, 0.495
HNL, 0.329
HNM, 0.0542
HNV, 0.3446
HNW, 0.0288
HNH, 0.2916
HNN, 0.5322
HNQ, 0.433
HNS, 0.1482
HNT, 0.4446
HNY, 0.4418
HNG, 0.0202
HNP, 0.2638
HND, 0.264
HNE, 0.3022
HNK, 0.3002
HNR, 0.3898
HQA, 0.0996
HQC, 0.2226
HQF, 0.2258
HQI, 0.3794
HQL, 0.0032
HQM, 0.5498
HQV, 0.2284
HQW, 0.2784
HQH, 0.1062
HQN, 0.444
HQQ, 0.3118
HQS, 0.0884
HQT, 0.1182
HQY, 0.4108
HQG, 0.4012
HQP, 0.097
HQD, 0.0416
HQE, 0.2714
HQK, 0.0
HQR, 0.5102
HSA, 0.2348
HSC, 0.0362
HSF, 0.3828
HSI, 0.2024
HSL, 0.8278
HSM, 0.03
HSV, 0.4922
HSW, 0.2506
HSH, 0.3456
HSN, 0.3566
HSQ, 0.0966
HSS, 0.546
HST, 0.0212
HSY, 0.255
HSG, 0.2614
HSP, 0.4208
HSD, 0.2312
HSE, 0.1456
HSK, 0.3386
HSR, 0.027
HTA, 0.0
HTC, 0.111
HTF, 0.4576
HTI, 0.0772
HTL, 0.6856
HTM, 0.3878
HTV, 0.1906
HTW, 0.0808
HTH, 0.1434
HTN, 0.1182
HTQ, 0.3668
HTS, 0.242
HTT, 0.6376
HTY, 0.3598
HTG, 0.1272
HTP, 0.2208
HTD, 0.1508
HTE, 0.3038
HTK, 0.3588
HTR, 0.5228
HYA, 0.3588
HYC, 0.0972
HYF, 0.0992
HYI, 0.094
HYL, 0.4548
HYM, 0.228
HYV, 0.3118
HYW, 0.4028
HYH, 0.044
HYN, 0.1366
HYQ, 0.2646
HYS, 0.0
HYT, 0.2132
HYY, 0.3746
HYG, 0.2974
HYP, 0.1448
HYD, 0.0
HYE, 0.3346
HYK, 0.2404
HYR, 0.0554
HGA, 0.2378
HGC, 0.5712
HGF, 0.5434
HGI, 0.4996
HGL, 0.2982
HGM, 0.409
HGV, 0.0918
HGW, 0.7042
HGH, 0.3034
HGN, 0.4312
HGQ, 0.4174
HGS, 0.231
HGT, 0.0672
HGY, 0.164
HGG, 0.0852
HGP, 0.0954
HGD, 0.561
HGE, 0.1164
HGK, 0.1342
HGR, 0.2092
HPA, 0.4148
HPC, 0.4096
HPF, 0.3088
HPI, 0.0402
HPL, 0.1824
HPM, 0.315
HPV, 0.1142
HPW, 0.3136
HPH, 0.365
HPN, 0.5444
HPQ, 0.2428
HPS, 0.2802
HPT, 0.4852
HPY, 0.609
HPG, 0.0666
HPP, 0.6206
HPD, 0.5722
HPE, 0.1462
HPK, 0.7112
HPR, 0.4934
HDA, 0.1886
HDC, 0.2514
HDF, 0.49
HDI, 0.3382
HDL, 0.0
HDM, 0.3908
HDV, 0.075
HDW, 0.1148
HDH, 0.2648
HDN, 0.1512
HDQ, 0.1682
HDS, 0.4938
HDT, 0.0
HDY, 0.0886
HDG, 0.1344
HDP, 0.0426
HDD, 0.238
HDE, 0.015
HDK, 0.0634
HDR, 0.2784
HEA, 0.3908
HEC, 0.6042
HEF, 0.2794
HEI, 0.3542
HEL, 0.314
HEM, 0.2714
HEV, 0.21
HEW, 0.2706
HEH, 0.0876
HEN, 0.0542
HEQ, 0.6734
HES, 0.2192
HET, 0.0716
HEY, 0.0016
HEG, 0.3404
HEP, 0.3812
HED, 0.5086
HEE, 0.19
HEK, 0.364
HER, 0.2272
HKA, 0.0
HKC, 0.5178
HKF, 0.527
HKI, 0.0
HKL, 0.4912
HKM, 0.4098
HKV, 0.0494
HKW, 0.5756
HKH, 0.3342
HKN, 0.5824
HKQ, 0.0136
HKS, 0.031
HKT, 0.2006
HKY, 0.4452
HKG, 0.0228
HKP, 0.5442
HKD, 0.3578
HKE, 0.0622
HKK, 0.0496
HKR, 0.0886
HRA, 0.0608
HRC, 0.555
HRF, 0.166
HRI, 0.1814
HRL, 0.2666
HRM, 0.251
HRV, 0.1988
HRW, 0.3046
HRH, 0.4446
HRN, 0.6706
HRQ, 0.1766
HRS, 0.6864
HRT, 0.2626
HRY, 0.6334
HRG, 0.4522
HRP, 0.0234
HRD, 0.059
HRE, 0.0
HRK, 0.242
HRR, 0.1748
NAA, 0.0528
NAC, 0.5102
NAF, 0.0878
NAI, 0.1266
NAL, 0.4396
NAM, 0.136
NAV, 0.6676
NAW, 0.1696
NAH, 0.0
NAN, 0.035
NAQ, 0.2046
NAS, 0.2756
NAT, 0.0228
NAY, 0.1674
NAG, 0.1608
NAP, 0.251
NAD, 0.144
NAE, 0.0
NAK, 0.2184
NAR, 0.595
NCA, 0.1164
NCC, 0.3
NCF, 0.008
NCI, 0.4348
NCL, 0.1614
NCM, 0.0558
NCV, 0.1254
NCW, 0.2882
NCH, 0.229
NCN, 0.3802
NCQ, 0.0018
NCS, 0.223
NCT, 0.0952
NCY, 0.7146
NCG, 0.5398
NCP, 0.3152
NCD, 0.3
NCE, 0.0172
NCK, 0.0678
NCR, 0.1906
NFA, 0.446
NFC, 0.2324
NFF, 0.0
NFI, 0.0518
NFL, 0.1828
NFM, 0.4558
NFV, 0.3706
NFW, 0.3028
NFH, 0.4668
NFN, 0.1332
NFQ, 0.173
NFS, 0.2976
NFT, 0.4486
NFY, 0.0166
NFG, 0.3514
NFP, 0.41
NFD, 0.1302
NFE, 0.5644
NFK, 0.159
NFR, 0.0538
NIA, 0.2458
NIC, 0.2704
NIF, 0.0
NII, 0.001
NIL, 0.2934
NIM, 0.171
NIV, 0.314
NIW, 0.7216
NIH, 0.0328
NIN, 0.3558
NIQ, 0.0612
NIS, 0.1376
NIT, 0.0434
NIY, 0.4756
NIG, 0.2376
NIP, 0.377
NID, 0.1866
NIE, 0.9178
NIK, 0.2856
NIR, 0.0
NLA, 0.1228
NLC, 0.0454
NLF, 0.201
NLI, 0.2634
NLL, 0.408
NLM, 0.2726
NLV, 0.3932
NLW, 0.004
NLH, 0.1942
NLN, 0.0774
NLQ, 0.4094
NLS, 0.0332
NLT, 0.126
NLY, 0.1686
NLG, 0.4766
NLP, 0.0922
NLD, 0.157
NLE, 0.4156
NLK, 0.1932
NLR, 0.0936
NMA, 0.1934
NMC, 0.0318
NMF, 0.1232
NMI, 0.0
NML, 0.259
NMM, 0.2164
NMV, 0.1918
NMW, 0.4906
NMH, 0.3548
NMN, 0.052
NMQ, 0.0
NMS, 0.1006
NMT, 0.528
NMY, 0.2032
NMG, 0.1908
NMP, 0.1948
NMD, 0.273
NME, 0.3326
NMK, 0.1472
NMR, 0.0304
NVA, 0.1574
NVC, 0.0676
NVF, 0.3474
NVI, 0.0608
NVL, 0.357
NVM, 0.007
NVV, 0.0486
NVW, 0.294
NVH, 0.5766
NVN, 0.2138
NVQ, 0.2366
NVS, 0.4342
NVT, 0.4824
NVY, 0.1662
NVG, 0.5406
NVP, 0.3994
NVD, 0.2824
NVE, 0.1214
NVK, 0.5062
NVR, 0.4222
NWA, 0.0
NWC, 0.0772
NWF, 0.3758
NWI, 0.553
NWL, 0.0946
NWM, 0.3946
NWV, 0.3604
NWW, 0.652
NWH, 0.1046
NWN, 0.5096
NWQ, 0.12
NWS, 0.4728
NWT, 0.2268
NWY, 0.1182
NWG, 0.0508
NWP, 0.278
NWD, 0.2632
NWE, 0.1874
NWK, 0.622
NWR, 0.243
NHA, 0.0716
NHC, 0.2968
NHF, 0.555
NHI, 0.5034
NHL, 0.2186
NHM, 0.328
NHV, 0.2728
NHW, 0.1052
NHH, 0.0918
NHN, 0.0778
NHQ, 0.025
NHS, 0.1356
NHT, 0.3782
NHY, 0.5826
NHG, 0.7978
NHP, 0.0
NHD, 0.2804
NHE, 0.294
NHK, 0.091
NHR, 0.4396
NNA, 0.0674
NNC, 0.0992
NNF, 0.3988
NNI, 0.0254
NNL, 0.2522
NNM, 0.368
NNV, 0.2506
NNW, 0.0438
NNH, 0.2854
NNN, 0.1728
NNQ, 0.6452
NNS, 0.2036
NNT, 0.2092
NNY, 0.2416
NNG, 0.4098
NNP, 0.0316
NND, 0.1238
NNE, 0.4276
NNK, 0.2886
NNR, 0.059
NQA, 0.126
NQC, 0.1358
NQF, 0.261
NQI, 0.752
NQL, 0.3686
NQM, 0.2284
NQV, 0.1338
NQW, 0.4902
NQH, 0.0
NQN, 0.1094
NQQ, 0.0362
NQS, 0.3998
NQT, 0.1442
NQY, 0.473
NQG, 0.1432
NQP, 0.1662
NQD, 0.456
NQE, 0.128
NQK, 0.2544
NQR, 0.0734
NSA, 0.2864
NSC, 0.0126
NSF, 0.2336
NSI, 0.0088
NSL, 0.3572
NSM, 0.0982
NSV, 0.1854
NSW, 0.0642
NSH, 0.2138
NSN, 0.2794
NSQ, 0.3546
NSS, 0.03
NST, 0.1134
NSY, 0.1666
NSG, 0.3746
NSP, 0.0784
NSD, 0.3636
NSE, 0.1322
NSK, 0.4422
NSR, 0.0
NTA, 0.0
NTC, 0.4264
NTF, 0.3378
NTI, 0.0106
NTL, 0.1258
NTM, 0.4164
NTV, 0.3572
NTW, 0.1752
NTH, 0.0566
NTN, 0.2728
NTQ, 0.3286
NTS, 0.5854
NTT, 0.4918
NTY, 0.4642
NTG, 0.4532
NTP, 0.2568
NTD, 0.3488
NTE, 0.2804
NTK, 0.2306
NTR, 0.4656
NYA, 0.3194
NYC, 0.0858
NYF, 0.0828
NYI, 0.0528
NYL, 0.5776
NYM, 0.0856
NYV, 0.154
NYW, 0.073
NYH, 0.3708
NYN, 0.537
NYQ, 0.072
NYS, 0.125
NYT, 0.4934
NYY, 0.52
NYG, 0.4546
NYP, 0.6928
NYD, 0.1484
NYE, 0.5834
NYK, 0.043
NYR, 0.2854
NGA, 0.0
NGC, 0.0704
NGF, 0.4556
NGI, 0.4894
NGL, 0.5638
NGM, 0.1104
NGV, 0.374
NGW, 0.0
NGH, 0.563
NGN, 0.0
NGQ, 0.223
NGS, 0.2258
NGT, 0.4938
NGY, 0.2702
NGG, 0.473
NGP, 0.3074
NGD, 0.45
NGE, 0.0
NGK, 0.2846
NGR, 0.36
NPA, 0.279
NPC, 0.0
NPF, 0.4788
NPI, 0.1366
NPL, 0.3376
NPM, 0.1312
NPV, 0.3282
NPW, 0.3398
NPH, 0.0906
NPN, 0.0
NPQ, 0.0
NPS, 0.664
NPT, 0.4234
NPY, 0.1826
NPG, 0.0372
NPP, 0.466
NPD, 0.7664
NPE, 0.0154
NPK, 0.653
NPR, 0.5252
NDA, 0.2874
NDC, 0.0166
NDF, 0.342
NDI, 0.2512
NDL, 0.6696
NDM, 0.3996
NDV, 0.013
NDW, 0.1276
NDH, 0.0
NDN, 0.5232
NDQ, 0.4054
NDS, 0.2872
NDT, 0.1122
NDY, 0.0528
NDG, 0.0
NDP, 0.4238
NDD, 0.4108
NDE, 0.2114
NDK, 0.0
NDR, 0.1568
NEA, 0.007
NEC, 0.2368
NEF, 0.521
NEI, 0.3314
NEL, 0.0664
NEM, 0.1518
NEV, 0.32
NEW, 0.4864
NEH, 0.1114
NEN, 0.033
NEQ, 0.0326
NES, 0.0128
NET, 0.0806
NEY, 0.4404
NEG, 0.1188
NEP, 0.1782
NED, 0.2758
NEE, 0.2648
NEK, 0.271
NER, 0.2324
NKA, 0.0968
NKC, 0.0742
NKF, 0.1564
NKI, 0.3016
NKL, 0.3612
NKM, 0.413
NKV, 0.1146
NKW, 0.4108
NKH, 0.436
NKN, 0.6354
NKQ, 0.1112
NKS, 0.4406
NKT, 0.0872
NKY, 0.2478
NKG, 0.0206
NKP, 0.2416
NKD, 0.1096
NKE, 0.0
NKK, 0.7082
NKR, 0.655
NRA, 0.058
NRC, 0.101
NRF, 0.7972
NRI, 0.1794
NRL, 0.3742
NRM, 0.573
NRV, 0.2964
NRW, 0.2758
NRH, 0.1782
NRN, 0.0
NRQ, 0.1088
NRS, 0.5206
NRT, 0.2324
NRY, 0.2284
NRG, 0.5202
NRP, 0.0
NRD, 0.0764
NRE, 0.4496
NRK, 0.5574
NRR, 0.1604
QAA, 0.4236
QAC, 0.4844
QAF, 0.2882
QAI, 0.038
QAL, 0.599
QAM, 0.3756
QAV, 0.4768
QAW, 0.2354
QAH, 0.626
QAN, 0.3678
QAQ, 0.0092
QAS, 0.1976
QAT, 0.1898
QAY, 0.1798
QAG, 0.072
QAP, 0.2234
QAD, 0.1598
QAE, 0.3888
QAK, 0.2494
QAR, 0.7938
QCA, 0.1192
QCC, 0.4208
QCF, 0.273
QCI, 0.3872
QCL, 0.3554
QCM, 0.3714
QCV, 0.35
QCW, 0.365
QCH, 0.0968
QCN, 0.3022
QCQ, 0.1116
QCS, 0.0534
QCT, 0.069
QCY, 0.0888
QCG, 0.3984
QCP, 0.219
QCD, 0.5926
QCE, 0.1972
QCK, 0.256
QCR, 0.2452
QFA, 0.109
QFC, 0.0778
QFF, 0.2274
QFI, 0.1674
QFL, 0.1654
QFM, 0.0278
QFV, 0.2612
QFW, 0.0798
QFH, 0.0936
QFN, 0.128
QFQ, 0.3998
QFS, 0.0
QFT, 0.5742
QFY, 0.1592
QFG, 0.1782
QFP, 0.0
QFD, 0.4606
QFE, 0.3456
QFK, 0.282
QFR, 0.0
QIA, 0.152
QIC, 0.0804
QIF, 0.1042
QII, 0.3194
QIL, 0.3758
QIM, 0.3472
QIV, 0.7092
QIW, 0.3512
QIH, 0.06
QIN, 0.3396
QIQ, 0.1276
QIS, 0.209
QIT, 0.3214
QIY, 0.6604
QIG, 0.4308
QIP, 0.173
QID, 0.033
QIE, 0.3872
QIK, 0.1202
QIR, 0.067
QLA, 0.439
QLC, 0.3292
QLF, 0.799
QLI, 0.4622
QLL, 0.1946
QLM, 0.2782
QLV, 0.4728
QLW, 0.559
QLH, 0.205
QLN, 0.7318
QLQ, 0.4058
QLS, 0.1198
QLT, 0.3184
QLY, 0.5386
QLG, 0.4612
QLP, 0.2604
QLD, 0.0824
QLE, 0.352
QLK, 0.0
QLR, 0.1278
QMA, 0.1826
QMC, 0.1346
QMF, 0.5322
QMI, 0.3686
QML, 0.0112
QMM, 0.2966
QMV, 0.2218
QMW, 0.4562
QMH, 0.3672
QMN, 0.0928
QMQ, 0.5018
QMS, 0.0058
QMT, 0.0
QMY, 0.1912
QMG, 0.161
QMP, 0.5358
QMD, 0.1702
QME, 0.4652
QMK, 0.246
QMR, 0.0476
QVA, 0.0
QVC, 0.221
QVF, 0.5088
QVI, 0.357
QVL, 0.0642
QVM, 0.024
QVV, 0.1994
QVW, 0.344
QVH, 0.1326
QVN, 0.2506
QVQ, 0.2916
QVS, 0.0736
QVT, 0.1352
QVY, 0.1348
QVG, 0.146
QVP, 0.3298
QVD, 0.045
QVE, 0.4404
QVK, 0.1564
QVR, 0.1994
QWA, 0.3868
QWC, 0.5202
QWF, 0.2938
QWI, 0.036
QWL, 0.2376
QWM, 0.0
QWV, 0.1058
QWW, 0.7334
QWH, 0.4332
QWN, 0.386
QWQ, 0.0948
QWS, 0.0744
QWT, 0.2968
QWY, 0.0578
QWG, 0.425
QWP, 0.2096
QWD, 0.1226
QWE, 0.3882
QWK, 0.5694
QWR, 0.341
QHA, 0.0318
QHC, 0.337
QHF, 0.2168
QHI, 0.4228
QHL, 0.1958
QHM, 0.2888
QHV, 0.4814
QHW, 0.3772
QHH, 0.8916
QHN, 0.1504
QHQ, 0.1712
QHS, 0.164
QHT, 0.3228
QHY, 0.3462
QHG, 0.2028
QHP, 0.0632
QHD, 0.3666
QHE, 0.08
QHK, 0.3216
QHR, 0.0442
QNA, 0.0338
QNC, 0.3542
QNF, 0.5696
QNI, 0.5666
QNL, 0.118
QNM, 0.0878
QNV, 0.7856
QNW, 0.149
QNH, 0.2832
QNN, 0.3412
QNQ, 0.2042
QNS, 0.09
QNT, 0.2248
QNY, 0.4596
QNG, 0.5422
QNP, 0.6246
QND, 0.1982
QNE, 0.083
QNK, 0.6778
QNR, 0.4802
QQA, 0.0394
QQC, 0.0034
QQF, 0.1984
QQI, 0.4772
QQL, 0.2114
QQM, 0.2202
QQV, 0.5224
QQW, 0.2288
QQH, 0.3174
QQN, 0.282
QQQ, 0.0334
QQS, 0.6124
QQT, 0.826
QQY, 0.1236
QQG, 0.3562
QQP, 0.0652
QQD, 0.0
QQE, 0.6896
QQK, 0.1038
QQR, 0.4498
QSA, 0.4818
QSC, 0.2646
QSF, 0.1724
QSI, 0.1442
QSL, 0.3032
QSM, 0.2408
QSV, 0.1218
QSW, 0.4834
QSH, 0.1022
QSN, 0.3196
QSQ, 0.1652
QSS, 0.4236
QST, 0.1444
QSY, 0.0478
QSG, 0.5048
QSP, 0.711
QSD, 0.0894
QSE, 0.1276
QSK, 0.012
QSR, 0.3526
QTA, 0.3446
QTC, 0.118
QTF, 0.0
QTI, 0.176
QTL, 0.2964
QTM, 0.2868
QTV, 0.4018
QTW, 0.3834
QTH, 0.2976
QTN, 0.2236
QTQ, 0.1568
QTS, 0.0542
QTT, 0.0942
QTY, 0.3716
QTG, 0.0
QTP, 0.0
QTD, 0.231
QTE, 0.5732
QTK, 0.5588
QTR, 0.3482
QYA, 0.3788
QYC, 0.4978
QYF, 0.2648
QYI, 0.791
QYL, 0.5644
QYM, 0.327
QYV, 0.4542
QYW, 0.244
QYH, 0.1902
QYN, 0.5012
QYQ, 0.4248
QYS, 0.2748
QYT, 0.066
QYY, 0.4204
QYG, 0.3324
QYP, 0.1572
QYD, 0.0288
QYE, 0.1388
QYK, 0.124
QYR, 0.1026
QGA, 0.322
QGC, 0.351
QGF, 0.2262
QGI, 0.084
QGL, 0.0
QGM, 0.069
QGV, 0.2338
QGW, 0.3452
QGH, 0.4226
QGN, 0.1498
QGQ, 0.1654
QGS, 0.2334
QGT, 0.0
QGY, 0.1608
QGG, 0.0586
QGP, 0.387
QGD, 0.1262
QGE, 0.4178
QGK, 0.2408
QGR, 0.1914
QPA, 0.1688
QPC, 0.5808
QPF, 0.046
QPI, 0.6686
QPL, 0.1948
QPM, 0.1382
QPV, 0.118
QPW, 0.3926
QPH, 0.4446
QPN, 0.377
QPQ, 0.1748
QPS, 0.1568
QPT, 0.3688
QPY, 0.2908
QPG, 0.2182
QPP, 0.0582
QPD, 0.0
QPE, 0.1076
QPK, 0.616
QPR, 0.3526
QDA, 0.0646
QDC, 0.0022
QDF, 0.1548
QDI, 0.186
QDL, 0.2206
QDM, 0.2354
QDV, 0.2082
QDW, 0.2066
QDH, 0.5992
QDN, 0.1666
QDQ, 0.1302
QDS, 0.2864
QDT, 0.3486
QDY, 0.2892
QDG, 0.211
QDP, 0.0348
QDD, 0.4502
QDE, 0.3258
QDK, 0.4414
QDR, 0.0998
QEA, 0.2464
QEC, 0.1112
QEF, 0.1494
QEI, 0.723
QEL, 0.1236
QEM, 0.6132
QEV, 0.4954
QEW, 0.0
QEH, 0.0054
QEN, 0.338
QEQ, 0.587
QES, 0.697
QET, 0.1482
QEY, 0.2526
QEG, 0.6416
QEP, 0.1004
QED, 0.0926
QEE, 0.3416
QEK, 0.2342
QER, 0.1462
QKA, 0.0
QKC, 0.2566
QKF, 0.0014
QKI, 0.5386
QKL, 0.2366
QKM, 0.4932
QKV, 0.0
QKW, 0.1428
QKH, 0.4684
QKN, 0.0
QKQ, 0.3048
QKS, 0.5292
QKT, 0.0546
QKY, 0.5002
QKG, 0.0
QKP, 0.266
QKD, 0.4926
QKE, 0.2744
QKK, 0.1682
QKR, 0.6982
QRA, 0.0758
QRC, 0.0966
QRF, 0.305
QRI, 0.116
QRL, 0.3046
QRM, 0.7196
QRV, 0.0474
QRW, 0.1296
QRH, 0.2924
QRN, 0.353
QRQ, 0.1862
QRS, 0.1862
QRT, 0.1992
QRY, 0.4572
QRG, 0.1978
QRP, 0.0014
QRD, 0.2288
QRE, 0.1756
QRK, 0.14
QRR, 0.0
SAA, 0.3694
SAC, 0.6692
SAF, 0.2418
SAI, 0.603
SAL, 0.229
SAM, 0.6128
SAV, 0.42
SAW, 0.0
SAH, 0.2156
SAN, 0.3994
SAQ, 0.608
SAS, 0.2022
SAT, 0.1882
SAY, 0.0074
SAG, 0.4654
SAP, 0.0698
SAD, 0.5186
SAE, 0.117
SAK, 0.5648
SAR, 0.5722
SCA, 0.413
SCC, 0.5134
SCF, 0.001
SCI, 0.5468
SCL, 0.0652
SCM, 0.1414
SCV, 0.2968
SCW, 0.0
SCH, 0.7312
SCN, 0.362
SCQ, 0.5444
SCS, 0.044
SCT, 0.0
SCY, 0.1348
SCG, 0.587
SCP, 0.2982
SCD, 0.3342
SCE, 0.6292
SCK, 0.0762
SCR, 0.0
SFA, 0.38
SFC, 0.369
SFF, 0.0078
SFI, 0.4138
SFL, 0.3204
SFM, 0.6822
SFV, 0.3776
SFW, 0.1712
SFH, 0.2252
SFN, 0.0372
SFQ, 0.1342
SFS, 0.8056
SFT, 0.0134
SFY, 0.2416
SFG, 0.1582
SFP, 0.6326
SFD, 0.4354
SFE, 0.3796
SFK, 0.1654
SFR, 0.189
SIA, 0.9114
SIC, 0.2098
SIF, 0.2496
SII, 0.5032
SIL, 0.8728
SIM, 0.1018
SIV, 0.0
SIW, 0.2956
SIH, 0.4276
SIN, 0.2532
SIQ, 0.697
SIS, 0.5882
SIT, 0.7316
SIY, 0.3316
SIG, 0.515
SIP, 0.6376
SID, 0.6304
SIE, 0.2316
SIK, 0.3404
SIR, 0.3968
SLA, 0.3208
SLC, 0.4908
SLF, 0.1006
SLI, 0.0784
SLL, 0.22
SLM, 0.1368
SLV, 0.039
SLW, 0.2638
SLH, 0.211
SLN, 0.0962
SLQ, 0.297
SLS, 0.0382
SLT, 0.0774
SLY, 0.0434
SLG, 0.19
SLP, 0.5752
SLD, 0.7394
SLE, 0.5264
SLK, 0.3438
SLR, 0.0396
SMA, 0.4448
SMC, 0.2194
SMF, 0.0
SMI, 0.602
SML, 0.6388
SMM, 0.054
SMV, 0.1746
SMW, 0.0968
SMH, 0.0972
SMN, 0.0
SMQ, 0.057
SMS, 0.085
SMT, 0.1966
SMY, 0.172
SMG, 0.2716
SMP, 0.2084
SMD, 0.2558
SME, 0.3972
SMK, 0.1924
SMR, 0.0
SVA, 0.496
SVC, 0.1788
SVF, 0.462
SVI, 0.0726
SVL, 0.577
SVM, 0.0
SVV, 0.3576
SVW, 0.2592
SVH, 0.3314
SVN, 0.2366
SVQ, 0.0
SVS, 0.3836
SVT, 0.0228
SVY, 0.1028
SVG, 0.3192
SVP, 0.5416
SVD, 0.1578
SVE, 0.5146
SVK, 0.3352
SVR, 0.4574
SWA, 0.3952
SWC, 0.527
SWF, 0.0686
SWI, 0.2922
SWL, 0.3302
SWM, 0.1592
SWV, 0.5682
SWW, 0.676
SWH, 0.1456
SWN, 0.7548
SWQ, 0.1834
SWS, 0.4132
SWT, 0.0572
SWY, 0.522
SWG, 0.5334
SWP, 0.5224
SWD, 0.2206
SWE, 0.3592
SWK, 0.2604
SWR, 0.5238
SHA, 0.1374
SHC, 0.4466
SHF, 0.0356
SHI, 0.1174
SHL, 0.1582
SHM, 0.1974
SHV, 0.8936
SHW, 0.1442
SHH, 0.0998
SHN, 0.0226
SHQ, 0.11
SHS, 0.3848
SHT, 0.4356
SHY, 0.5756
SHG, 0.5696
SHP, 0.624
SHD, 0.6066
SHE, 0.231
SHK, 0.08
SHR, 0.5062
SNA, 0.37
SNC, 0.0002
SNF, 0.131
SNI, 0.0806
SNL, 0.0356
SNM, 0.1442
SNV, 0.4828
SNW, 0.6508
SNH, 0.098
SNN, 0.3092
SNQ, 0.3294
SNS, 0.0286
SNT, 0.499
SNY, 0.4954
SNG, 0.0918
SNP, 0.8682
SND, 0.0
SNE, 0.3044
SNK, 0.3194
SNR, 0.3398
SQA, 0.5588
SQC, 0.533
SQF, 0.0504
SQI, 0.2358
SQL, 0.0
SQM, 0.0068
SQV, 0.4778
SQW, 0.2532
SQH, 0.135
SQN, 0.0762
SQQ, 0.0562
SQS, 0.2202
SQT, 0.086
SQY, 0.3994
SQG, 0.5892
SQP, 0.078
SQD, 0.6514
SQE, 0.1412
SQK, 0.4566
SQR, 0.3232
SSA, 0.9476
SSC, 0.6056
SSF, 0.2416
SSI, 0.2726
SSL, 0.7872
SSM, 0.135
SSV, 0.2822
SSW, 0.288
SSH, 0.3864
SSN, 0.0524
SSQ, 0.4854
SSS, 0.3462
SST, 0.42
SSY, 0.5074
SSG, 0.1816
SSP, 0.384
SSD, 0.5142
SSE, 0.0
SSK, 0.3238
SSR, 0.125
STA, 0.1592
STC, 0.1456
STF, 0.0594
STI, 0.4942
STL, 0.0
STM, 0.7514
STV, 0.0258
STW, 0.08
STH, 0.248
STN, 0.0
STQ, 0.2726
STS, 0.3498
STT, 0.2332
STY, 0.5348
STG, 0.1558
STP, 0.0
STD, 0.3332
STE, 0.3554
STK, 0.0214
STR, 0.2304
SYA, 0.066
SYC, 0.191
SYF, 0.2688
SYI, 0.2928
SYL, 0.4226
SYM, 0.5308
SYV, 0.5632
SYW, 0.3048
SYH, 0.038
SYN, 0.093
SYQ, 0.215
SYS, 0.6006
SYT, 0.0
SYY, 0.0
SYG, 0.048
SYP, 0.2954
SYD, 0.05
SYE, 0.3498
SYK, 0.162
SYR, 0.33
SGA, 0.1644
SGC, 0.0228
SGF, 0.3752
SGI, 0.3702
SGL, 0.0048
SGM, 0.3036
SGV, 0.2116
SGW, 0.3766
SGH, 0.0554
SGN, 0.2916
SGQ, 0.1424
SGS, 0.4762
SGT, 0.3688
SGY, 0.0964
SGG, 0.0538
SGP, 0.0018
SGD, 0.521
SGE, 0.2848
SGK, 0.167
SGR, 0.4654
SPA, 0.246
SPC, 0.014
SPF, 0.3248
SPI, 0.0866
SPL, 0.6484
SPM, 0.4838
SPV, 0.3112
SPW, 0.1624
SPH, 0.5198
SPN, 0.5042
SPQ, 0.1116
SPS, 0.0
SPT, 0.5966
SPY, 0.224
SPG, 0.2462
SPP, 0.2214
SPD, 0.3556
SPE, 0.0064
SPK, 0.0
SPR, 0.512
SDA, 0.0492
SDC, 0.0878
SDF, 0.1938
SDI, 0.3454
SDL, 0.068
SDM, 0.0
SDV, 0.5214
SDW, 0.1984
SDH, 0.3814
SDN, 0.4514
SDQ, 0.1174
SDS, 0.5668
SDT, 0.111
SDY, 0.345
SDG, 0.2616
SDP, 0.099
SDD, 0.4136
SDE, 0.4094
SDK, 0.3614
SDR, 0.216
SEA, 0.2838
SEC, 0.117
SEF, 0.3098
SEI, 0.7926
SEL, 0.4146
SEM, 0.093
SEV, 0.0914
SEW, 0.4364
SEH, 0.2586
SEN, 0.1384
SEQ, 0.4622
SES, 0.6406
SET, 0.414
SEY, 0.2432
SEG, 0.0482
SEP, 0.146
SED, 0.3712
SEE, 0.2458
SEK, 0.008
SER, 0.1522
SKA, 0.4628
SKC, 0.5824
SKF, 0.4472
SKI, 0.4274
SKL, 0.1786
SKM, 0.4074
SKV, 0.1056
SKW, 0.1792
SKH, 0.598
SKN, 0.144
SKQ, 0.7006
SKS, 0.0866
SKT, 0.221
SKY, 0.2572
SKG, 0.6896
SKP, 0.2596
SKD, 0.4684
SKE, 0.35
SKK, 0.0626
SKR, 0.1634
SRA, 0.1656
SRC, 0.417
SRF, 0.112
SRI, 0.1312
SRL, 0.6334
SRM, 0.2762
SRV, 0.4436
SRW, 0.7938
SRH, 0.1104
SRN, 0.535
SRQ, 0.3522
SRS, 0.1558
SRT, 0.2872
SRY, 0.6306
SRG, 0.0352
SRP, 0.1298
SRD, 0.0572
SRE, 0.4248
SRK, 0.2128
SRR, 0.0736
TAA, 0.1184
TAC, 0.0146
TAF, 0.0864
TAI, 0.4778
TAL, 0.3028
TAM, 0.0326
TAV, 0.2466
TAW, 0.2666
TAH, 0.213
TAN, 0.0676
TAQ, 0.4832
TAS, 0.4396
TAT, 0.1506
TAY, 0.3466
TAG, 0.0436
TAP, 0.0772
TAD, 0.09
TAE, 0.2846
TAK, 0.0
TAR, 0.5068
TCA, 0.1802
TCC, 0.0216
TCF, 0.2426
TCI, 0.1014
TCL, 0.2194
TCM, 0.05
TCV, 0.324
TCW, 0.0986
TCH, 0.6196
TCN, 0.1392
TCQ, 0.5652
TCS, 0.1616
TCT, 0.4086
TCY, 0.0342
TCG, 0.4806
TCP, 0.2514
TCD, 0.1126
TCE, 0.2114
TCK, 0.338
TCR, 0.5708
TFA, 0.297
TFC, 0.4758
TFF, 0.1426
TFI, 0.32
TFL, 0.0
TFM, 0.0626
TFV, 0.0
TFW, 0.3614
TFH, 0.2196
TFN, 0.3756
TFQ, 0.4556
TFS, 0.2384
TFT, 0.0444
TFY, 0.1292
TFG, 0.4168
TFP, 0.2416
TFD, 0.2994
TFE, 0.116
TFK, 0.822
TFR, 0.0214
TIA, 0.131
TIC, 0.5098
TIF, 0.3698
TII, 0.1374
TIL, 0.8884
TIM, 0.2738
TIV, 0.3748
TIW, 0.332
TIH, 0.2994
TIN, 0.0086
TIQ, 0.4118
TIS, 0.0538
TIT, 0.1738
TIY, 0.0
TIG, 0.5814
TIP, 0.486
TID, 0.4822
TIE, 0.5238
TIK, 0.2996
TIR, 0.5022
TLA, 0.0384
TLC, 0.2162
TLF, 0.0
TLI, 0.0
TLL, 0.3036
TLM, 0.0994
TLV, 0.4416
TLW, 0.0022
TLH, 0.4858
TLN, 0.115
TLQ, 0.137
TLS, 0.5158
TLT, 0.247
TLY, 0.2728
TLG, 0.1736
TLP, 0.0806
TLD, 0.2686
TLE, 0.349
TLK, 0.6302
TLR, 0.1386
TMA, 0.028
TMC, 0.2844
TMF, 0.211
TMI, 0.2336
TML, 0.2296
TMM, 0.0
TMV, 0.6242
TMW, 0.0872
TMH, 0.1176
TMN, 0.0
TMQ, 0.4906
TMS, 0.074
TMT, 0.1652
TMY, 0.1266
TMG, 0.1404
TMP, 0.324
TMD, 0.3314
TME, 0.2932
TMK, 0.0964
TMR, 0.0092
TVA, 0.3136
TVC, 0.0012
TVF, 0.079
TVI, 0.2522
TVL, 0.114
TVM, 0.0414
TVV, 0.2046
TVW, 0.0476
TVH, 0.373
TVN, 0.1318
TVQ, 0.5592
TVS, 0.007
TVT, 0.3204
TVY, 0.1416
TVG, 0.0786
TVP, 0.03
TVD, 0.2368
TVE, 0.7416
TVK, 0.044
TVR, 0.1758
TWA, 0.382
TWC, 0.1138
TWF, 0.1756
TWI, 0.0012
TWL, 0.697
TWM, 0.0854
TWV, 0.0908
TWW, 0.3078
TWH, 0.1038
TWN, 0.3672
TWQ, 0.095
TWS, 0.1468
TWT, 0.2322
TWY, 0.1046
TWG, 0.3714
TWP, 0.4128
TWD, 0.4016
TWE, 0.2614
TWK, 0.0342
TWR, 0.0
THA, 0.1776
THC, 0.4394
THF, 0.344
THI, 0.2958
THL, 0.066
THM, 0.2876
THV, 0.3072
THW, 0.2548
THH, 0.02
THN, 0.16
THQ, 0.314
THS, 0.3232
THT, 0.271
THY, 0.0806
THG, 0.093
THP, 0.4066
THD, 0.185
THE, 0.4794
THK, 0.0
THR, 0.4126
TNA, 0.1974
TNC, 0.4136
TNF, 0.006
TNI, 0.1544
TNL, 0.1518
TNM, 0.1936
TNV, 0.4778
TNW, 0.1778
TNH, 0.4574
TNN, 0.208
TNQ, 0.3008
TNS, 0.0
TNT, 0.4778
TNY, 0.1368
TNG, 0.2444
TNP, 0.2876
TND, 0.1546
TNE, 0.0674
TNK, 0.6864
TNR, 0.323
TQA, 0.446
TQC, 0.398
TQF, 0.2966
TQI, 0.0784
TQL, 0.1272
TQM, 0.2756
TQV, 0.6128
TQW, 0.298
TQH, 0.0246
TQN, 0.4532
TQQ, 0.0594
TQS, 0.2624
TQT, 0.0
TQY, 0.166
TQG, 0.1502
TQP, 0.2218
TQD, 0.3222
TQE, 0.4404
TQK, 0.3678
TQR, 0.5184
TSA, 0.0476
TSC, 0.2856
TSF, 0.2288
TSI, 0.6462
TSL, 0.0866
TSM, 0.3024
TSV, 0.0126
TSW, 0.0438
TSH, 0.642
TSN, 0.4812
TSQ, 0.0008
TSS, 0.5036
TST, 0.32
TSY, 0.1582
TSG, 0.088
TSP, 0.15
TSD, 0.5174
TSE, 0.2856
TSK, 0.3022
TSR, 0.0002
TTA, 0.4344
TTC, 0.413
TTF, 0.5486
TTI, 0.5442
TTL, 0.0916
TTM, 0.4462
TTV, 0.0842
TTW, 0.6978
TTH, 0.4808
TTN, 0.4258
TTQ, 0.2
TTS, 0.2304
TTT, 0.3566
TTY, 0.2786
TTG, 0.3456
TTP, 0.0
TTD, 0.3704
TTE, 0.524
TTK, 0.1624
TTR, 0.0
TYA, 0.4704
TYC, 0.2266
TYF, 0.1298
TYI, 0.0596
TYL, 0.578
TYM, 0.008
TYV, 0.3332
TYW, 0.1114
TYH, 0.3434
TYN, 0.214
TYQ, 0.5604
TYS, 0.6094
TYT, 0.2434
TYY, 0.124
TYG, 0.6764
TYP, 0.2268
TYD, 0.4532
TYE, 0.279
TYK, 0.4546
TYR, 0.7258
TGA, 0.3854
TGC, 0.5872
TGF, 0.239
TGI, 0.4616
TGL, 0.0782
TGM, 0.0892
TGV, 0.6952
TGW, 0.463
TGH, 0.5374
TGN, 0.2174
TGQ, 0.2546
TGS, 0.0
TGT, 0.4238
TGY, 0.4312
TGG, 0.0404
TGP, 0.0542
TGD, 0.0
TGE, 0.0324
TGK, 0.5994
TGR, 0.6394
TPA, 0.4154
TPC, 0.6886
TPF, 0.1482
TPI, 0.176
TPL, 0.2602
TPM, 0.1224
TPV, 0.4486
TPW, 0.0794
TPH, 0.0138
TPN, 0.1346
TPQ, 0.3372
TPS, 0.4572
TPT, 0.3084
TPY, 0.1838
TPG, 0.7592
TPP, 0.0194
TPD, 0.3134
TPE, 0.1374
TPK, 0.316
TPR, 0.4384
TDA, 0.1182
TDC, 0.4366
TDF, 0.027
TDI, 0.1358
TDL, 0.286
TDM, 0.3054
TDV, 0.2892
TDW, 0.2992
TDH, 0.1636
TDN, 0.3384
TDQ, 0.2284
TDS, 0.2574
TDT, 0.0772
TDY, 0.4328
TDG, 0.169
TDP, 0.0008
TDD, 0.1532
TDE, 0.0
TDK, 0.1624
TDR, 0.0682
TEA, 0.4012
TEC, 0.0408
TEF, 0.2612
TEI, 0.0
TEL, 0.365
TEM, 0.0502
TEV, 0.1704
TEW, 0.4544
TEH, 0.1538
TEN, 0.278
TEQ, 0.3916
TES, 0.0
TET, 0.3006
TEY, 0.0522
TEG, 0.3956
TEP, 0.2614
TED, 0.3372
TEE, 0.0878
TEK, 0.6898
TER, 0.0374
TKA, 0.4054
TKC, 0.202
TKF, 0.4068
TKI, 0.2112
TKL, 0.4302
TKM, 0.3644
TKV, 0.074
TKW, 0.1618
TKH, 0.4706
TKN, 0.0134
TKQ, 0.4366
TKS, 0.0282
TKT, 0.0
TKY, 0.0036
TKG, 0.628
TKP, 0.0578
TKD, 0.7922
TKE, 0.3792
TKK, 0.6168
TKR, 0.0882
TRA, 0.1638
TRC, 0.3454
TRF, 0.006
TRI, 0.1576
TRL, 0.604
TRM, 0.091
TRV, 0.2056
TRW, 0.232
TRH, 0.1104
TRN, 0.0474
TRQ, 0.0346
TRS, 0.0
TRT, 0.5382
TRY, 0.368
TRG, 0.2642
TRP, 0.2172
TRD, 0.0
TRE, 0.5
TRK, 0.3422
TRR, 0.2202
YAA, 0.0692
YAC, 0.4244
YAF, 0.0824
YAI, 0.3998
YAL, 0.2316
YAM, 0.2968
YAV, 0.2322
YAW, 0.0
YAH, 0.4404
YAN, 0.3582
YAQ, 0.7796
YAS, 0.1562
YAT, 0.1964
YAY, 0.3332
YAG, 0.1948
YAP, 0.612
YAD, 0.5384
YAE, 0.132
YAK, 0.1958
YAR, 0.3192
YCA, 0.2368
YCC, 0.3296
YCF, 0.0
YCI, 0.3324
YCL, 0.1276
YCM, 0.126
YCV, 0.2294
YCW, 0.1684
YCH, 0.0732
YCN, 0.0626
YCQ, 0.026
YCS, 0.0676
YCT, 0.1974
YCY, 0.4862
YCG, 0.5498
YCP, 0.2782
YCD, 0.0808
YCE, 0.2748
YCK, 0.3488
YCR, 0.1744
YFA, 0.26
YFC, 0.4488
YFF, 0.3042
YFI, 0.0358
YFL, 0.688
YFM, 0.553
YFV, 0.0084
YFW, 0.1054
YFH, 0.1526
YFN, 0.335
YFQ, 0.2666
YFS, 0.2226
YFT, 0.1324
YFY, 0.0618
YFG, 0.3384
YFP, 0.404
YFD, 0.1282
YFE, 0.6206
YFK, 0.484
YFR, 0.133
YIA, 0.3338
YIC, 0.2056
YIF, 0.1952
YII, 0.1034
YIL, 0.293
YIM, 0.4662
YIV, 0.2196
YIW, 0.4588
YIH, 0.5814
YIN, 0.7024
YIQ, 0.3972
YIS, 0.1324
YIT, 0.0
YIY, 0.0402
YIG, 0.3788
YIP, 0.6816
YID, 0.2636
YIE, 0.6612
YIK, 0.5424
YIR, 0.6622
YLA, 0.37
YLC, 0.0972
YLF, 0.3624
YLI, 0.0504
YLL, 0.0898
YLM, 0.617
YLV, 0.1904
YLW, 0.2472
YLH, 0.2256
YLN, 0.4862
YLQ, 0.3698
YLS, 0.0526
YLT, 0.0252
YLY, 0.354
YLG, 0.3406
YLP, 0.6028
YLD, 0.5304
YLE, 0.0
YLK, 0.7342
YLR, 0.7616
YMA, 0.1882
YMC, 0.2314
YMF, 0.2208
YMI, 0.2726
YML, 0.033
YMM, 0.382
YMV, 0.0
YMW, 0.1234
YMH, 0.2216
YMN, 0.1952
YMQ, 0.014
YMS, 0.1888
YMT, 0.1846
YMY, 0.2152
YMG, 0.3798
YMP, 0.3766
YMD, 0.475
YME, 0.057
YMK, 0.2348
YMR, 0.4186
YVA, 0.0432
YVC, 0.2498
YVF, 0.1862
YVI, 0.0988
YVL, 0.091
YVM, 0.1798
YVV, 0.1468
YVW, 0.083
YVH, 0.1166
YVN, 0.587
YVQ, 0.3478
YVS, 0.0802
YVT, 0.2382
YVY, 0.1362
YVG, 0.2046
YVP, 0.2652
YVD, 0.3902
YVE, 0.0128
YVK, 0.0134
YVR, 0.0252
YWA, 0.0074
YWC, 0.1466
YWF, 0.0282
YWI, 0.1378
YWL, 0.5384
YWM, 0.31
YWV, 0.4344
YWW, 0.123
YWH, 0.0
YWN, 0.179
YWQ, 0.2232
YWS, 0.3052
YWT, 0.0392
YWY, 0.2448
YWG, 0.2976
YWP, 0.0034
YWD, 0.4946
YWE, 0.7012
YWK, 0.2198
YWR, 0.347
YHA, 0.5732
YHC, 0.015
YHF, 0.6914
YHI, 0.183
YHL, 0.2066
YHM, 0.1372
YHV, 0.4024
YHW, 0.2634
YHH, 0.5516
YHN, 0.0
YHQ, 0.7838
YHS, 0.0
YHT, 0.3438
YHY, 0.2616
YHG, 0.0068
YHP, 0.0344
YHD, 0.3092
YHE, 0.1296
YHK, 0.2886
YHR, 0.232
YNA, 0.2066
YNC, 0.0958
YNF, 0.0984
YNI, 0.0132
YNL, 0.5274
YNM, 0.2744
YNV, 0.0042
YNW, 0.2536
YNH, 0.4848
YNN, 0.464
YNQ, 0.0288
YNS, 0.3344
YNT, 0.378
YNY, 0.21
YNG, 0.2192
YNP, 0.0
YND, 0.0884
YNE, 0.2318
YNK, 0.315
YNR, 0.6656
YQA, 0.5888
YQC, 0.0142
YQF, 0.5738
YQI, 0.3364
YQL, 0.623
YQM, 0.5274
YQV, 0.0
YQW, 0.2078
YQH, 0.2432
YQN, 0.554
YQQ, 0.3056
YQS, 0.3496
YQT, 0.5996
YQY, 0.0682
YQG, 0.3604
YQP, 0.134
YQD, 0.2826
YQE, 0.0028
YQK, 0.6324
YQR, 0.3894
YSA, 0.0158
YSC, 0.1962
YSF, 0.2414
YSI, 0.0826
YSL, 0.3932
YSM, 0.2342
YSV, 0.1202
YSW, 0.0488
YSH, 0.7054
YSN, 0.0596
YSQ, 0.279
YSS, 0.0
YST, 0.3978
YSY, 0.2412
YSG, 0.5994
YSP, 0.1776
YSD, 0.3712
YSE, 0.334
YSK, 0.1144
YSR, 0.0844
YTA, 0.0356
YTC, 0.0
YTF, 0.37
YTI, 0.0888
YTL, 0.4992
YTM, 0.023
YTV, 0.3168
YTW, 0.2198
YTH, 0.1838
YTN, 0.1942
YTQ, 0.1424
YTS, 0.0924
YTT, 0.1922
YTY, 0.1722
YTG, 0.316
YTP, 0.3228
YTD, 0.2134
YTE, 0.4616
YTK, 0.4988
YTR, 0.0958
YYA, 0.181
YYC, 0.0018
YYF, 0.694
YYI, 0.1266
YYL, 0.2898
YYM, 0.0468
YYV, 0.2272
YYW, 0.6568
YYH, 0.2374
YYN, 0.0516
YYQ, 0.3966
YYS, 0.1926
YYT, 0.035
YYY, 0.3922
YYG, 0.0998
YYP, 0.3516
YYD, 0.503
YYE, 0.1736
YYK, 0.263
YYR, 0.1594
YGA, 0.167
YGC, 0.0792
YGF, 0.1336
YGI, 0.297
YGL, 0.4358
YGM, 0.8854
YGV, 0.3422
YGW, 0.3524
YGH, 0.0196
YGN, 0.5448
YGQ, 0.2124
YGS, 0.6732
YGT, 0.3916
YGY, 0.2214
YGG, 0.3438
YGP, 0.168
YGD, 0.2342
YGE, 0.3572
YGK, 0.326
YGR, 0.4388
YPA, 0.1928
YPC, 0.4344
YPF, 0.601
YPI, 0.2894
YPL, 0.5168
YPM, 0.2672
YPV, 0.4288
YPW, 0.0194
YPH, 0.2524
YPN, 0.5012
YPQ, 0.3958
YPS, 0.1164
YPT, 0.3664
YPY, 0.0412
YPG, 0.5962
YPP, 0.4716
YPD, 0.1498
YPE, 0.7782
YPK, 0.3286
YPR, 0.0
YDA, 0.128
YDC, 0.326
YDF, 0.3754
YDI, 0.1448
YDL, 0.188
YDM, 0.312
YDV, 0.2558
YDW, 0.1348
YDH, 0.313
YDN, 0.3072
YDQ, 0.3348
YDS, 0.2384
YDT, 0.4
YDY, 0.3306
YDG, 0.2402
YDP, 0.43
YDD, 0.1566
YDE, 0.4928
YDK, 0.5384
YDR, 0.3124
YEA, 0.8466
YEC, 0.08
YEF, 0.1336
YEI, 0.4492
YEL, 0.688
YEM, 0.466
YEV, 0.5354
YEW, 0.4794
YEH, 0.0548
YEN, 0.1854
YEQ, 0.303
YES, 0.5112
YET, 0.7262
YEY, 0.2496
YEG, 0.3028
YEP, 0.1128
YED, 0.2556
YEE, 0.1332
YEK, 0.5286
YER, 0.7042
YKA, 0.0584
YKC, 0.0162
YKF, 0.2422
YKI, 0.3658
YKL, 0.7454
YKM, 0.1022
YKV, 0.442
YKW, 0.0918
YKH, 0.6774
YKN, 0.2814
YKQ, 0.3052
YKS, 0.2366
YKT, 0.2826
YKY, 0.205
YKG, 0.5844
YKP, 0.5024
YKD, 0.5968
YKE, 0.0128
YKK, 0.0844
YKR, 0.4694
YRA, 0.2444
YRC, 0.1674
YRF, 0.1826
YRI, 0.3044
YRL, 0.357
YRM, 0.4404
YRV, 0.2494
YRW, 0.1954
YRH, 0.5438
YRN, 0.071
YRQ, 0.4578
YRS, 0.2964
YRT, 0.0394
YRY, 0.0426
YRG, 0.1842
YRP, 0.591
YRD, 0.4334
YRE, 0.6032
YRK, 0.158
YRR, 0.0384
GAA, 0.3614
GAC, 0.146
GAF, 0.2068
GAI, 0.5584
GAL, 0.048
GAM, 0.3032
GAV, 0.1102
GAW, 0.1906
GAH, 0.4232
GAN, 0.67
GAQ, 0.0938
GAS, 0.2294
GAT, 0.312
GAY, 0.345
GAG, 0.0248
GAP, 0.0544
GAD, 0.1634
GAE, 0.0072
GAK, 0.1018
GAR, 0.0556
GCA, 0.481
GCC, 0.5378
GCF, 0.135
GCI, 0.0092
GCL, 0.6914
GCM, 0.0
GCV, 0.1328
GCW, 0.3688
GCH, 0.0918
GCN, 0.2044
GCQ, 0.321
GCS, 0.1092
GCT, 0.0
GCY, 0.3942
GCG, 0.3504
GCP, 0.1606
GCD, 0.6012
GCE, 0.0
GCK, 0.3724
GCR, 0.2214
GFA, 0.3106
GFC, 0.6804
GFF, 0.1258
GFI, 0.2398
GFL, 0.1202
GFM, 0.1596
GFV, 0.3358
GFW, 0.103
GFH, 0.0378
GFN, 0.3464
GFQ, 0.1484
GFS, 0.1706
GFT, 0.2728
GFY, 0.2386
GFG, 0.2658
GFP, 0.7054
GFD, 0.1284
GFE, 0.371
GFK, 0.3272
GFR, 0.2702
GIA, 0.5146
GIC, 0.4976
GIF, 0.3502
GII, 0.4796
GIL, 0.8532
GIM, 0.0832
GIV, 0.279
GIW, 0.338
GIH, 0.116
GIN, 0.686
GIQ, 0.4926
GIS, 0.5378
GIT, 0.0598
GIY, 0.4904
GIG, 0.3474
GIP, 0.0634
GID, 0.7248
GIE, 0.3962
GIK, 0.246
GIR, 0.7012
GLA, 0.4266
GLC, 0.3298
GLF, 0.4166
GLI, 0.3554
GLL, 0.0088
GLM, 0.6274
GLV, 0.1236
GLW, 0.2364
GLH, 0.1326
GLN, 0.136
GLQ, 0.3238
GLS, 0.143
GLT, 0.1482
GLY, 0.0522
GLG, 0.3774
GLP, 0.0526
GLD, 0.1424
GLE, 0.601
GLK, 0.8136
GLR, 0.3
GMA, 0.0
GMC, 0.0
GMF, 0.019
GMI, 0.0874
GML, 0.1932
GMM, 0.2658
GMV, 0.18
GMW, 0.371
GMH, 0.2396
GMN, 0.3328
GMQ, 0.2778
GMS, 0.2066
GMT, 0.084
GMY, 0.0506
GMG, 0.1818
GMP, 0.1152
GMD, 0.028
GME, 0.3142
GMK, 0.3972
GMR, 0.4906
GVA, 0.4608
GVC, 0.4346
GVF, 0.1044
GVI, 0.5926
GVL, 0.2036
GVM, 0.4338
GVV, 0.5606
GVW, 0.0692
GVH, 0.1444
GVN, 0.6588
GVQ, 0.6156
GVS, 0.0084
GVT, 0.6142
GVY, 0.0226
GVG, 0.1706
GVP, 0.5524
GVD, 0.3338
GVE, 0.1044
GVK, 0.3622
GVR, 0.0574
GWA, 0.282
GWC, 0.156
GWF, 0.584
GWI, 0.488
GWL, 0.4096
GWM, 0.419
GWV, 0.4528
GWW, 0.2814
GWH, 0.6034
GWN, 0.291
GWQ, 0.4626
GWS, 0.0
GWT, 0.4428
GWY, 0.0778
GWG, 0.1812
GWP, 0.6366
GWD, 0.0508
GWE, 0.366
GWK, 0.1118
GWR, 0.1056
GHA, 0.4556
GHC, 0.2478
GHF, 0.1738
GHI, 0.1816
GHL, 0.0102
GHM, 0.2414
GHV, 0.6684
GHW, 0.2374
GHH, 0.6008
GHN, 0.382
GHQ, 0.0276
GHS, 0.0834
GHT, 0.1996
GHY, 0.6478
GHG, 0.5658
GHP, 0.7162
GHD, 0.2124
GHE, 0.1174
GHK, 0.132
GHR, 0.1394
GNA, 0.448
GNC, 0.1236
GNF, 0.5148
GNI, 0.09
GNL, 0.3108
GNM, 0.3028
GNV, 0.0932
GNW, 0.3662
GNH, 0.0604
GNN, 0.2556
GNQ, 0.2272
GNS, 0.3682
GNT, 0.1754
GNY, 0.2736
GNG, 0.2708
GNP, 0.0172
GND, 0.1774
GNE, 0.3024
GNK, 0.2434
GNR, 0.5712
GQA, 0.1216
GQC, 0.285
GQF, 0.1666
GQI, 0.0454
GQL, 0.2524
GQM, 0.2088
GQV, 0.2688
GQW, 0.3286
GQH, 0.1854
GQN, 0.6408
GQQ, 0.5502
GQS, 0.1228
GQT, 0.3062
GQY, 0.6568
GQG, 0.2206
GQP, 0.399
GQD, 0.3464
GQE, 0.4886
GQK, 0.175
GQR, 0.2702
GSA, 0.3396
GSC, 0.235
GSF, 0.5826
GSI, 0.7694
GSL, 0.0996
GSM, 0.1518
GSV, 0.1816
GSW, 0.3752
GSH, 0.092
GSN, 0.1198
GSQ, 0.1766
GSS, 0.3204
GST, 0.0
GSY, 0.4818
GSG, 0.7502
GSP, 0.2892
GSD, 0.0344
GSE, 0.2252
GSK, 0.3754
GSR, 0.4308
GTA, 0.2392
GTC, 0.14
GTF, 0.0514
GTI, 0.1038
GTL, 0.088
GTM, 0.1504
GTV, 0.225
GTW, 0.4262
GTH, 0.0
GTN, 0.3374
GTQ, 0.0
GTS, 0.1648
GTT, 0.512
GTY, 0.2828
GTG, 0.0652
GTP, 0.312
GTD, 0.395
GTE, 0.0158
GTK, 0.1192
GTR, 0.0898
GYA, 0.0364
GYC, 0.0072
GYF, 0.607
GYI, 0.449
GYL, 0.507
GYM, 0.5366
GYV, 0.6066
GYW, 0.3208
GYH, 0.0
GYN, 0.6628
GYQ, 0.4392
GYS, 0.133
GYT, 0.1882
GYY, 0.0036
GYG, 0.5402
GYP, 0.4142
GYD, 0.0632
GYE, 0.2818
GYK, 0.3282
GYR, 0.6246
GGA, 0.21
GGC, 0.2534
GGF, 0.3782
GGI, 0.3218
GGL, 0.3104
GGM, 0.52
GGV, 0.355
GGW, 0.2384
GGH, 0.2032
GGN, 0.1128
GGQ, 0.0
GGS, 0.0
GGT, 0.4186
GGY, 0.1916
GGG, 0.2006
GGP, 0.3428
GGD, 0.5344
GGE, 0.1906
GGK, 0.8534
GGR, 0.4806
GPA, 0.3754
GPC, 0.3238
GPF, 0.3322
GPI, 0.0
GPL, 0.2866
GPM, 0.0104
GPV, 0.2504
GPW, 0.349
GPH, 0.2808
GPN, 0.3668
GPQ, 0.814
GPS, 0.2014
GPT, 0.1374
GPY, 0.2376
GPG, 0.0602
GPP, 0.106
GPD, 0.4708
GPE, 0.0
GPK, 0.3232
GPR, 0.0612
GDA, 0.188
GDC, 0.4434
GDF, 0.6282
GDI, 0.6584
GDL, 0.3576
GDM, 0.3258
GDV, 0.4196
GDW, 0.392
GDH, 0.1238
GDN, 0.2146
GDQ, 0.0768
GDS, 0.6134
GDT, 0.2798
GDY, 0.272
GDG, 0.332
GDP, 0.3674
GDD, 0.2452
GDE, 0.7512
GDK, 0.1022
GDR, 0.6164
GEA, 0.2642
GEC, 0.693
GEF, 0.01
GEI, 0.294
GEL, 0.165
GEM, 0.474
GEV, 0.0878
GEW, 0.1132
GEH, 0.2648
GEN, 0.3206
GEQ, 0.0
GES, 0.242
GET, 0.4336
GEY, 0.2386
GEG, 0.3854
GEP, 0.057
GED, 0.01
GEE, 0.3932
GEK, 0.2388
GER, 0.0
GKA, 0.2754
GKC, 0.2964
GKF, 0.6812
GKI, 0.1088
GKL, 0.339
GKM, 0.2268
GKV, 0.7098
GKW, 0.444
GKH, 0.1834
GKN, 0.4534
GKQ, 0.3162
GKS, 0.1638
GKT, 0.0232
GKY, 0.4536
GKG, 0.1006
GKP, 0.1458
GKD, 0.3832
GKE, 0.206
GKK, 0.5134
GKR, 0.2488
GRA, 0.414
GRC, 0.0978
GRF, 0.3364
GRI, 0.4708
GRL, 0.4226
GRM, 0.3548
GRV, 0.2602
GRW, 0.4432
GRH, 0.2282
GRN, 0.1186
GRQ, 0.338
GRS, 0.0742
GRT, 0.252
GRY, 0.0078
GRG, 0.311
GRP, 0.3726
GRD, 0.1404
GRE, 0.8318
GRK, 0.6528
GRR, 0.1412
PAA, 0.3256
PAC, 0.1496
PAF, 0.4724
PAI, 0.3568
PAL, 0.1042
PAM, 0.1244
PAV, 0.3582
PAW, 0.3322
PAH, 0.2406
PAN, 0.1432
PAQ, 0.3044
PAS, 0.1786
PAT, 0.018
PAY, 0.5302
PAG, 0.117
PAP, 0.1458
PAD, 0.2026
PAE, 0.088
PAK, 0.3442
PAR, 0.15
PCA, 0.3722
PCC, 0.0134
PCF, 0.1008
PCI, 0.2558
PCL, 0.2382
PCM, 0.0
PCV, 0.5194
PCW, 0.0
PCH, 0.0242
PCN, 0.159
PCQ, 0.667
PCS, 0.3926
PCT, 0.201
PCY, 0.6328
PCG, 0.6022
PCP, 0.0
PCD, 0.2756
PCE, 0.086
PCK, 0.3122
PCR, 0.122
PFA, 0.1084
PFC, 0.0812
PFF, 0.2944
PFI, 0.4952
PFL, 0.3702
PFM, 0.2162
PFV, 0.481
PFW, 0.7724
PFH, 0.2808
PFN, 0.3406
PFQ, 0.1364
PFS, 0.408
PFT, 0.1562
PFY, 0.0
PFG, 0.472
PFP, 0.0958
PFD, 0.3934
PFE, 0.26
PFK, 0.091
PFR, 0.3006
PIA, 0.25
PIC, 0.3304
PIF, 0.0488
PII, 0.4014
PIL, 0.1346
PIM, 0.1022
PIV, 0.252
PIW, 0.233
PIH, 0.243
PIN, 0.5898
PIQ, 0.5564
PIS, 0.0
PIT, 0.0246
PIY, 0.131
PIG, 0.2286
PIP, 0.1608
PID, 0.0
PIE, 0.0924
PIK, 0.638
PIR, 0.589
PLA, 0.0044
PLC, 0.123
PLF, 0.2984
PLI, 0.0
PLL, 0.0
PLM, 0.3402
PLV, 0.3108
PLW, 0.5024
PLH, 0.2518
PLN, 0.5046
PLQ, 0.82
PLS, 0.1486
PLT, 0.3516
PLY, 0.3726
PLG, 0.5496
PLP, 0.0316
PLD, 0.3022
PLE, 0.2738
PLK, 0.341
PLR, 0.3418
PMA, 0.1428
PMC, 0.0
PMF, 0.6838
PMI, 0.4044
PML, 0.2106
PMM, 0.0942
PMV, 0.4558
PMW, 0.1538
PMH, 0.2468
PMN, 0.252
PMQ, 0.8984
PMS, 0.3514
PMT, 0.1874
PMY, 0.4368
PMG, 0.4158
PMP, 0.044
PMD, 0.2104
PME, 0.5242
PMK, 0.094
PMR, 0.706
PVA, 0.3838
PVC, 0.352
PVF, 0.4858
PVI, 0.1898
PVL, 0.412
PVM, 0.3398
PVV, 0.4996
PVW, 0.129
PVH, 0.0
PVN, 0.4236
PVQ, 0.5254
PVS, 0.1748
PVT, 0.2154
PVY, 0.0712
PVG, 0.386
PVP, 0.1906
PVD, 0.0364
PVE, 0.501
PVK, 0.5476
PVR, 0.5176
PWA, 0.0
PWC, 0.221
PWF, 0.0326
PWI, 0.1894
PWL, 0.298
PWM, 0.2124
PWV, 0.0392
PWW, 0.4066
PWH, 0.1946
PWN, 0.0626
PWQ, 0.3428
PWS, 0.12
PWT, 0.439
PWY, 0.14
PWG, 0.0
PWP, 0.2446
PWD, 0.3378
PWE, 0.562
PWK, 0.4072
PWR, 0.1878
PHA, 0.1456
PHC, 0.2282
PHF, 0.2852
PHI, 0.2332
PHL, 0.0958
PHM, 0.1962
PHV, 0.1588
PHW, 0.0218
PHH, 0.1326
PHN, 0.259
PHQ, 0.3266
PHS, 0.3256
PHT, 0.1124
PHY, 0.295
PHG, 0.0652
PHP, 0.1378
PHD, 0.0378
PHE, 0.2796
PHK, 0.2146
PHR, 0.445
PNA, 0.1986
PNC, 0.5484
PNF, 0.0368
PNI, 0.4598
PNL, 0.6938
PNM, 0.0334
PNV, 0.6576
PNW, 0.4822
PNH, 0.3646
PNN, 0.6156
PNQ, 0.5056
PNS, 0.1252
PNT, 0.4538
PNY, 0.0
PNG, 0.1524
PNP, 0.236
PND, 0.0752
PNE, 0.1848
PNK, 0.1958
PNR, 0.2058
PQA, 0.0
PQC, 0.0656
PQF, 0.3544
PQI, 0.5464
PQL, 0.3198
PQM, 0.325
PQV, 0.1218
PQW, 0.1618
PQH, 0.2262
PQN, 0.7248
PQQ, 0.4668
PQS, 0.1176
PQT, 0.3894
PQY, 0.6134
PQG, 0.2274
PQP, 0.3882
PQD, 0.8022
PQE, 0.0928
PQK, 0.4556
PQR, 0.3328
PSA, 0.2258
PSC, 0.06
PSF, 0.0804
PSI, 0.1558
PSL, 0.4768
PSM, 0.1878
PSV, 0.0
PSW, 0.2576
PSH, 0.017
PSN, 0.1072
PSQ, 0.5318
PSS, 0.505
PST, 0.2272
PSY, 0.1868
PSG, 0.0996
PSP, 0.2134
PSD, 0.4104
PSE, 0.0574
PSK, 0.0664
PSR, 0.2858
PTA, 0.4446
PTC, 0.0882
PTF, 0.2828
PTI, 0.3358
PTL, 0.3492
PTM, 0.402
PTV, 0.2974
PTW, 0.3604
PTH, 0.0
PTN, 0.6348
PTQ, 0.3114
PTS, 0.4124
PTT, 0.2544
PTY, 0.167
PTG, 0.029
PTP, 0.1266
PTD, 0.8228
PTE, 0.0886
PTK, 0.5236
PTR, 0.2308
PYA, 0.3586
PYC, 0.1578
PYF, 0.2926
PYI, 0.0136
PYL, 0.3302
PYM, 0.0276
PYV, 0.559
PYW, 0.2308
PYH, 0.085
PYN, 0.1796
PYQ, 0.6106
PYS, 0.2312
PYT, 0.0404
PYY, 0.3522
PYG, 0.0622
PYP, 0.364
PYD, 0.2704
PYE, 0.2126
PYK, 0.3932
PYR, 0.3434
PGA, 0.5154
PGC, 0.5566
PGF, 0.0804
PGI, 0.2878
PGL, 0.0
PGM, 0.3684
PGV, 0.395
PGW, 0.046
PGH, 0.5926
PGN, 0.2448
PGQ, 0.2836
PGS, 0.2564
PGT, 0.2074
PGY, 0.5138
PGG, 0.1448
PGP, 0.302
PGD, 0.2486
PGE, 0.0256
PGK, 0.4822
PGR, 0.4286
PPA, 0.0858
PPC, 0.081
PPF, 0.0426
PPI, 0.1236
PPL, 0.2204
PPM, 0.2032
PPV, 0.32
PPW, 0.3222
PPH, 0.3298
PPN, 0.1002
PPQ, 0.5888
PPS, 0.13
PPT, 0.2302
PPY, 0.002
PPG, 0.1616
PPP, 0.19
PPD, 0.469
PPE, 0.1622
PPK, 0.0146
PPR, 0.5062
PDA, 0.2292
PDC, 0.253
PDF, 0.629
PDI, 0.3734
PDL, 0.1994
PDM, 0.1874
PDV, 0.0194
PDW, 0.0
PDH, 0.2658
PDN, 0.2938
PDQ, 0.0258
PDS, 0.0
PDT, 0.0028
PDY, 0.4062
PDG, 0.5296
PDP, 0.3616
PDD, 0.0188
PDE, 0.0244
PDK, 0.4504
PDR, 0.2948
PEA, 0.623
PEC, 0.2104
PEF, 0.3582
PEI, 0.2736
PEL, 0.1182
PEM, 0.6266
PEV, 0.3656
PEW, 0.2054
PEH, 0.5798
PEN, 0.0748
PEQ, 0.1902
PES, 0.2666
PET, 0.1542
PEY, 0.1252
PEG, 0.007
PEP, 0.1588
PED, 0.1168
PEE, 0.287
PEK, 0.127
PER, 0.2648
PKA, 0.241
PKC, 0.0
PKF, 0.4354
PKI, 0.1388
PKL, 0.3362
PKM, 0.2014
PKV, 0.9456
PKW, 0.0812
PKH, 0.5652
PKN, 0.1118
PKQ, 0.1782
PKS, 0.1332
PKT, 0.372
PKY, 0.1352
PKG, 0.0342
PKP, 0.705
PKD, 0.2888
PKE, 0.2786
PKK, 0.3556
PKR, 0.769
PRA, 0.1242
PRC, 0.0
PRF, 0.088
PRI, 0.27
PRL, 0.4692
PRM, 0.1618
PRV, 0.1958
PRW, 0.0
PRH, 0.0796
PRN, 0.4568
PRQ, 0.3702
PRS, 0.5582
PRT, 0.0184
PRY, 0.404
PRG, 0.031
PRP, 0.135
PRD, 0.3048
PRE, 0.0948
PRK, 0.231
PRR, 0.0542
DAA, 0.177
DAC, 0.0918
DAF, 0.496
DAI, 0.1402
DAL, 0.0404
DAM, 0.114
DAV, 0.526
DAW, 0.2148
DAH, 0.0732
DAN, 0.0418
DAQ, 0.5164
DAS, 0.1174
DAT, 0.0
DAY, 0.2078
DAG, 0.1592
DAP, 0.6082
DAD, 0.272
DAE, 0.1356
DAK, 0.5378
DAR, 0.0434
DCA, 0.0338
DCC, 0.1478
DCF, 0.2362
DCI, 0.7756
DCL, 0.4386
DCM, 0.0842
DCV, 0.1574
DCW, 0.0
DCH, 0.423
DCN, 0.0
DCQ, 0.453
DCS, 0.0
DCT, 0.4232
DCY, 0.2822
DCG, 0.0
DCP, 0.3456
DCD, 0.1144
DCE, 0.2356
DCK, 0.5176
DCR, 0.022
DFA, 0.2608
DFC, 0.25
DFF, 0.0492
DFI, 0.027
DFL, 0.2972
DFM, 0.0322
DFV, 0.0
DFW, 0.1158
DFH, 0.249
DFN, 0.3532
DFQ, 0.8374
DFS, 0.3584
DFT, 0.0158
DFY, 0.085
DFG, 0.2148
DFP, 0.5194
DFD, 0.2442
DFE, 0.4296
DFK, 0.1014
DFR, 0.082
DIA, 0.0484
DIC, 0.0018
DIF, 0.1462
DII, 0.2676
DIL, 0.3188
DIM, 0.4842
DIV, 0.1568
DIW, 0.3674
DIH, 0.1412
DIN, 0.5722
DIQ, 0.3448
DIS, 0.019
DIT, 0.365
DIY, 0.0672
DIG, 0.5504
DIP, 0.0784
DID, 0.5126
DIE, 0.0574
DIK, 0.0026
DIR, 0.0642
DLA, 0.1936
DLC, 0.1896
DLF, 0.1082
DLI, 0.302
DLL, 0.5292
DLM, 0.6428
DLV, 0.5914
DLW, 0.2896
DLH, 0.5854
DLN, 0.4602
DLQ, 0.516
DLS, 0.2068
DLT, 0.653
DLY, 0.7132
DLG, 0.6786
DLP, 0.3288
DLD, 0.703
DLE, 0.8496
DLK, 0.4282
DLR, 0.6978
DMA, 0.0182
DMC, 0.4372
DMF, 0.1126
DMI, 0.5488
DML, 0.177
DMM, 0.4678
DMV, 0.497
DMW, 0.211
DMH, 0.7174
DMN, 0.4064
DMQ, 0.147
DMS, 0.296
DMT, 0.1428
DMY, 0.2948
DMG, 0.3558
DMP, 0.1594
DMD, 0.0266
DME, 0.5388
DMK, 0.4166
DMR, 0.645
DVA, 0.0952
DVC, 0.0614
DVF, 0.1186
DVI, 0.181
DVL, 0.148
DVM, 0.4448
DVV, 0.2582
DVW, 0.0
DVH, 0.5474
DVN, 0.236
DVQ, 0.114
DVS, 0.1748
DVT, 0.2322
DVY, 0.3774
DVG, 0.2684
DVP, 0.395
DVD, 0.2012
DVE, 0.0994
DVK, 0.3096
DVR, 0.336
DWA, 0.1824
DWC, 0.2976
DWF, 0.6078
DWI, 0.1574
DWL, 0.6712
DWM, 0.5152
DWV, 0.1084
DWW, 0.176
DWH, 0.0226
DWN, 0.357
DWQ, 0.2748
DWS, 0.1438
DWT, 0.2772
DWY, 0.3804
DWG, 0.0752
DWP, 0.1646
DWD, 0.1484
DWE, 0.2772
DWK, 0.1982
DWR, 0.408
DHA, 0.1532
DHC, 0.1284
DHF, 0.2108
DHI, 0.2896
DHL, 0.3126
DHM, 0.369
DHV, 0.1124
DHW, 0.284
DHH, 0.0294
DHN, 0.1202
DHQ, 0.1254
DHS, 0.0
DHT, 0.555
DHY, 0.3066
DHG, 0.2792
DHP, 0.0804
DHD, 0.2778
DHE, 0.0
DHK, 0.1714
DHR, 0.1142
DNA, 0.803
DNC, 0.6646
DNF, 0.0446
DNI, 0.0
DNL, 0.4702
DNM, 0.507
DNV, 0.3
DNW, 0.6056
DNH, 0.0692
DNN, 0.0356
DNQ, 0.1176
DNS, 0.1936
DNT, 0.4458
DNY, 0.137
DNG, 0.1944
DNP, 0.1308
DND, 0.409
DNE, 0.5218
DNK, 0.0132
DNR, 0.42
DQA, 0.3386
DQC, 0.0274
DQF, 0.0
DQI, 0.3568
DQL, 0.8564
DQM, 0.0
DQV, 0.0598
DQW, 0.5272
DQH, 0.1428
DQN, 0.2484
DQQ, 0.2644
DQS, 0.0298
DQT, 0.4696
DQY, 0.0256
DQG, 0.0166
DQP, 0.3944
DQD, 0.5424
DQE, 0.4322
DQK, 0.129
DQR, 0.0
DSA, 0.066
DSC, 0.0924
DSF, 0.0868
DSI, 0.339
DSL, 0.5542
DSM, 0.0
DSV, 0.4156
DSW, 0.0762
DSH, 0.0566
DSN, 0.1116
DSQ, 0.1672
DSS, 0.416
DST, 0.3614
DSY, 0.4948
DSG, 0.5508
DSP, 0.4634
DSD, 0.291
DSE, 0.3004
DSK, 0.0122
DSR, 0.3152
DTA, 0.612
DTC, 0.0568
DTF, 0.2808
DTI, 0.5188
DTL, 0.4056
DTM, 0.034
DTV, 0.3282
DTW, 0.3066
DTH, 0.1832
DTN, 0.4142
DTQ, 0.2808
DTS, 0.0
DTT, 0.2966
DTY, 0.2656
DTG, 0.2656
DTP, 0.1698
DTD, 0.0216
DTE, 0.3528
DTK, 0.3644
DTR, 0.482
DYA, 0.0
DYC, 0.3434
DYF, 0.1122
DYI, 0.1998
DYL, 0.0
DYM, 0.2338
DYV, 0.379
DYW, 0.7414
DYH, 0.1218
DYN, 0.3996
DYQ, 0.0
DYS, 0.2158
DYT, 0.374
DYY, 0.3864
DYG, 0.1708
DYP, 0.5218
DYD, 0.0956
DYE, 0.1162
DYK, 0.0154
DYR, 0.69
DGA, 0.4604
DGC, 0.3302
DGF, 0.4826
DGI, 0.4168
DGL, 0.6924
DGM, 0.1888
DGV, 0.031
DGW, 0.0092
DGH, 0.0368
DGN, 0.1264
DGQ, 0.0088
DGS, 0.5968
DGT, 0.0958
DGY, 0.4262
DGG, 0.0358
DGP, 0.3346
DGD, 0.1662
DGE, 0.0712
DGK, 0.1734
DGR, 0.0344
DPA, 0.6464
DPC, 0.1906
DPF, 0.369
DPI, 0.2628
DPL, 0.2598
DPM, 0.0
DPV, 0.4426
DPW, 0.1734
DPH, 0.16
DPN, 0.3846
DPQ, 0.1804
DPS, 0.082
DPT, 0.1158
DPY, 0.3554
DPG, 0.1948
DPP, 0.3396
DPD, 0.4578
DPE, 0.5528
DPK, 0.358
DPR, 0.2442
DDA, 0.1796
DDC, 0.0462
DDF, 0.5654
DDI, 0.2054
DDL, 0.603
DDM, 0.1702
DDV, 0.0684
DDW, 0.1298
DDH, 0.3786
DDN, 0.6606
DDQ, 0.4554
DDS, 0.1606
DDT, 0.2606
DDY, 0.3276
DDG, 0.0058
DDP, 0.434
DDD, 0.185
DDE, 0.1246
DDK, 0.2072
DDR, 0.0806
DEA, 0.5532
DEC, 0.4708
DEF, 0.689
DEI, 0.5368
DEL, 0.4494
DEM, 0.2214
DEV, 0.0026
DEW, 0.0662
DEH, 0.3674
DEN, 0.0154
DEQ, 0.125
DES, 0.0
DET, 0.034
DEY, 0.282
DEG, 0.5698
DEP, 0.0264
DED, 0.788
DEE, 0.0
DEK, 0.435
DER, 0.2002
DKA, 0.0
DKC, 0.0668
DKF, 0.0048
DKI, 0.3166
DKL, 0.4966
DKM, 0.0932
DKV, 0.0
DKW, 0.378
DKH, 0.122
DKN, 0.1916
DKQ, 0.35
DKS, 0.1814
DKT, 0.0364
DKY, 0.041
DKG, 0.0
DKP, 0.4298
DKD, 0.0024
DKE, 0.1326
DKK, 0.1484
DKR, 0.2896
DRA, 0.3364
DRC, 0.2242
DRF, 0.293
DRI, 0.3238
DRL, 0.8342
DRM, 0.2954
DRV, 0.2542
DRW, 0.1234
DRH, 0.0
DRN, 0.5142
DRQ, 0.2326
DRS, 0.417
DRT, 0.1226
DRY, 0.2272
DRG, 0.083
DRP, 0.2326
DRD, 0.5082
DRE, 0.3136
DRK, 0.2438
DRR, 0.1682
EAA, 0.0648
EAC, 0.3336
EAF, 0.0844
EAI, 0.466
EAL, 0.4334
EAM, 0.4946
EAV, 0.5432
EAW, 0.1868
EAH, 0.5832
EAN, 0.042
EAQ, 0.0646
EAS, 0.5302
EAT, 0.0688
EAY, 0.3166
EAG, 0.7052
EAP, 0.35
EAD, 0.312
EAE, 0.8186
EAK, 0.2636
EAR, 0.576
ECA, 0.192
ECC, 0.2568
ECF, 0.4722
ECI, 0.2946
ECL, 0.1116
ECM, 0.0044
ECV, 0.38
ECW, 0.0172
ECH, 0.7076
ECN, 0.0722
ECQ, 0.0962
ECS, 0.1362
ECT, 0.0454
ECY, 0.0762
ECG, 0.4782
ECP, 0.3502
ECD, 0.2458
ECE, 0.1862
ECK, 0.0
ECR, 0.2522
EFA, 0.2154
EFC, 0.2676
EFF, 0.1882
EFI, 0.0452
EFL, 0.0344
EFM, 0.4524
EFV, 0.3584
EFW, 0.3406
EFH, 0.346
EFN, 0.4306
EFQ, 0.0672
EFS, 0.069
EFT, 0.423
EFY, 0.5538
EFG, 0.3028
EFP, 0.1732
EFD, 0.4306
EFE, 0.2482
EFK, 0.2138
EFR, 0.636
EIA, 0.47
EIC, 0.1924
EIF, 0.0882
EII, 0.4822
EIL, 0.3442
EIM, 0.184
EIV, 0.2074
EIW, 0.0906
EIH, 0.285
EIN, 0.1786
EIQ, 0.292
EIS, 0.1192
EIT, 0.1522
EIY, 0.2
EIG, 0.248
EIP, 0.5054
EID, 0.8586
EIE, 0.326
EIK, 0.9304
EIR, 0.5768
ELA, 0.2168
ELC, 0.2606
ELF, 0.843
ELI, 0.3426
ELL, 0.5522
ELM, 0.6172
ELV, 0.4116
ELW, 0.2066
ELH, 0.1608
ELN, 0.0072
ELQ, 0.0342
ELS, 0.6402
ELT, 0.7216
ELY, 0.637
ELG, 0.4394
ELP, 0.2908
ELD, 0.0518
ELE, 0.3922
ELK, 0.8012
ELR, 0.9474
EMA, 0.1522
EMC, 0.5098
EMF, 0.3226
EMI, 0.4002
EML, 0.7042
EMM, 0.2748
EMV, 0.5592
EMW, 0.0
EMH, 0.2606
EMN, 0.249
EMQ, 0.1746
EMS, 0.2496
EMT, 0.0848
EMY, 0.0074
EMG, 0.07
EMP, 0.0
EMD, 0.1294
EME, 0.456
EMK, 0.3786
EMR, 0.5726
EVA, 0.6032
EVC, 0.0762
EVF, 0.0272
EVI, 0.4346
EVL, 0.0684
EVM, 0.083
EVV, 0.1038
EVW, 0.466
EVH, 0.183
EVN, 0.3524
EVQ, 0.3622
EVS, 0.1416
EVT, 0.5588
EVY, 0.1768
EVG, 0.5558
EVP, 0.16
EVD, 0.1162
EVE, 0.056
EVK, 0.7182
EVR, 0.0
EWA, 0.3396
EWC, 0.4366
EWF, 0.1496
EWI, 0.3412
EWL, 0.36
EWM, 0.134
EWV, 0.3754
EWW, 0.7876
EWH, 0.2952
EWN, 0.3096
EWQ, 0.3768
EWS, 0.48
EWT, 0.0688
EWY, 0.166
EWG, 0.7022
EWP, 0.3518
EWD, 0.1684
EWE, 0.003
EWK, 0.0096
EWR, 0.43
EHA, 0.567
EHC, 0.0
EHF, 0.008
EHI, 0.5588
EHL, 0.2418
EHM, 0.5236
EHV, 0.5346
EHW, 0.547
EHH, 0.0198
EHN, 0.6946
EHQ, 0.1854
EHS, 0.3198
EHT, 0.6574
EHY, 0.2222
EHG, 0.335
EHP, 0.0
EHD, 0.1962
EHE, 0.1504
EHK, 0.2942
EHR, 0.017
ENA, 0.3996
ENC, 0.5066
ENF, 0.2374
ENI, 0.3172
ENL, 0.1666
ENM, 0.2668
ENV, 0.2134
ENW, 0.5488
ENH, 0.0022
ENN, 0.3688
ENQ, 0.5174
ENS, 0.332
ENT, 0.4402
ENY, 0.3706
ENG, 0.5274
ENP, 0.4886
END, 0.579
ENE, 0.2046
ENK, 0.8306
ENR, 0.25
EQA, 0.1716
EQC, 0.1582
EQF, 0.541
EQI, 0.0868
EQL, 0.441
EQM, 0.3822
EQV, 0.018
EQW, 0.3452
EQH, 0.137
EQN, 0.0736
EQQ, 0.1468
EQS, 0.5684
EQT, 0.8176
EQY, 0.4206
EQG, 0.4996
EQP, 0.5682
EQD, 0.5264
EQE, 0.3528
EQK, 0.4022
EQR, 0.0402
ESA, 0.7364
ESC, 0.1092
ESF, 0.4376
ESI, 0.4874
ESL, 0.3778
ESM, 0.1256
ESV, 0.1886
ESW, 0.129
ESH, 0.0316
ESN, 0.606
ESQ, 0.0398
ESS, 0.0022
EST, 0.7322
ESY, 0.0776
ESG, 0.6014
ESP, 0.2594
ESD, 0.1092
ESE, 0.4504
ESK, 0.3606
ESR, 0.087
ETA, 0.022
ETC, 0.3624
ETF, 0.0674
ETI, 0.4742
ETL, 0.4664
ETM, 0.2962
ETV, 0.2028
ETW, 0.0
ETH, 0.2438
ETN, 0.2706
ETQ, 0.3796
ETS, 0.3458
ETT, 0.4266
ETY, 0.0858
ETG, 0.0586
ETP, 0.2504
ETD, 0.0952
ETE, 0.225
ETK, 0.4758
ETR, 0.2766
EYA, 0.3994
EYC, 0.0538
EYF, 0.308
EYI, 0.1658
EYL, 0.4986
EYM, 0.3332
EYV, 0.2084
EYW, 0.0
EYH, 0.244
EYN, 0.154
EYQ, 0.0194
EYS, 0.1028
EYT, 0.1144
EYY, 0.8624
EYG, 0.1142
EYP, 0.0
EYD, 0.2028
EYE, 0.1656
EYK, 0.523
EYR, 0.7098
EGA, 0.4332
EGC, 0.137
EGF, 0.3146
EGI, 0.0266
EGL, 0.1622
EGM, 0.2468
EGV, 0.3368
EGW, 0.4558
EGH, 0.1116
EGN, 0.0666
EGQ, 0.5336
EGS, 0.2142
EGT, 0.161
EGY, 0.2464
EGG, 0.281
EGP, 0.377
EGD, 0.2946
EGE, 0.0926
EGK, 0.502
EGR, 0.584
EPA, 0.0406
EPC, 0.1058
EPF, 0.6114
EPI, 0.0548
EPL, 0.2334
EPM, 0.484
EPV, 0.3888
EPW, 0.2164
EPH, 0.0292
EPN, 0.2874
EPQ, 0.3298
EPS, 0.308
EPT, 0.175
EPY, 0.1864
EPG, 0.4778
EPP, 0.1022
EPD, 0.1036
EPE, 0.118
EPK, 0.4144
EPR, 0.2636
EDA, 0.308
EDC, 0.1052
EDF, 0.2062
EDI, 0.09
EDL, 0.7262
EDM, 0.0504
EDV, 0.5088
EDW, 0.1362
EDH, 0.6426
EDN, 0.5682
EDQ, 0.1462
EDS, 0.2282
EDT, 0.6616
EDY, 0.366
EDG, 0.5548
EDP, 0.3022
EDD, 0.1326
EDE, 0.3968
EDK, 0.2654
EDR, 0.3888
EEA, 0.0712
EEC, 0.3172
EEF, 0.0
EEI, 0.075
EEL, 0.6946
EEM, 0.1318
EEV, 0.0196
EEW, 0.1474
EEH, 0.1422
EEN, 0.4226
EEQ, 0.3562
EES, 0.4828
EET, 0.133
EEY, 0.4342
EEG, 0.2236
EEP, 0.627
EED, 0.0226
EEE, 0.0
EEK, 0.5676
EER, 0.8456
EKA, 0.2552
EKC, 0.2626
EKF, 0.4882
EKI, 0.3772
EKL, 0.2816
EKM, 0.274
EKV, 0.3446
EKW, 0.2502
EKH, 0.0732
EKN, 0.2372
EKQ, 0.1702
EKS, 0.2392
EKT, 0.059
EKY, 0.1538
EKG, 0.3694
EKP, 0.7942
EKD, 0.1092
EKE, 0.002
EKK, 0.3356
EKR, 0.1092
ERA, 0.7864
ERC, 0.0
ERF, 0.0968
ERI, 0.057
ERL, 0.1778
ERM, 0.5648
ERV, 0.1742
ERW, 0.1302
ERH, 0.0352
ERN, 0.4724
ERQ, 0.0
ERS, 0.2936
ERT, 0.2926
ERY, 0.8118
ERG, 0.0394
ERP, 0.2614
ERD, 0.4842
ERE, 0.489
ERK, 0.3544
ERR, 0.0
KAA, 0.3776
KAC, 0.023
KAF, 0.209
KAI, 0.3764
KAL, 0.733
KAM, 0.1954
KAV, 0.2482
KAW, 0.5156
KAH, 0.7118
KAN, 0.1574
KAQ, 0.435
KAS, 0.3266
KAT, 0.0
KAY, 0.1006
KAG, 0.0382
KAP, 0.3562
KAD, 0.2232
KAE, 0.1442
KAK, 0.2894
KAR, 0.5458
KCA, 0.6256
KCC, 0.2802
KCF, 0.3932
KCI, 0.3804
KCL, 0.3502
KCM, 0.2046
KCV, 0.0314
KCW, 0.0588
KCH, 0.4352
KCN, 0.2072
KCQ, 0.2478
KCS, 0.2718
KCT, 0.4528
KCY, 0.3606
KCG, 0.2758
KCP, 0.728
KCD, 0.0628
KCE, 0.411
KCK, 0.117
KCR, 0.262
KFA, 0.4482
KFC, 0.2466
KFF, 0.3382
KFI, 0.4564
KFL, 0.742
KFM, 0.3762
KFV, 0.611
KFW, 0.2294
KFH, 0.3602
KFN, 0.3726
KFQ, 0.5446
KFS, 0.6098
KFT, 0.2996
KFY, 0.4124
KFG, 0.359
KFP, 0.5758
KFD, 0.3514
KFE, 0.0684
KFK, 0.5186
KFR, 0.2498
KIA, 0.4364
KIC, 0.4338
KIF, 0.022
KII, 0.3932
KIL, 0.6848
KIM, 0.0582
KIV, 0.0868
KIW, 0.433
KIH, 0.509
KIN, 0.2772
KIQ, 0.8192
KIS, 0.3752
KIT, 0.4796
KIY, 0.146
KIG, 0.0104
KIP, 0.364
KID, 0.3144
KIE, 0.2852
KIK, 0.2802
KIR, 0.3006
KLA, 0.552
KLC, 0.529
KLF, 0.3016
KLI, 0.248
KLL, 0.9058
KLM, 0.4684
KLV, 0.0
KLW, 0.0
KLH, 0.386
KLN, 0.36
KLQ, 0.013
KLS, 0.1966
KLT, 0.1348
KLY, 0.0834
KLG, 0.1972
KLP, 0.163
KLD, 0.0656
KLE, 0.461
KLK, 0.1036
KLR, 0.378
KMA, 0.0282
KMC, 0.4116
KMF, 0.297
KMI, 0.0
KML, 0.4284
KMM, 0.1286
KMV, 0.2742
KMW, 0.0
KMH, 0.121
KMN, 0.4432
KMQ, 0.2622
KMS, 0.3088
KMT, 0.0394
KMY, 0.2366
KMG, 0.1684
KMP, 0.3644
KMD, 0.8274
KME, 0.5192
KMK, 0.353
KMR, 0.2404
KVA, 0.1074
KVC, 0.3824
KVF, 0.1582
KVI, 0.124
KVL, 0.5994
KVM, 0.1554
KVV, 0.1606
KVW, 0.1188
KVH, 0.0632
KVN, 0.0
KVQ, 0.2132
KVS, 0.0866
KVT, 0.2504
KVY, 0.2626
KVG, 0.024
KVP, 0.1988
KVD, 0.0
KVE, 0.5508
KVK, 0.2002
KVR, 0.2086
KWA, 0.2934
KWC, 0.4732
KWF, 0.455
KWI, 0.07
KWL, 0.0494
KWM, 0.1584
KWV, 0.114
KWW, 0.0998
KWH, 0.2192
KWN, 0.3094
KWQ, 0.004
KWS, 0.455
KWT, 0.4272
KWY, 0.0282
KWG, 0.1508
KWP, 0.033
KWD, 0.125
KWE, 0.0
KWK, 0.3056
KWR, 0.1002
KHA, 0.6034
KHC, 0.5562
KHF, 0.0154
KHI, 0.2078
KHL, 0.3404
KHM, 0.4148
KHV, 0.1056
KHW, 0.2524
KHH, 0.3296
KHN, 0.0976
KHQ, 0.0394
KHS, 0.308
KHT, 0.1014
KHY, 0.1506
KHG, 0.127
KHP, 0.3774
KHD, 0.6998
KHE, 0.0366
KHK, 0.312
KHR, 0.2544
KNA, 0.2322
KNC, 0.4578
KNF, 0.2374
KNI, 0.1722
KNL, 0.8182
KNM, 0.1496
KNV, 0.2856
KNW, 0.3756
KNH, 0.6306
KNN, 0.1744
KNQ, 0.0284
KNS, 0.1126
KNT, 0.1834
KNY, 0.602
KNG, 0.183
KNP, 0.0282
KND, 0.737
KNE, 0.1544
KNK, 0.2638
KNR, 0.0056
KQA, 0.3612
KQC, 0.4654
KQF, 0.0
KQI, 0.6746
KQL, 0.6074
KQM, 0.3432
KQV, 0.4228
KQW, 0.465
KQH, 0.715
KQN, 0.3672
KQQ, 0.1592
KQS, 0.4222
KQT, 0.5936
KQY, 0.3044
KQG, 0.0
KQP, 0.5664
KQD, 0.0274
KQE, 0.1548
KQK, 0.0
KQR, 0.1376
KSA, 0.3682
KSC, 0.0
KSF, 0.1604
KSI, 0.0
KSL, 0.0028
KSM, 0.5422
KSV, 0.3012
KSW, 0.0366
KSH, 0.281
KSN, 0.3412
KSQ, 0.2982
KSS, 0.3134
KST, 0.2986
KSY, 0.2148
KSG, 0.3878
KSP, 0.244
KSD, 0.1746
KSE, 0.0448
KSK, 0.1228
KSR, 0.0
KTA, 0.2266
KTC, 0.0692
KTF, 0.1166
KTI, 0.082
KTL, 0.5212
KTM, 0.2304
KTV, 0.2858
KTW, 0.0216
KTH, 0.2858
KTN, 0.4202
KTQ, 0.2174
KTS, 0.0872
KTT, 0.1234
KTY, 0.4284
KTG, 0.3364
KTP, 0.3056
KTD, 0.11
KTE, 0.0
KTK, 0.372
KTR, 0.0554
KYA, 0.5924
KYC, 0.229
KYF, 0.1634
KYI, 0.387
KYL, 0.58
KYM, 0.113
KYV, 0.0182
KYW, 0.2026
KYH, 0.3454
KYN, 0.2104
KYQ, 0.0416
KYS, 0.2572
KYT, 0.0744
KYY, 0.1884
KYG, 0.2854
KYP, 0.3548
KYD, 0.3376
KYE, 0.1908
KYK, 0.0
KYR, 0.5054
KGA, 0.2988
KGC, 0.515
KGF, 0.3412
KGI, 0.0168
KGL, 0.5362
KGM, 0.1972
KGV, 0.1766
KGW, 0.2364
KGH, 0.0188
KGN, 0.0
KGQ, 0.148
KGS, 0.2246
KGT, 0.1678
KGY, 0.357
KGG, 0.1694
KGP, 0.6508
KGD, 0.3846
KGE, 0.1482
KGK, 0.0
KGR, 0.2934
KPA, 0.0938
KPC, 0.0
KPF, 0.1344
KPI, 0.244
KPL, 0.0
KPM, 0.0
KPV, 0.2398
KPW, 0.4882
KPH, 0.07
KPN, 0.035
KPQ, 0.4628
KPS, 0.2286
KPT, 0.1174
KPY, 0.3868
KPG, 0.4282
KPP, 0.0742
KPD, 0.1578
KPE, 0.0
KPK, 0.7334
KPR, 0.0756
KDA, 0.1568
KDC, 0.281
KDF, 0.579
KDI, 0.0396
KDL, 0.2456
KDM, 0.0
KDV, 0.4916
KDW, 0.0084
KDH, 0.197
KDN, 0.6178
KDQ, 0.0
KDS, 0.504
KDT, 0.0
KDY, 0.4866
KDG, 0.0358
KDP, 0.4908
KDD, 0.4538
KDE, 0.0606
KDK, 0.1162
KDR, 0.1812
KEA, 0.3208
KEC, 0.0
KEF, 0.2674
KEI, 0.0794
KEL, 0.222
KEM, 0.2324
KEV, 0.4936
KEW, 0.517
KEH, 0.0336
KEN, 0.0
KEQ, 0.2602
KES, 0.6266
KET, 0.1178
KEY, 0.0
KEG, 0.4554
KEP, 0.1776
KED, 0.487
KEE, 0.0388
KEK, 0.133
KER, 0.4744
KKA, 0.4488
KKC, 0.1924
KKF, 0.4084
KKI, 0.486
KKL, 0.1826
KKM, 0.43
KKV, 0.2558
KKW, 0.0356
KKH, 0.1742
KKN, 0.3206
KKQ, 0.4536
KKS, 0.5324
KKT, 0.4692
KKY, 0.511
KKG, 0.1106
KKP, 0.25
KKD, 0.08
KKE, 0.5564
KKK, 0.1518
KKR, 0.1544
KRA, 0.0
KRC, 0.4402
KRF, 0.0
KRI, 0.0234
KRL, 0.633
KRM, 0.3556
KRV, 0.0034
KRW, 0.2108
KRH, 0.202
KRN, 0.111
KRQ, 0.489
KRS, 0.0238
KRT, 0.401
KRY, 0.2024
KRG, 0.628
KRP, 0.3472
KRD, 0.5766
KRE, 0.0852
KRK, 0.256
KRR, 0.1382
RAA, 0.3434
RAC, 0.755
RAF, 0.1224
RAI, 0.2176
RAL, 0.106
RAM, 0.5968
RAV, 0.0894
RAW, 0.0196
RAH, 0.5438
RAN, 0.21
RAQ, 0.2896
RAS, 0.5016
RAT, 0.161
RAY, 0.0
RAG, 0.0502
RAP, 0.0
RAD, 0.8156
RAE, 0.2234
RAK, 0.161
RAR, 0.6508
RCA, 0.3768
RCC, 0.0528
RCF, 0.1694
RCI, 0.2036
RCL, 0.5958
RCM, 0.0742
RCV, 0.0074
RCW, 0.1262
RCH, 0.0522
RCN, 0.2336
RCQ, 0.1702
RCS, 0.2208
RCT, 0.3722
RCY, 0.1714
RCG, 0.045
RCP, 0.516
RCD, 0.0396
RCE, 0.2022
RCK, 0.3932
RCR, 0.3862
RFA, 0.0334
RFC, 0.3394
RFF, 0.5176
RFI, 0.3396
RFL, 0.692
RFM, 0.1514
RFV, 0.0436
RFW, 0.6914
RFH, 0.0446
RFN, 0.1262
RFQ, 0.0802
RFS, 0.337
RFT, 0.3044
RFY, 0.2206
RFG, 0.647
RFP, 0.2096
RFD, 0.1518
RFE, 0.5746
RFK, 0.1932
RFR, 0.0282
RIA, 0.4872
RIC, 0.2406
RIF, 0.0532
RII, 0.4316
RIL, 0.1634
RIM, 0.2018
RIV, 0.0
RIW, 0.2496
RIH, 0.358
RIN, 0.0
RIQ, 0.4694
RIS, 0.0394
RIT, 0.7782
RIY, 0.0
RIG, 0.558
RIP, 0.2896
RID, 0.496
RIE, 0.1924
RIK, 0.1366
RIR, 0.3534
RLA, 0.6508
RLC, 0.2452
RLF, 0.4264
RLI, 0.3338
RLL, 0.5458
RLM, 0.2428
RLV, 0.1222
RLW, 0.1794
RLH, 0.423
RLN, 0.1308
RLQ, 0.4922
RLS, 0.1874
RLT, 0.137
RLY, 0.0604
RLG, 0.5244
RLP, 0.1814
RLD, 0.1832
RLE, 0.487
RLK, 0.3016
RLR, 0.183
RMA, 0.4376
RMC, 0.122
RMF, 0.0086
RMI, 0.0952
RML, 0.397
RMM, 0.131
RMV, 0.3196
RMW, 0.2766
RMH, 0.3822
RMN, 0.3184
RMQ, 0.2248
RMS, 0.4484
RMT, 0.3616
RMY, 0.1672
RMG, 0.1936
RMP, 0.5802
RMD, 0.0502
RME, 0.4402
RMK, 0.4542
RMR, 0.2302
RVA, 0.2058
RVC, 0.0
RVF, 0.5674
RVI, 0.0834
RVL, 0.0
RVM, 0.1638
RVV, 0.4618
RVW, 0.1566
RVH, 0.1286
RVN, 0.014
RVQ, 0.7008
RVS, 0.3116
RVT, 0.055
RVY, 0.174
RVG, 0.0
RVP, 0.2482
RVD, 0.2008
RVE, 0.164
RVK, 0.0874
RVR, 0.0
RWA, 0.1868
RWC, 0.262
RWF, 0.302
RWI, 0.0
RWL, 0.1634
RWM, 0.4934
RWV, 0.1698
RWW, 0.3316
RWH, 0.5616
RWN, 0.3214
RWQ, 0.334
RWS, 0.2428
RWT, 0.2212
RWY, 0.2906
RWG, 0.0722
RWP, 0.1134
RWD, 0.3684
RWE, 0.4266
RWK, 0.3686
RWR, 0.7234
RHA, 0.1842
RHC, 0.3564
RHF, 0.1154
RHI, 0.3402
RHL, 0.1468
RHM, 0.0
RHV, 0.3132
RHW, 0.6904
RHH, 0.2296
RHN, 0.29
RHQ, 0.112
RHS, 0.487
RHT, 0.2616
RHY, 0.0658
RHG, 0.336
RHP, 0.1384
RHD, 0.0106
RHE, 0.1464
RHK, 0.5816
RHR, 0.8358
RNA, 0.165
RNC, 0.2918
RNF, 0.4778
RNI, 0.2576
RNL, 0.0
RNM, 0.2132
RNV, 0.5066
RNW, 0.1956
RNH, 0.0412
RNN, 0.11
RNQ, 0.4922
RNS, 0.0384
RNT, 0.7532
RNY, 0.1598
RNG, 0.4512
RNP, 0.1002
RND, 0.2842
RNE, 0.421
RNK, 0.4642
RNR, 0.483
RQA, 0.268
RQC, 0.051
RQF, 0.8208
RQI, 0.1768
RQL, 0.0
RQM, 0.1184
RQV, 0.2686
RQW, 0.1128
RQH, 0.324
RQN, 0.0
RQQ, 0.0736
RQS, 0.2106
RQT, 0.3792
RQY, 0.2118
RQG, 0.0
RQP, 0.155
RQD, 0.0232
RQE, 0.2614
RQK, 0.0268
RQR, 0.749
RSA, 0.5468
RSC, 0.6152
RSF, 0.3856
RSI, 0.1268
RSL, 0.6696
RSM, 0.304
RSV, 0.6416
RSW, 0.027
RSH, 0.25
RSN, 0.277
RSQ, 0.4232
RSS, 0.4232
RST, 0.0
RSY, 0.0
RSG, 0.4304
RSP, 0.692
RSD, 0.38
RSE, 0.3318
RSK, 0.428
RSR, 0.4462
RTA, 0.2012
RTC, 0.398
RTF, 0.1566
RTI, 0.262
RTL, 0.0122
RTM, 0.17
RTV, 0.0
RTW, 0.2756
RTH, 0.9126
RTN, 0.629
RTQ, 0.0578
RTS, 0.3988
RTT, 0.618
RTY, 0.1982
RTG, 0.2976
RTP, 0.1366
RTD, 0.1208
RTE, 0.2846
RTK, 0.033
RTR, 0.1818
RYA, 0.2332
RYC, 0.4576
RYF, 0.6558
RYI, 0.0274
RYL, 0.211
RYM, 0.0352
RYV, 0.2366
RYW, 0.0452
RYH, 0.0
RYN, 0.229
RYQ, 0.307
RYS, 0.6562
RYT, 0.519
RYY, 0.2334
RYG, 0.506
RYP, 0.1598
RYD, 0.1632
RYE, 0.5612
RYK, 0.6782
RYR, 0.0984
RGA, 0.2976
RGC, 0.4134
RGF, 0.4678
RGI, 0.2208
RGL, 0.2928
RGM, 0.151
RGV, 0.2686
RGW, 0.0054
RGH, 0.8256
RGN, 0.3952
RGQ, 0.4718
RGS, 0.4664
RGT, 0.491
RGY, 0.1986
RGG, 0.207
RGP, 0.005
RGD, 0.2624
RGE, 0.4962
RGK, 0.4752
RGR, 0.244
RPA, 0.28
RPC, 0.3692
RPF, 0.0
RPI, 0.1218
RPL, 0.1994
RPM, 0.3188
RPV, 0.2182
RPW, 0.4134
RPH, 0.2478
RPN, 0.27
RPQ, 0.144
RPS, 0.1012
RPT, 0.1524
RPY, 0.0874
RPG, 0.5762
RPP, 0.2428
RPD, 0.2446
RPE, 0.0926
RPK, 0.3496
RPR, 0.496
RDA, 0.3356
RDC, 0.0
RDF, 0.1252
RDI, 0.6348
RDL, 0.3604
RDM, 0.3026
RDV, 0.1658
RDW, 0.5722
RDH, 0.0
RDN, 0.063
RDQ, 0.2638
RDS, 0.0366
RDT, 0.0802
RDY, 0.1674
RDG, 0.137
RDP, 0.0894
RDD, 0.74
RDE, 0.18
RDK, 0.4252
RDR, 0.5002
REA, 0.2608
REC, 0.4074
REF, 0.6104
REI, 0.3844
REL, 0.12
REM, 0.258
REV, 0.0
REW, 0.3014
REH, 0.043
REN, 0.2294
REQ, 0.1386
RES, 0.1844
RET, 0.0
REY, 0.0406
REG, 0.3206
REP, 0.0184
RED, 0.303
REE, 0.256
REK, 0.4608
RER, 0.0452
RKA, 0.2458
RKC, 0.2362
RKF, 0.1816
RKI, 0.6408
RKL, 0.383
RKM, 0.1926
RKV, 0.265
RKW, 0.2748
RKH, 0.412
RKN, 0.3756
RKQ, 0.3444
RKS, 0.2098
RKT, 0.077
RKY, 0.5114
RKG, 0.4632
RKP, 0.2274
RKD, 0.0238
RKE, 0.3652
RKK, 0.2838
RKR, 0.4348
RRA, 0.7832
RRC, 0.1212
RRF, 0.109
RRI, 0.3572
RRL, 0.3172
RRM, 0.0
RRV, 0.3616
RRW, 0.4522
RRH, 0.1452
RRN, 0.0032
RRQ, 0.3554
RRS, 0.3436
RRT, 0.1018
RRY, 0.0
RRG, 0.3048
RRP, 0.2654
RRD, 0.176
RRE, 0.2328
RRK, 0.1384
RRR, 0.2526
