AAA, 0.0
AAC, 0.102
AAF, 0.153
AAI, 0.317
AAL, 0.0456
AAM, 0.0982
AAV, 0.1386
AAW, 0.1736
AAH, 0.5964
AAN, 0.0446
AAQ, 0.4808
AAS, 0.1212
AAT, 0.4402
AAY, 0.1336
AAG, 0.1494
AAP, 0.1338
AAD, 0.3036
AAE, 0.1256
AAK, 0.0136
AAR, 0.3476
ACA, 0.3764
ACC, 0.5038
ACF, 0.36
ACI, 0.3458
ACL, 0.0436
ACM, 0.199
ACV, 0.2114
ACW, 0.4864
ACH, 0.2476
ACN, 0.309
ACQ, 0.049
ACS, 0.2272
ACT, 0.6752
ACY, 0.1564
ACG, 0.361
ACP, 0.0274
ACD, 0.0986
ACE, 0.3416
ACK, 0.7408
ACR, 0.5004
AFA, 0.2074
AFC, 0.0
AFF, 0.102
AFI, 0.553
AFL, 0.0988
AFM, 0.0724
AFV, 0.2448
AFW, 0.4496
AFH, 0.2548
AFN, 0.138
AFQ, 0.0
AFS, 0.0
AFT, 0.0768
AFY, 0.0332
AFG, 0.7214
AFP, 0.2536
AFD, 0.2242
AFE, 0.1464
AFK, 0.297
AFR, 0.1142
AIA, 0.3802
AIC, 0.5154
AIF, 0.4906
AII, 0.5634
AIL, 0.2942
AIM, 0.273
AIV, 0.484
AIW, 0.3342
AIH, 0.3974
AIN, 0.354
AIQ, 0.1702
AIS, 0.0
AIT, 0.481
AIY, 0.5536
AIG, 0.656
AIP, 0.0
AID, 0.0896
AIE, 0.181
AIK, 0.1908
AIR, 0.2222
ALA, 0.0002
ALC, 0.3592
ALF, 0.1256
ALI, 0.0
ALL, 0.2162
ALM, 0.135
ALV, 0.0
ALW, 0.019
ALH, 0.072
ALN, 0.0786
ALQ, 0.2802
ALS, 0.492
ALT, 0.2734
ALY, 0.39
ALG, 0.5138
ALP, 0.293
ALD, 0.5384
ALE, 0.1532
ALK, 0.35
ALR, 0.0542
AMA, 0.197
AMC, 0.2186
AMF, 0.272
AMI, 0.09
AML, 0.4582
AMM, 0.0858
AMV, 0.0692
AMW, 0.0596
AMH, 0.4912
AMN, 0.5084
AMQ, 0.0012
AMS, 0.1814
AMT, 0.6424
AMY, 0.6422
AMG, 0.1706
AMP, 0.4042
AMD, 0.0036
AME, 0.2452
AMK, 0.0
AMR, 0.6616
AVA, 0.1444
AVC, 0.2488
AVF, 0.4572
AVI, 0.3216
AVL, 0.3716
AVM, 0.0486
AVV, 0.4752
AVW, 0.4086
AVH, 0.0358
AVN, 0.5672
AVQ, 0.1392
AVS, 0.2226
AVT, 0.036
AVY, 0.565
AVG, 0.216
AVP, 0.4316
AVD, 0.5084
AVE, 0.139
AVK, 0.2628
AVR, 0.4324
AWA, 0.1284
AWC, 0.003
AWF, 0.3812
AWI, 0.3134
AWL, 0.604
AWM, 0.5082
AWV, 0.0906
AWW, 0.0836
AWH, 0.4056
AWN, 0.2838
AWQ, 0.1022
AWS, 0.8654
AWT, 0.5454
AWY, 0.1232
AWG, 0.4632
AWP, 0.5736
AWD, 0.0
AWE, 0.1108
AWK, 0.5868
AWR, 0.4086
AHA, 0.5028
AHC, 0.493
AHF, 0.0294
AHI, 0.2832
AHL, 0.5518
AHM, 0.1786
AHV, 0.3764
AHW, 0.0
AHH, 0.2786
AHN, 0.3066
AHQ, 0.3712
AHS, 0.4754
AHT, 0.2184
AHY, 0.3544
AHG, 0.2382
AHP, 0.3344
AHD, 0.4034
AHE, 0.1472
AHK, 0.408
AHR, 0.2308
ANA, 0.5802
ANC, 0.3252
ANF, 0.5216
ANI, 0.0
ANL, 0.0872
ANM, 0.5568
ANV, 0.0056
ANW, 0.184
ANH, 0.2368
ANN, 0.3272
ANQ, 0.211
ANS, 0.542
ANT, 0.0454
ANY, 0.4304
ANG, 0.8236
ANP, 0.0
AND, 0.3224
ANE, 0.354
ANK, 0.0792
ANR, 0.0332
AQA, 0.1062
AQC, 0.4684
AQF, 0.258
AQI, 0.449
AQL, 0.0
AQM, 0.1774
AQV, 0.5446
AQW, 0.1278
AQH, 0.2744
AQN, 0.4978
AQQ, 0.3182
AQS, 0.1788
AQT, 0.4118
AQY, 0.0592
AQG, 0.641
AQP, 0.2076
AQD, 0.3692
AQE, 0.3044
AQK, 0.1232
AQR, 0.2374
ASA, 0.2608
ASC, 0.1142
ASF, 0.0
ASI, 0.329
ASL, 0.1648
ASM, 0.238
ASV, 0.0164
ASW, 0.2708
ASH, 0.2832
ASN, 0.236
ASQ, 0.4028
ASS, 0.0754
AST, 0.4212
ASY, 0.58
ASG, 0.1066
ASP, 0.2708
ASD, 0.3366
ASE, 0.0496
ASK, 0.0
ASR, 0.0108
ATA, 0.4152
ATC, 0.3834
ATF, 0.3152
ATI, 0.3796
ATL, 0.2208
ATM, 0.374
ATV, 0.5374
ATW, 0.189
ATH, 0.615
ATN, 0.1978
ATQ, 0.3002
ATS, 0.0
ATT, 0.3938
ATY, 0.6078
ATG, 0.5608
ATP, 0.014
ATD, 0.013
ATE, 0.0
ATK, 0.0
ATR, 0.329
AYA, 0.3102
AYC, 0.177
AYF, 0.0576
AYI, 0.1818
AYL, 0.141
AYM, 0.5358
AYV, 0.1174
AYW, 0.2662
AYH, 0.1052
AYN, 0.3676
AYQ, 0.1848
AYS, 0.0774
AYT, 0.3108
AYY, 0.6582
AYG, 0.6144
AYP, 0.1262
AYD, 0.6432
AYE, 0.2614
AYK, 0.1114
AYR, 0.0974
AGA, 0.2664
AGC, 0.4004
AGF, 0.516
AGI, 0.6136
AGL, 0.184
AGM, 0.2652
AGV, 0.398
AGW, 0.2232
AGH, 0.0198
AGN, 0.0
AGQ, 0.0906
AGS, 0.0272
AGT, 0.2978
AGY, 0.0722
AGG, 0.2286
AGP, 0.1304
AGD, 0.4418
AGE, 0.466
AGK, 0.4364
AGR, 0.0244
APA, 0.4822
APC, 0.537
APF, 0.2536
API, 0.2114
APL, 0.1722
APM, 0.0
APV, 0.184
APW, 0.2324
APH, 0.0254
APN, 0.2944
APQ, 0.2906
APS, 0.1666
APT, 0.1086
APY, 0.096
APG, 0.0192
APP, 0.5902
APD, 0.291
APE, 0.0214
APK, 0.0546
APR, 0.4542
ADA, 0.614
ADC, 0.0118
ADF, 0.5762
ADI, 0.4436
ADL, 0.1618
ADM, 0.5416
ADV, 0.0
ADW, 0.4406
ADH, 0.4958
ADN, 0.0102
ADQ, 0.2306
ADS, 0.5044
ADT, 0.4892
ADY, 0.1898
ADG, 0.2746
ADP, 0.0
ADD, 0.125
ADE, 0.1984
ADK, 0.0
ADR, 0.199
AEA, 0.3022
AEC, 0.0
AEF, 0.1416
AEI, 0.3562
AEL, 0.357
AEM, 0.3832
AEV, 0.45
AEW, 0.0
AEH, 0.0332
AEN, 0.4014
AEQ, 0.7056
AES, 0.356
AET, 0.2536
AEY, 0.4322
AEG, 0.2916
AEP, 0.4604
AED, 0.1174
AEE, 0.543
AEK, 0.817
AER, 0.0902
AKA, 0.0
AKC, 0.0214
AKF, 0.334
AKI, 0.5092
AKL, 0.1008
AKM, 0.1268
AKV, 0.346
AKW, 0.2556
AKH, 0.007
AKN, 0.5294
AKQ, 0.3042
AKS, 0.0
AKT, 0.3608
AKY, 0.1482
AKG, 0.086
AKP, 0.5408
AKD, 0.2844
AKE, 0.305
AKK, 0.3804
AKR, 0.3086
ARA, 0.2882
ARC, 0.4456
ARF, 0.6024
ARI, 0.0936
ARL, 0.0848
ARM, 0.4904
ARV, 0.2644
ARW, 0.1716
ARH, 0.0722
ARN, 0.1844
ARQ, 0.6114
ARS, 0.0
ART, 0.0866
ARY, 0.1022
ARG, 0.2648
ARP, 0.0
ARD, 0.3512
ARE, 0.1392
ARK, 0.2566
ARR, 0.0
CAA, 0.1972
CAC, 0.2788
CAF, 0.6074
CAI, 0.1864
CAL, 0.4206
CAM, 0.0
CAV, 0.0818
CAW, 0.0786
CAH, 0.2744
CAN, 0.0
CAQ, 0.4362
CAS, 0.4856
CAT, 0.4516
CAY, 0.3878
CAG, 0.1376
CAP, 0.537
CAD, 0.0804
CAE, 0.3818
CAK, 0.2016
CAR, 0.335
CCA, 0.0538
CCC, 0.42
CCF, 0.1944
CCI, 0.0824
CCL, 0.1316
CCM, 0.2738
CCV, 0.2622
CCW, 0.0488
CCH, 0.4904
CCN, 0.4182
CCQ, 0.3726
CCS, 0.418
CCT, 0.2918
CCY, 0.0
CCG, 0.37
CCP, 0.1218
CCD, 0.0944
CCE, 0.123
CCK, 0.0
CCR, 0.2646
CFA, 0.2048
CFC, 0.1678
CFF, 0.4492
CFI, 0.7396
CFL, 0.0564
CFM, 0.1914
CFV, 0.0
CFW, 0.0752
CFH, 0.2724
CFN, 0.0366
CFQ, 0.2062
CFS, 0.2608
CFT, 0.346
CFY, 0.2698
CFG, 0.2272
CFP, 0.1492
CFD, 0.1586
CFE, 0.326
CFK, 0.4156
CFR, 0.012
CIA, 0.1464
CIC, 0.3214
CIF, 0.4864
CII, 0.451
CIL, 0.1964
CIM, 0.407
CIV, 0.0422
CIW, 0.2624
CIH, 0.1066
CIN, 0.6354
CIQ, 0.6456
CIS, 0.0
CIT, 0.4092
CIY, 0.1334
CIG, 0.1828
CIP, 0.0326
CID, 0.2622
CIE, 0.3586
CIK, 0.2706
CIR, 0.23
CLA, 0.2324
CLC, 0.128
CLF, 0.0822
CLI, 0.0644
CLL, 0.0532
CLM, 0.4514
CLV, 0.5412
CLW, 0.2358
CLH, 0.448
CLN, 0.1388
CLQ, 0.3004
CLS, 0.398
CLT, 0.4308
CLY, 0.1638
CLG, 0.1272
CLP, 0.081
CLD, 0.3684
CLE, 0.4768
CLK, 0.1248
CLR, 0.5504
CMA, 0.175
CMC, 0.087
CMF, 0.4386
CMI, 0.3756
CML, 0.0954
CMM, 0.317
CMV, 0.1314
CMW, 0.6876
CMH, 0.5098
CMN, 0.1698
CMQ, 0.0
CMS, 0.4356
CMT, 0.167
CMY, 0.0102
CMG, 0.08
CMP, 0.0
CMD, 0.2276
CME, 0.1304
CMK, 0.4208
CMR, 0.1056
CVA, 0.3206
CVC, 0.588
CVF, 0.1238
CVI, 0.4714
CVL, 0.1812
CVM, 0.0386
CVV, 0.3198
CVW, 0.4298
CVH, 0.4816
CVN, 0.0
CVQ, 0.1802
CVS, 0.3976
CVT, 0.2616
CVY, 0.0618
CVG, 0.355
CVP, 0.3598
CVD, 0.5382
CVE, 0.3098
CVK, 0.6484
CVR, 0.0
CWA, 0.0
CWC, 0.412
CWF, 0.4078
CWI, 0.3854
CWL, 0.1842
CWM, 0.3032
CWV, 0.3136
CWW, 0.0
CWH, 0.453
CWN, 0.2438
CWQ, 0.1776
CWS, 0.237
CWT, 0.3958
CWY, 0.3994
CWG, 0.6218
CWP, 0.0882
CWD, 0.2618
CWE, 0.1862
CWK, 0.087
CWR, 0.0
CHA, 0.0
CHC, 0.4854
CHF, 0.089
CHI, 0.5416
CHL, 0.2102
CHM, 0.2524
CHV, 0.2582
CHW, 0.2512
CHH, 0.3292
CHN, 0.2748
CHQ, 0.3962
CHS, 0.3248
CHT, 0.3486
CHY, 0.4514
CHG, 0.6032
CHP, 0.4054
CHD, 0.1588
CHE, 0.212
CHK, 0.6536
CHR, 0.4666
CNA, 0.0656
CNC, 0.3866
CNF, 0.2028
CNI, 0.4562
CNL, 0.5004
CNM, 0.3554
CNV, 0.3072
CNW, 0.3862
CNH, 0.2546
CNN, 0.3108
CNQ, 0.4718
CNS, 0.1912
CNT, 0.085
CNY, 0.0824
CNG, 0.1744
CNP, 0.1078
CND, 0.0024
CNE, 0.1776
CNK, 0.3066
CNR, 0.0606
CQA, 0.2432
CQC, 0.3516
CQF, 0.008
CQI, 0.1336
CQL, 0.3132
CQM, 0.321
CQV, 0.4616
CQW, 0.1694
CQH, 0.4738
CQN, 0.0
CQQ, 0.4256
CQS, 0.2924
CQT, 0.2476
CQY, 0.1462
CQG, 0.164
CQP, 0.3208
CQD, 0.2354
CQE, 0.4434
CQK, 0.7204
CQR, 0.3164
CSA, 0.1064
CSC, 0.0084
CSF, 0.3708
CSI, 0.4182
CSL, 0.0446
CSM, 0.6358
CSV, 0.294
CSW, 0.4496
CSH, 0.143
CSN, 0.4264
CSQ, 0.5514
CSS, 0.3358
CST, 0.2828
CSY, 0.4192
CSG, 0.3356
CSP, 0.2882
CSD, 0.0708
CSE, 0.4798
CSK, 0.1116
CSR, 0.3658
CTA, 0.0728
CTC, 0.1892
CTF, 0.6298
CTI, 0.376
CTL, 0.794
CTM, 0.5828
CTV, 0.0836
CTW, 0.0184
CTH, 0.353
CTN, 0.0482
CTQ, 0.314
CTS, 0.0558
CTT, 0.1888
CTY, 0.372
CTG, 0.5064
CTP, 0.0516
CTD, 0.208
CTE, 0.3272
CTK, 0.1324
CTR, 0.4354
CYA, 0.2966
CYC, 0.0436
CYF, 0.0
CYI, 0.0032
CYL, 0.1468
CYM, 0.2188
CYV, 0.2258
CYW, 0.4338
CYH, 0.327
CYN, 0.5044
CYQ, 0.4418
CYS, 0.335
CYT, 0.2258
CYY, 0.228
CYG, 0.2648
CYP, 0.3612
CYD, 0.1808
CYE, 0.0862
CYK, 0.0696
CYR, 0.2638
CGA, 0.1822
CGC, 0.3954
CGF, 0.446
CGI, 0.1774
CGL, 0.1582
CGM, 0.1144
CGV, 0.3158
CGW, 0.2322
CGH, 0.0396
CGN, 0.7078
CGQ, 0.2134
CGS, 0.2298
CGT, 0.2752
CGY, 0.0
CGG, 0.4062
CGP, 0.075
CGD, 0.2462
CGE, 0.2872
CGK, 0.3968
CGR, 0.236
CPA, 0.5488
CPC, 0.4628
CPF, 0.0438
CPI, 0.2194
CPL, 0.196
CPM, 0.1194
CPV, 0.0
CPW, 0.4422
CPH, 0.2396
CPN, 0.8974
CPQ, 0.4044
CPS, 0.5212
CPT, 0.5644
CPY, 0.1638
CPG, 0.551
CPP, 0.2236
CPD, 0.4028
CPE, 0.1338
CPK, 0.3672
CPR, 0.2098
CDA, 0.383
CDC, 0.3942
CDF, 0.2716
CDI, 0.119
CDL, 0.5302
CDM, 0.1868
CDV, 0.5916
CDW, 0.0
CDH, 0.254
CDN, 0.2952
CDQ, 0.0
CDS, 0.0472
CDT, 0.2728
CDY, 0.235
CDG, 0.2194
CDP, 0.1428
CDD, 0.045
CDE, 0.4434
CDK, 0.6244
CDR, 0.1
CEA, 0.1384
CEC, 0.436
CEF, 0.2912
CEI, 0.0048
CEL, 0.3698
CEM, 0.1742
CEV, 0.0982
CEW, 0.499
CEH, 0.1322
CEN, 0.0
CEQ, 0.5098
CES, 0.232
CET, 0.487
CEY, 0.4112
CEG, 0.1812
CEP, 0.0208
CED, 0.5964
CEE, 0.1622
CEK, 0.5118
CER, 0.3472
CKA, 0.6084
CKC, 0.0524
CKF, 0.1544
CKI, 0.285
CKL, 0.0768
CKM, 0.3308
CKV, 0.207
CKW, 0.0574
CKH, 0.0214
CKN, 0.228
CKQ, 0.2004
CKS, 0.2368
CKT, 0.5504
CKY, 0.0
CKG, 0.1726
CKP, 0.371
CKD, 0.0
CKE, 0.3954
CKK, 0.5586
CKR, 0.231
CRA, 0.4776
CRC, 0.2452
CRF, 0.1142
CRI, 0.4868
CRL, 0.6232
CRM, 0.081
CRV, 0.0868
CRW, 0.1638
CRH, 0.2698
CRN, 0.1534
CRQ, 0.0764
CRS, 0.416
CRT, 0.178
CRY, 0.1558
CRG, 0.0902
CRP, 0.0
CRD, 0.577
CRE, 0.1682
CRK, 0.1002
CRR, 0.1076
FAA, 0.0634
FAC, 0.2438
FAF, 0.0
FAI, 0.2168
FAL, 0.0332
FAM, 0.3302
FAV, 0.2648
FAW, 0.1298
FAH, 0.064
FAN, 0.1666
FAQ, 0.5052
FAS, 0.0622
FAT, 0.2944
FAY, 0.0736
FAG, 0.0038
FAP, 0.4596
FAD, 0.1416
FAE, 0.0914
FAK, 0.6444
FAR, 0.0
FCA, 0.2628
FCC, 0.4724
FCF, 0.4524
FCI, 0.6352
FCL, 0.206
FCM, 0.345
FCV, 0.248
FCW, 0.016
FCH, 0.0
FCN, 0.1952
FCQ, 0.054
FCS, 0.3158
FCT, 0.0958
FCY, 0.4318
FCG, 0.0792
FCP, 0.409
FCD, 0.357
FCE, 0.5288
FCK, 0.2248
FCR, 0.656
FFA, 0.0692
FFC, 0.015
FFF, 0.4172
FFI, 0.3742
FFL, 0.6322
FFM, 0.0804
FFV, 0.0
FFW, 0.2156
FFH, 0.2284
FFN, 0.2312
FFQ, 0.2128
FFS, 0.128
FFT, 0.33
FFY, 0.064
FFG, 0.199
FFP, 0.2392
FFD, 0.3934
FFE, 0.1986
FFK, 0.4162
FFR, 0.1938
FIA, 0.0
FIC, 0.136
FIF, 0.5254
FII, 0.353
FIL, 0.0
FIM, 0.0876
FIV, 0.9618
FIW, 0.0846
FIH, 0.0978
FIN, 0.46
FIQ, 0.0
FIS, 0.1462
FIT, 0.2862
FIY, 0.154
FIG, 0.174
FIP, 0.2498
FID, 0.198
FIE, 0.3032
FIK, 0.0
FIR, 0.5124
FLA, 0.1948
FLC, 0.0568
FLF, 0.1066
FLI, 0.545
FLL, 0.3208
FLM, 0.1946
FLV, 0.2112
FLW, 0.1222
FLH, 0.001
FLN, 0.3168
FLQ, 0.182
FLS, 0.028
FLT, 0.0382
FLY, 0.3876
FLG, 0.734
FLP, 0.0286
FLD, 0.2496
FLE, 0.0378
FLK, 0.003
FLR, 0.3018
FMA, 0.0916
FMC, 0.4264
FMF, 0.0632
FMI, 0.006
FML, 0.4282
FMM, 0.3222
FMV, 0.7354
FMW, 0.281
FMH, 0.0716
FMN, 0.3394
FMQ, 0.0678
FMS, 0.3022
FMT, 0.433
FMY, 0.4366
FMG, 0.0846
FMP, 0.2004
FMD, 0.2764
FME, 0.2214
FMK, 0.3316
FMR, 0.5978
FVA, 0.5812
FVC, 0.171
FVF, 0.36
FVI, 0.3152
FVL, 0.2002
FVM, 0.3
FVV, 0.4156
FVW, 0.2656
FVH, 0.1814
FVN, 0.2102
FVQ, 0.3758
FVS, 0.0396
FVT, 0.4624
FVY, 0.4054
FVG, 0.1624
FVP, 0.0284
FVD, 0.2154
FVE, 0.1786
FVK, 0.4076
FVR, 0.1636
FWA, 0.5386
FWC, 0.317
FWF, 0.4062
FWI, 0.3318
FWL, 0.0754
FWM, 0.0
FWV, 0.0178
FWW, 0.0162
FWH, 0.1368
FWN, 0.3722
FWQ, 0.41
FWS, 0.1912
FWT, 0.5124
FWY, 0.3618
FWG, 0.1996
FWP, 0.3416
FWD, 0.659
FWE, 0.145
FWK, 0.4458
FWR, 0.1046
FHA, 0.4224
FHC, 0.3138
FHF, 0.373
FHI, 0.0556
FHL, 0.0522
FHM, 0.2708
FHV, 0.0
FHW, 0.2752
FHH, 0.4296
FHN, 0.4528
FHQ, 0.7216
FHS, 0.701
FHT, 0.3246
FHY, 0.2332
FHG, 0.3674
FHP, 0.1346
FHD, 0.2326
FHE, 0.4434
FHK, 0.5946
FHR, 0.0582
FNA, 0.091
FNC, 0.2174
FNF, 0.0604
FNI, 0.5186
FNL, 0.3606
FNM, 0.4576
FNV, 0.023
FNW, 0.233
FNH, 0.362
FNN, 0.4746
FNQ, 0.0
FNS, 0.3366
FNT, 0.7362
FNY, 0.1258
FNG, 0.4606
FNP, 0.1912
FND, 0.144
FNE, 0.261
FNK, 0.2324
FNR, 0.1568
FQA, 0.0
FQC, 0.1336
FQF, 0.116
FQI, 0.0054
FQL, 0.1068
FQM, 0.1944
FQV, 0.4814
FQW, 0.4148
FQH, 0.0558
FQN, 0.0396
FQQ, 0.0
FQS, 0.0
FQT, 0.4638
FQY, 0.638
FQG, 0.3298
FQP, 0.0
FQD, 0.3024
FQE, 0.037
FQK, 0.0
FQR, 0.167
FSA, 0.0846
FSC, 0.0
FSF, 0.2028
FSI, 0.0018
FSL, 0.1328
FSM, 0.216
FSV, 0.174
FSW, 0.0
FSH, 0.2244
FSN, 0.1226
FSQ, 0.116
FSS, 0.1664
FST, 0.0184
FSY, 0.6816
FSG, 0.2918
FSP, 0.1322
FSD, 0.219
FSE, 0.029
FSK, 0.4358
FSR, 0.3382
FTA, 0.2896
FTC, 0.2626
FTF, 0.1554
FTI, 0.4568
FTL, 0.0
FTM, 0.6838
FTV, 0.3036
FTW, 0.118
FTH, 0.0744
FTN, 0.4452
FTQ, 0.1306
FTS, 0.3494
FTT, 0.0342
FTY, 0.4452
FTG, 0.4908
FTP, 0.3192
FTD, 0.2974
FTE, 0.0088
FTK, 0.2974
FTR, 0.354
FYA, 0.0908
FYC, 0.7682
FYF, 0.3148
FYI, 0.369
FYL, 0.257
FYM, 0.1052
FYV, 0.2614
FYW, 0.5696
FYH, 0.4094
FYN, 0.5648
FYQ, 0.3318
FYS, 0.1074
FYT, 0.5578
FYY, 0.0972
FYG, 0.6768
FYP, 0.329
FYD, 0.255
FYE, 0.5464
FYK, 0.4958
FYR, 0.0966
FGA, 0.4856
FGC, 0.0936
FGF, 0.2914
FGI, 0.5492
FGL, 0.013
FGM, 0.3144
FGV, 0.3074
FGW, 0.1058
FGH, 0.6586
FGN, 0.0
FGQ, 0.3452
FGS, 0.4576
FGT, 0.0
FGY, 0.0718
FGG, 0.4474
FGP, 0.1682
FGD, 0.3428
FGE, 0.4102
FGK, 0.0318
FGR, 0.054
FPA, 0.2462
FPC, 0.1248
FPF, 0.153
FPI, 0.2732
FPL, 0.4982
FPM, 0.127
FPV, 0.0442
FPW, 0.2992
FPH, 0.3092
FPN, 0.1988
FPQ, 0.0568
FPS, 0.136
FPT, 0.1532
FPY, 0.092
FPG, 0.7726
FPP, 0.399
FPD, 0.3998
FPE, 0.1884
FPK, 0.1314
FPR, 0.0416
FDA, 0.4182
FDC, 0.346
FDF, 0.5242
FDI, 0.2606
FDL, 0.1928
FDM, 0.3
FDV, 0.2038
FDW, 0.2196
FDH, 0.2748
FDN, 0.385
FDQ, 0.55
FDS, 0.4022
FDT, 0.5032
FDY, 0.3114
FDG, 0.1298
FDP, 0.0872
FDD, 0.0
FDE, 0.3356
FDK, 0.301
FDR, 0.3942
FEA, 0.1542
FEC, 0.6914
FEF, 0.2458
FEI, 0.255
FEL, 0.3522
FEM, 0.3536
FEV, 0.0972
FEW, 0.3566
FEH, 0.514
FEN, 0.0538
FEQ, 0.0366
FES, 0.0
FET, 0.2654
FEY, 0.2466
FEG, 0.136
FEP, 0.1448
FED, 0.394
FEE, 0.2112
FEK, 0.109
FER, 0.133
FKA, 0.234
FKC, 0.2578
FKF, 0.27
FKI, 0.0
FKL, 0.0788
FKM, 0.31
FKV, 0.4988
FKW, 0.288
FKH, 0.1992
FKN, 0.5234
FKQ, 0.139
FKS, 0.3536
FKT, 0.5586
FKY, 0.0804
FKG, 0.0352
FKP, 0.342
FKD, 0.0016
FKE, 0.1802
FKK, 0.4924
FKR, 0.1202
FRA, 0.0194
FRC, 0.696
FRF, 0.0
FRI, 0.1332
FRL, 0.2304
FRM, 0.5128
FRV, 0.827
FRW, 0.07
FRH, 0.4216
FRN, 0.249
FRQ, 0.0416
FRS, 0.194
FRT, 0.258
FRY, 0.075
FRG, 0.0492
FRP, 0.3526
FRD, 0.0094
FRE, 0.0
FRK, 0.4344
FRR, 0.4174
IAA, 0.0484
IAC, 0.311
IAF, 0.5104
IAI, 0.1164
IAL, 0.2478
IAM, 0.0
IAV, 0.8212
IAW, 0.0942
IAH, 0.1014
IAN, 0.17
IAQ, 0.3966
IAS, 0.5476
IAT, 0.0872
IAY, 0.086
IAG, 0.0196
IAP, 0.1538
IAD, 0.3854
IAE, 0.4658
IAK, 0.5672
IAR, 0.502
ICA, 0.2064
ICC, 0.0
ICF, 0.0
ICI, 0.3438
ICL, 0.143
ICM, 0.4324
ICV, 0.5966
ICW, 0.5258
ICH, 0.0514
ICN, 0.3432
ICQ, 0.4214
ICS, 0.4044
ICT, 0.136
ICY, 0.4472
ICG, 0.1582
ICP, 0.1722
ICD, 0.151
ICE, 0.5928
ICK, 0.111
ICR, 0.3544
IFA, 0.2454
IFC, 0.6082
IFF, 0.0532
IFI, 0.0466
IFL, 0.3376
IFM, 0.0332
IFV, 0.3114
IFW, 0.3892
IFH, 0.0
IFN, 0.6422
IFQ, 0.3412
IFS, 0.0
IFT, 0.2726
IFY, 0.614
IFG, 0.0
IFP, 0.1878
IFD, 0.3268
IFE, 0.1966
IFK, 0.1128
IFR, 0.3038
IIA, 0.2656
IIC, 0.312
IIF, 0.2876
III, 0.6218
IIL, 0.2984
IIM, 0.0966
IIV, 0.4232
IIW, 0.1064
IIH, 0.482
IIN, 0.074
IIQ, 0.0206
IIS, 0.0
IIT, 0.421
IIY, 0.3304
IIG, 0.0
IIP, 0.2114
IID, 0.454
IIE, 0.2952
IIK, 0.1258
IIR, 0.0336
ILA, 0.2676
ILC, 0.1604
ILF, 0.0484
ILI, 0.474
ILL, 0.0856
ILM, 0.4778
ILV, 0.2384
ILW, 0.3936
ILH, 0.2878
ILN, 0.2466
ILQ, 0.057
ILS, 0.1996
ILT, 0.3454
ILY, 0.1162
ILG, 0.0
ILP, 0.249
ILD, 0.2118
ILE, 0.0276
ILK, 0.1224
ILR, 0.1256
IMA, 0.034
IMC, 0.0
IMF, 0.3504
IMI, 0.3482
IML, 0.1966
IMM, 0.5548
IMV, 0.1752
IMW, 0.0342
IMH, 0.6854
IMN, 0.0628
IMQ, 0.388
IMS, 0.2388
IMT, 0.417
IMY, 0.3266
IMG, 0.1144
IMP, 0.194
IMD, 0.3766
IME, 0.033
IMK, 0.2086
IMR, 0.5118
IVA, 0.388
IVC, 0.3476
IVF, 0.7296
IVI, 0.0
IVL, 0.119
IVM, 0.399
IVV, 0.5892
IVW, 0.1472
IVH, 0.6712
IVN, 0.1468
IVQ, 0.011
IVS, 0.4476
IVT, 0.3142
IVY, 0.1964
IVG, 0.2462
IVP, 0.5284
IVD, 0.1242
IVE, 0.0
IVK, 0.281
IVR, 0.7078
IWA, 0.3622
IWC, 0.153
IWF, 0.1556
IWI, 0.2332
IWL, 0.0
IWM, 0.5496
IWV, 0.171
IWW, 0.2404
IWH, 0.0504
IWN, 0.336
IWQ, 0.1386
IWS, 0.0036
IWT, 0.0
IWY, 0.1374
IWG, 0.2508
IWP, 0.5138
IWD, 0.0666
IWE, 0.0506
IWK, 0.224
IWR, 0.2112
IHA, 0.2454
IHC, 0.1542
IHF, 0.0888
IHI, 0.21
IHL, 0.3882
IHM, 0.163
IHV, 0.3028
IHW, 0.1444
IHH, 0.0
IHN, 0.0748
IHQ, 0.2948
IHS, 0.088
IHT, 0.3032
IHY, 0.0
IHG, 0.1658
IHP, 0.5094
IHD, 0.2658
IHE, 0.1874
IHK, 0.2598
IHR, 0.5774
INA, 0.2184
INC, 0.3422
INF, 0.4148
INI, 0.2462
INL, 0.2812
INM, 0.2426
INV, 0.1774
INW, 0.103
INH, 0.2796
INN, 0.5798
INQ, 0.2012
INS, 0.2126
INT, 0.3882
INY, 0.0886
ING, 0.512
INP, 0.4146
IND, 0.0
INE, 0.3726
INK, 0.3126
INR, 0.0898
IQA, 0.0736
IQC, 0.698
IQF, 0.5038
IQI, 0.192
IQL, 0.2354
IQM, 0.773
IQV, 0.232
IQW, 0.4124
IQH, 0.2808
IQN, 0.1604
IQQ, 0.0284
IQS, 0.3094
IQT, 0.54
IQY, 0.0644
IQG, 0.6876
IQP, 0.4116
IQD, 0.256
IQE, 0.0712
IQK, 0.7506
IQR, 0.1012
ISA, 0.1272
ISC, 0.0328
ISF, 0.1496
ISI, 0.2438
ISL, 0.3272
ISM, 0.1724
ISV, 0.3488
ISW, 0.3392
ISH, 0.174
ISN, 0.0628
ISQ, 0.615
ISS, 0.7966
IST, 0.1684
ISY, 0.0372
ISG, 0.1634
ISP, 0.5538
ISD, 0.6064
ISE, 0.4404
ISK, 0.2444
ISR, 0.223
ITA, 0.7882
ITC, 0.0208
ITF, 0.452
ITI, 0.0766
ITL, 0.1364
ITM, 0.5344
ITV, 0.5896
ITW, 0.369
ITH, 0.1452
ITN, 0.4076
ITQ, 0.33
ITS, 0.18
ITT, 0.1778
ITY, 0.3818
ITG, 0.2754
ITP, 0.361
ITD, 0.2702
ITE, 0.1696
ITK, 0.3504
ITR, 0.489
IYA, 0.0936
IYC, 0.5086
IYF, 0.1502
IYI, 0.3204
IYL, 0.068
IYM, 0.0
IYV, 0.5152
IYW, 0.2314
IYH, 0.0288
IYN, 0.1894
IYQ, 0.1404
IYS, 0.033
IYT, 0.3876
IYY, 0.0
IYG, 0.3262
IYP, 0.6056
IYD, 0.2318
IYE, 0.2672
IYK, 0.1282
IYR, 0.4204
IGA, 0.07
IGC, 0.0044
IGF, 0.3846
IGI, 0.233
IGL, 0.0896
IGM, 0.2824
IGV, 0.0386
IGW, 0.2706
IGH, 0.264
IGN, 0.1124
IGQ, 0.2112
IGS, 0.0294
IGT, 0.3646
IGY, 0.1936
IGG, 0.1826
IGP, 0.139
IGD, 0.3454
IGE, 0.5028
IGK, 0.48
IGR, 0.1302
IPA, 0.4782
IPC, 0.452
IPF, 0.2614
IPI, 0.2538
IPL, 0.3378
IPM, 0.2266
IPV, 0.1644
IPW, 0.003
IPH, 0.6312
IPN, 0.159
IPQ, 0.2848
IPS, 0.6084
IPT, 0.905
IPY, 0.2692
IPG, 0.515
IPP, 0.078
IPD, 0.1408
IPE, 0.0
IPK, 0.353
IPR, 0.2126
IDA, 0.4934
IDC, 0.0
IDF, 0.4118
IDI, 0.6956
IDL, 0.1744
IDM, 0.3826
IDV, 0.3658
IDW, 0.1572
IDH, 0.1968
IDN, 0.6504
IDQ, 0.0482
IDS, 0.1696
IDT, 0.2834
IDY, 0.1676
IDG, 0.0186
IDP, 0.0982
IDD, 0.0536
IDE, 0.1492
IDK, 0.0
IDR, 0.1336
IEA, 0.5732
IEC, 0.2146
IEF, 0.3666
IEI, 0.1428
IEL, 0.1016
IEM, 0.2264
IEV, 0.4704
IEW, 0.0304
IEH, 0.2388
IEN, 0.0
IEQ, 0.1418
IES, 0.5956
IET, 0.449
IEY, 0.0952
IEG, 0.1862
IEP, 0.2148
IED, 0.1796
IEE, 0.0516
IEK, 0.0232
IER, 0.7528
IKA, 0.4918
IKC, 0.3372
IKF, 0.6682
IKI, 0.3462
IKL, 0.206
IKM, 0.6338
IKV, 0.0
IKW, 0.2922
IKH, 0.0388
IKN, 0.1548
IKQ, 0.2834
IKS, 0.3388
IKT, 0.4382
IKY, 0.0
IKG, 0.1712
IKP, 0.4384
IKD, 0.3518
IKE, 0.4648
IKK, 0.26
IKR, 0.2924
IRA, 0.587
IRC, 0.1286
IRF, 0.2004
IRI, 0.07
IRL, 0.1166
IRM, 0.3676
IRV, 0.0
IRW, 0.2306
IRH, 0.3052
IRN, 0.0
IRQ, 0.4836
IRS, 0.4522
IRT, 0.239
IRY, 0.4916
IRG, 0.3842
IRP, 0.2568
IRD, 0.3122
IRE, 0.2848
IRK, 0.2852
IRR, 0.3248
LAA, 0.014
LAC, 0.2014
LAF, 0.4972
LAI, 0.1472
LAL, 0.3674
LAM, 0.1588
LAV, 0.2228
LAW, 0.2514
LAH, 0.4166
LAN, 0.5748
LAQ, 0.0
LAS, 0.1252
LAT, 0.0986
LAY, 0.1104
LAG, 0.3324
LAP, 0.0172
LAD, 0.1458
LAE, 0.0142
LAK, 0.3644
LAR, 0.1138
LCA, 0.6518
LCC, 0.3886
LCF, 0.2672
LCI, 0.238
LCL, 0.056
LCM, 0.1718
LCV, 0.0198
LCW, 0.1378
LCH, 0.751
LCN, 0.4352
LCQ, 0.501
LCS, 0.2192
LCT, 0.3914
LCY, 0.2784
LCG, 0.2454
LCP, 0.1158
LCD, 0.0306
LCE, 0.0
LCK, 0.038
LCR, 0.4348
LFA, 0.3212
LFC, 0.2162
LFF, 0.6008
LFI, 0.6214
LFL, 0.769
LFM, 0.143
LFV, 0.6126
LFW, 0.6824
LFH, 0.5876
LFN, 0.3206
LFQ, 0.2392
LFS, 0.191
LFT, 0.0936
LFY, 0.1432
LFG, 0.501
LFP, 0.0
LFD, 0.8818
LFE, 0.3352
LFK, 0.5622
LFR, 0.2664
LIA, 0.1568
LIC, 0.3108
LIF, 0.2894
LII, 0.03
LIL, 0.7426
LIM, 0.0
LIV, 0.138
LIW, 0.2156
LIH, 0.0084
LIN, 0.0588
LIQ, 0.1568
LIS, 0.353
LIT, 0.679
LIY, 0.048
LIG, 0.3362
LIP, 0.154
LID, 0.1482
LIE, 0.3312
LIK, 0.0086
LIR, 0.2184
LLA, 0.156
LLC, 0.5148
LLF, 0.276
LLI, 0.198
LLL, 0.209
LLM, 0.1772
LLV, 0.4704
LLW, 0.4132
LLH, 0.0
LLN, 0.6758
LLQ, 0.3454
LLS, 0.1084
LLT, 0.0188
LLY, 0.7246
LLG, 0.1442
LLP, 0.1606
LLD, 0.091
LLE, 0.1832
LLK, 0.4758
LLR, 0.1816
LMA, 0.4272
LMC, 0.4496
LMF, 0.2814
LMI, 0.542
LML, 0.2054
LMM, 0.3716
LMV, 0.509
LMW, 0.1702
LMH, 0.0
LMN, 0.4988
LMQ, 0.2126
LMS, 0.565
LMT, 0.1562
LMY, 0.2598
LMG, 0.3166
LMP, 0.342
LMD, 0.1874
LME, 0.0
LMK, 0.0846
LMR, 0.4152
LVA, 0.567
LVC, 0.0
LVF, 0.4512
LVI, 0.4656
LVL, 0.1848
LVM, 0.2124
LVV, 0.1416
LVW, 0.233
LVH, 0.305
LVN, 0.3572
LVQ, 0.5434
LVS, 0.199
LVT, 0.3444
LVY, 0.4694
LVG, 0.2262
LVP, 0.0
LVD, 0.426
LVE, 0.7396
LVK, 0.0564
LVR, 0.067
LWA, 0.573
LWC, 0.325
LWF, 0.1132
LWI, 0.145
LWL, 0.1404
LWM, 0.1482
LWV, 0.1826
LWW, 0.3954
LWH, 0.3678
LWN, 0.415
LWQ, 0.6216
LWS, 0.4852
LWT, 0.2412
LWY, 0.021
LWG, 0.4072
LWP, 0.3866
LWD, 0.3452
LWE, 0.5402
LWK, 0.4386
LWR, 0.173
LHA, 0.5738
LHC, 0.6232
LHF, 0.0148
LHI, 0.1156
LHL, 0.5278
LHM, 0.012
LHV, 0.0
LHW, 0.2928
LHH, 0.1798
LHN, 0.7238
LHQ, 0.3136
LHS, 0.1784
LHT, 0.533
LHY, 0.1766
LHG, 0.4234
LHP, 0.5818
LHD, 0.3076
LHE, 0.252
LHK, 0.1474
LHR, 0.0708
LNA, 0.5144
LNC, 0.123
LNF, 0.7302
LNI, 0.2176
LNL, 0.0256
LNM, 0.367
LNV, 0.4124
LNW, 0.3494
LNH, 0.1542
LNN, 0.3076
LNQ, 0.363
LNS, 0.821
LNT, 0.4704
LNY, 0.5238
LNG, 0.0482
LNP, 0.4482
LND, 0.3082
LNE, 0.0284
LNK, 0.377
LNR, 0.177
LQA, 0.4074
LQC, 0.5684
LQF, 0.342
LQI, 0.0642
LQL, 0.5838
LQM, 0.3612
LQV, 0.6542
LQW, 0.2658
LQH, 0.103
LQN, 0.1032
LQQ, 0.0126
LQS, 0.3
LQT, 0.0984
LQY, 0.1486
LQG, 0.08
LQP, 0.2928
LQD, 0.3364
LQE, 0.2506
LQK, 0.2852
LQR, 0.0
LSA, 0.0478
LSC, 0.4754
LSF, 0.1762
LSI, 0.2452
LSL, 0.0
LSM, 0.0988
LSV, 0.3748
LSW, 0.0584
LSH, 0.2112
LSN, 0.3742
LSQ, 0.1962
LSS, 0.4212
LST, 0.4172
LSY, 0.4622
LSG, 0.1332
LSP, 0.0
LSD, 0.2114
LSE, 0.3202
LSK, 0.3508
LSR, 0.5234
LTA, 0.0282
LTC, 0.2204
LTF, 0.5396
LTI, 0.0718
LTL, 0.4786
LTM, 0.3556
LTV, 0.2256
LTW, 0.1002
LTH, 0.2504
LTN, 0.277
LTQ, 0.556
LTS, 0.1152
LTT, 0.237
LTY, 0.5232
LTG, 0.2814
LTP, 0.402
LTD, 0.569
LTE, 0.0192
LTK, 0.5296
LTR, 0.1302
LYA, 0.4772
LYC, 0.3404
LYF, 0.2836
LYI, 0.3324
LYL, 0.2776
LYM, 0.2382
LYV, 0.0596
LYW, 0.391
LYH, 0.0662
LYN, 0.2216
LYQ, 0.7082
LYS, 0.056
LYT, 0.7444
LYY, 0.1308
LYG, 0.3234
LYP, 0.0468
LYD, 0.099
LYE, 0.464
LYK, 0.3894
LYR, 0.0064
LGA, 0.2382
LGC, 0.3244
LGF, 0.5386
LGI, 0.8766
LGL, 0.2072
LGM, 0.3788
LGV, 0.5964
LGW, 0.1114
LGH, 0.2094
LGN, 0.062
LGQ, 0.0124
LGS, 0.3974
LGT, 0.0
LGY, 0.3288
LGG, 0.1162
LGP, 0.3226
LGD, 0.187
LGE, 0.1836
LGK, 0.1374
LGR, 0.5814
LPA, 0.2228
LPC, 0.605
LPF, 0.2654
LPI, 0.0948
LPL, 0.0328
LPM, 0.2538
LPV, 0.0748
LPW, 0.4874
LPH, 0.0
LPN, 0.396
LPQ, 0.0
LPS, 0.1718
LPT, 0.1348
LPY, 0.0572
LPG, 0.1574
LPP, 0.028
LPD, 0.1574
LPE, 0.0
LPK, 0.396
LPR, 0.2894
LDA, 0.4352
LDC, 0.0702
LDF, 0.1024
LDI, 0.5036
LDL, 0.4384
LDM, 0.1608
LDV, 0.4046
LDW, 0.3136
LDH, 0.3048
LDN, 0.1232
LDQ, 0.2676
LDS, 0.0
LDT, 0.2808
LDY, 0.3188
LDG, 0.69
LDP, 0.2726
LDD, 0.373
LDE, 0.3784
LDK, 0.136
LDR, 0.321
LEA, 0.5944
LEC, 0.3766
LEF, 0.2732
LEI, 0.5254
LEL, 0.112
LEM, 0.194
LEV, 0.478
LEW, 0.0706
LEH, 0.1336
LEN, 0.6322
LEQ, 0.196
LES, 0.1942
LET, 0.1942
LEY, 0.0284
LEG, 0.0384
LEP, 0.1172
LED, 0.242
LEE, 0.2578
LEK, 0.0876
LER, 0.2616
LKA, 0.0
LKC, 0.0
LKF, 0.2372
LKI, 0.2356
LKL, 0.1478
LKM, 0.263
LKV, 0.0
LKW, 0.2962
LKH, 0.0594
LKN, 0.6884
LKQ, 0.4302
LKS, 0.0574
LKT, 0.1014
LKY, 0.0952
LKG, 0.0132
LKP, 0.2104
LKD, 0.1986
LKE, 0.1706
LKK, 0.1144
LKR, 0.1246
LRA, 0.0912
LRC, 0.6566
LRF, 0.0
LRI, 0.1052
LRL, 0.1752
LRM, 0.0
LRV, 0.1378
LRW, 0.1766
LRH, 0.393
LRN, 0.8702
LRQ, 0.6416
LRS, 0.2022
LRT, 0.296
LRY, 0.0746
LRG, 0.5124
LRP, 0.06
LRD, 0.0554
LRE, 0.203
LRK, 0.936
LRR, 0.3848
MAA, 0.3006
MAC, 0.155
MAF, 0.2476
MAI, 0.521
MAL, 0.4354
MAM, 0.0
MAV, 0.2384
MAW, 0.1114
MAH, 0.05
MAN, 0.109
MAQ, 0.3828
MAS, 0.5742
MAT, 0.323
MAY, 0.1312
MAG, 0.0682
MAP, 0.5472
MAD, 0.1856
MAE, 0.2716
MAK, 0.2346
MAR, 0.4558
MCA, 0.0978
MCC, 0.26
MCF, 0.1964
MCI, 0.1808
MCL, 0.232
MCM, 0.2698
MCV, 0.179
MCW, 0.1892
MCH, 0.1928
MCN, 0.055
MCQ, 0.0766
MCS, 0.0428
MCT, 0.3968
MCY, 0.0076
MCG, 0.1772
MCP, 0.3378
MCD, 0.016
MCE, 0.026
MCK, 0.107
MCR, 0.1356
MFA, 0.0736
MFC, 0.6166
MFF, 0.0
MFI, 0.3382
MFL, 0.033
MFM, 0.0196
MFV, 0.3812
MFW, 0.0916
MFH, 0.0598
MFN, 0.0454
MFQ, 0.4116
MFS, 0.6254
MFT, 0.0838
MFY, 0.3186
MFG, 0.2306
MFP, 0.1098
MFD, 0.2306
MFE, 0.3926
MFK, 0.5546
MFR, 0.4188
MIA, 0.263
MIC, 0.5768
MIF, 0.0
MII, 0.239
MIL, 0.0502
MIM, 0.2142
MIV, 0.126
MIW, 0.0
MIH, 0.3728
MIN, 0.2382
MIQ, 0.2234
MIS, 0.3954
MIT, 0.3514
MIY, 0.1196
MIG, 0.486
MIP, 0.5414
MID, 0.7018
MIE, 0.0
MIK, 0.1128
MIR, 0.3064
MLA, 0.5506
MLC, 0.069
MLF, 0.0576
MLI, 0.3638
MLL, 0.282
MLM, 0.337
MLV, 0.0734
MLW, 0.7948
MLH, 0.2896
MLN, 0.0628
MLQ, 0.0174
MLS, 0.0262
MLT, 0.3298
MLY, 0.3778
MLG, 0.2882
MLP, 0.2122
MLD, 0.1736
MLE, 0.3378
MLK, 0.165
MLR, 0.2982
MMA, 0.2882
MMC, 0.2716
MMF, 0.365
MMI, 0.2356
MML, 0.2208
MMM, 0.2626
MMV, 0.2044
MMW, 0.3928
MMH, 0.2494
MMN, 0.1594
MMQ, 0.2848
MMS, 0.4152
MMT, 0.4992
MMY, 0.565
MMG, 0.2086
MMP, 0.097
MMD, 0.0518
MME, 0.3408
MMK, 0.2366
MMR, 0.5926
MVA, 0.0028
MVC, 0.5484
MVF, 0.1478
MVI, 0.33
MVL, 0.0062
MVM, 0.1192
MVV, 0.1832
MVW, 0.6476
MVH, 0.0136
MVN, 0.166
MVQ, 0.2798
MVS, 0.3812
MVT, 0.199
MVY, 0.232
MVG, 0.294
MVP, 0.1284
MVD, 0.1098
MVE, 0.1958
MVK, 0.3744
MVR, 0.129
MWA, 0.2972
MWC, 0.0
MWF, 0.1684
MWI, 0.1868
MWL, 0.039
MWM, 0.1752
MWV, 0.0132
MWW, 0.302
MWH, 0.037
MWN, 0.3798
MWQ, 0.651
MWS, 0.4744
MWT, 0.5574
MWY, 0.3084
MWG, 0.539
MWP, 0.031
MWD, 0.2882
MWE, 0.148
MWK, 0.4596
MWR, 0.4642
MHA, 0.05
MHC, 0.1628
MHF, 0.4986
MHI, 0.1156
MHL, 0.2772
MHM, 0.6336
MHV, 0.4388
MHW, 0.0108
MHH, 0.2776
MHN, 0.3884
MHQ, 0.3046
MHS, 0.2612
MHT, 0.1588
MHY, 0.176
MHG, 0.0422
MHP, 0.5728
MHD, 0.209
MHE, 0.4474
MHK, 0.0514
MHR, 0.1886
MNA, 0.0844
MNC, 0.6556
MNF, 0.0812
MNI, 0.1052
MNL, 0.0
MNM, 0.4248
MNV, 0.0126
MNW, 0.4194
MNH, 0.3788
MNN, 0.0462
MNQ, 0.1062
MNS, 0.229
MNT, 0.6814
MNY, 0.327
MNG, 0.0046
MNP, 0.3544
MND, 0.161
MNE, 0.2644
MNK, 0.3376
MNR, 0.3726
MQA, 0.296
MQC, 0.078
MQF, 0.3222
MQI, 0.0748
MQL, 0.1216
MQM, 0.101
MQV, 0.6018
MQW, 0.0798
MQH, 0.2052
MQN, 0.6528
MQQ, 0.1484
MQS, 0.4966
MQT, 0.3392
MQY, 0.2808
MQG, 0.242
MQP, 0.4524
MQD, 0.206
MQE, 0.345
MQK, 0.1444
MQR, 0.4854
MSA, 0.1242
MSC, 0.2824
MSF, 0.0714
MSI, 0.3198
MSL, 0.021
MSM, 0.3318
MSV, 0.0022
MSW, 0.1654
MSH, 0.1234
MSN, 0.3316
MSQ, 0.3554
MSS, 0.1446
MST, 0.7758
MSY, 0.1698
MSG, 0.3096
MSP, 0.0
MSD, 0.541
MSE, 0.3432
MSK, 0.5376
MSR, 0.38
MTA, 0.4746
MTC, 0.2952
MTF, 0.2932
MTI, 0.0654
MTL, 0.1212
MTM, 0.3296
MTV, 0.4542
MTW, 0.4396
MTH, 0.686
MTN, 0.216
MTQ, 0.2846
MTS, 0.3642
MTT, 0.5474
MTY, 0.388
MTG, 0.0
MTP, 0.519
MTD, 0.1272
MTE, 0.3866
MTK, 0.1002
MTR, 0.7552
MYA, 0.621
MYC, 0.1452
MYF, 0.3302
MYI, 0.2628
MYL, 0.664
MYM, 0.4498
MYV, 0.3474
MYW, 0.0362
MYH, 0.0944
MYN, 0.0172
MYQ, 0.4258
MYS, 0.2896
MYT, 0.08
MYY, 0.3054
MYG, 0.1982
MYP, 0.1156
MYD, 0.3552
MYE, 0.7706
MYK, 0.3496
MYR, 0.2492
MGA, 0.461
MGC, 0.1446
MGF, 0.419
MGI, 0.0842
MGL, 0.469
MGM, 0.5052
MGV, 0.4366
MGW, 0.1044
MGH, 0.124
MGN, 0.5302
MGQ, 0.4992
MGS, 0.6862
MGT, 0.0
MGY, 0.3206
MGG, 0.0328
MGP, 0.6298
MGD, 0.6778
MGE, 0.262
MGK, 0.2124
MGR, 0.1718
MPA, 0.3806
MPC, 0.5466
MPF, 0.212
MPI, 0.2268
MPL, 0.3046
MPM, 0.1774
MPV, 0.2388
MPW, 0.1266
MPH, 0.2374
MPN, 0.0472
MPQ, 0.0844
MPS, 0.2402
MPT, 0.2084
MPY, 0.51
MPG, 0.311
MPP, 0.1362
MPD, 0.2558
MPE, 0.0588
MPK, 0.0714
MPR, 0.0
MDA, 0.4912
MDC, 0.46
MDF, 0.263
MDI, 0.0872
MDL, 0.3004
MDM, 0.43
MDV, 0.1358
MDW, 0.1926
MDH, 0.1104
MDN, 0.4094
MDQ, 0.3822
MDS, 0.4928
MDT, 0.4356
MDY, 0.1172
MDG, 0.0202
MDP, 0.3914
MDD, 0.366
MDE, 0.4544
MDK, 0.458
MDR, 0.4384
MEA, 0.167
MEC, 0.0888
MEF, 0.5254
MEI, 0.2736
MEL, 0.6014
MEM, 0.0
MEV, 0.0784
MEW, 0.2858
MEH, 0.1568
MEN, 0.1126
MEQ, 0.1552
MES, 0.0458
MET, 0.1688
MEY, 0.243
MEG, 0.133
MEP, 0.116
MED, 0.1322
MEE, 0.6444
MEK, 0.3552
MER, 0.54
MKA, 0.0348
MKC, 0.2638
MKF, 0.4216
MKI, 0.0
MKL, 0.0266
MKM, 0.0388
MKV, 0.6848
MKW, 0.656
MKH, 0.1474
MKN, 0.4612
MKQ, 0.381
MKS, 0.497
MKT, 0.3702
MKY, 0.0
MKG, 0.27
MKP, 0.1266
MKD, 0.5592
MKE, 0.2572
MKK, 0.664
MKR, 0.4944
MRA, 0.1232
MRC, 0.4662
MRF, 0.0232
MRI, 0.719
MRL, 0.5316
MRM, 0.241
MRV, 0.404
MRW, 0.3326
MRH, 0.2322
MRN, 0.0686
MRQ, 0.5234
MRS, 0.096
MRT, 0.3998
MRY, 0.3218
MRG, 0.299
MRP, 0.2054
MRD, 0.3738
MRE, 0.2736
MRK, 0.8632
MRR, 0.5208
VAA, 0.2296
VAC, 0.2268
VAF, 0.4514
VAI, 0.4862
VAL, 0.163
VAM, 0.1448
VAV, 0.7786
VAW, 0.0402
VAH, 0.059
VAN, 0.1544
VAQ, 0.2718
VAS, 0.199
VAT, 0.2202
VAY, 0.5442
VAG, 0.0
VAP, 0.2516
VAD, 0.1854
VAE, 0.0926
VAK, 0.397
VAR, 0.2532
VCA, 0.2438
VCC, 0.2874
VCF, 0.6268
VCI, 0.1792
VCL, 0.0722
VCM, 0.4062
VCV, 0.5098
VCW, 0.1268
VCH, 0.1066
VCN, 0.0
VCQ, 0.4408
VCS, 0.0
VCT, 0.2306
VCY, 0.079
VCG, 0.253
VCP, 0.1646
VCD, 0.1182
VCE, 0.0
VCK, 0.3924
VCR, 0.6096
VFA, 0.5248
VFC, 0.3092
VFF, 0.179
VFI, 0.268
VFL, 0.3698
VFM, 0.1336
VFV, 0.4154
VFW, 0.5526
VFH, 0.1624
VFN, 0.0842
VFQ, 0.2194
VFS, 0.5186
VFT, 0.277
VFY, 0.4952
VFG, 0.1488
VFP, 0.2106
VFD, 0.1532
VFE, 0.4288
VFK, 0.4568
VFR, 0.5488
VIA, 0.1428
VIC, 0.3246
VIF, 0.0042
VII, 0.3994
VIL, 0.9924
VIM, 0.2172
VIV, 0.9312
VIW, 0.1884
VIH, 0.5092
VIN, 0.1846
VIQ, 0.114
VIS, 0.5186
VIT, 0.6956
VIY, 0.3444
VIG, 0.0098
VIP, 0.3996
VID, 0.7596
VIE, 0.6516
VIK, 0.8712
VIR, 0.6902
VLA, 0.3142
VLC, 0.3036
VLF, 0.422
VLI, 0.2306
VLL, 0.4432
VLM, 0.4926
VLV, 0.8738
VLW, 0.4008
VLH, 0.4262
VLN, 0.0062
VLQ, 0.1962
VLS, 0.5586
VLT, 0.0418
VLY, 0.2322
VLG, 0.0936
VLP, 0.1408
VLD, 0.3456
VLE, 0.0956
VLK, 0.0466
VLR, 0.4528
VMA, 0.222
VMC, 0.6134
VMF, 0.0288
VMI, 0.3588
VML, 0.0738
VMM, 0.1242
VMV, 0.0484
VMW, 0.0416
VMH, 0.2788
VMN, 0.1228
VMQ, 0.1134
VMS, 0.0
VMT, 0.767
VMY, 0.0688
VMG, 0.7412
VMP, 0.4108
VMD, 0.609
VME, 0.1618
VMK, 0.543
VMR, 0.5454
VVA, 0.296
VVC, 0.2974
VVF, 0.2548
VVI, 0.5124
VVL, 0.2964
VVM, 0.3516
VVV, 0.2102
VVW, 0.5126
VVH, 0.5024
VVN, 0.2364
VVQ, 0.0628
VVS, 0.0958
VVT, 0.3576
VVY, 0.2486
VVG, 0.04
VVP, 0.2168
VVD, 0.0
VVE, 0.3196
VVK, 0.612
VVR, 0.2622
VWA, 0.284
VWC, 0.0692
VWF, 0.041
VWI, 0.003
VWL, 0.2406
VWM, 0.4354
VWV, 0.4698
VWW, 0.2624
VWH, 0.0
VWN, 0.3766
VWQ, 0.425
VWS, 0.4564
VWT, 0.5838
VWY, 0.3624
VWG, 0.0
VWP, 0.0
VWD, 0.198
VWE, 0.5362
VWK, 0.3292
VWR, 0.393
VHA, 0.1508
VHC, 0.1354
VHF, 0.1194
VHI, 0.7402
VHL, 0.266
VHM, 0.6892
VHV, 0.1666
VHW, 0.0206
VHH, 0.7154
VHN, 0.3996
VHQ, 0.2126
VHS, 0.1706
VHT, 0.3626
VHY, 0.182
VHG, 0.4594
VHP, 0.1966
VHD, 0.0076
VHE, 0.517
VHK, 0.4792
VHR, 0.4042
VNA, 0.146
VNC, 0.1534
VNF, 0.0678
VNI, 0.421
VNL, 0.664
VNM, 0.546
VNV, 0.491
VNW, 0.5128
VNH, 0.3406
VNN, 0.3942
VNQ, 0.0094
VNS, 0.3422
VNT, 0.3664
VNY, 0.1156
VNG, 0.3792
VNP, 0.762
VND, 0.4554
VNE, 0.322
VNK, 0.11
VNR, 0.2578
VQA, 0.0552
VQC, 0.3866
VQF, 0.3954
VQI, 0.6086
VQL, 0.3032
VQM, 0.1126
VQV, 0.4492
VQW, 0.3438
VQH, 0.0
VQN, 0.3502
VQQ, 0.4758
VQS, 0.4124
VQT, 0.304
VQY, 0.164
VQG, 0.1492
VQP, 0.2418
VQD, 0.11
VQE, 0.4532
VQK, 0.1304
VQR, 0.0944
VSA, 0.1674
VSC, 0.2504
VSF, 0.0696
VSI, 0.456
VSL, 0.1218
VSM, 0.0802
VSV, 0.2692
VSW, 0.1706
VSH, 0.3618
VSN, 0.226
VSQ, 0.127
VSS, 0.9098
VST, 0.086
VSY, 0.0
VSG, 0.062
VSP, 0.6322
VSD, 0.0812
VSE, 0.4086
VSK, 0.2672
VSR, 0.3418
VTA, 0.0788
VTC, 0.1424
VTF, 0.3166
VTI, 0.38
VTL, 0.7612
VTM, 0.3884
VTV, 0.2934
VTW, 0.017
VTH, 0.3968
VTN, 0.508
VTQ, 0.0412
VTS, 0.0912
VTT, 0.8362
VTY, 0.5698
VTG, 0.1832
VTP, 0.0
VTD, 0.678
VTE, 0.4666
VTK, 0.8318
VTR, 0.0236
VYA, 0.282
VYC, 0.2626
VYF, 0.3262
VYI, 0.4336
VYL, 0.6088
VYM, 0.3412
VYV, 0.1584
VYW, 0.055
VYH, 0.2552
VYN, 0.5276
VYQ, 0.1426
VYS, 0.5878
VYT, 0.5254
VYY, 0.4974
VYG, 0.3532
VYP, 0.2328
VYD, 0.259
VYE, 0.0
VYK, 0.2836
VYR, 0.0454
VGA, 0.2786
VGC, 0.2282
VGF, 0.363
VGI, 0.6296
VGL, 0.0934
VGM, 0.4454
VGV, 0.4304
VGW, 0.5196
VGH, 0.3068
VGN, 0.1796
VGQ, 0.4412
VGS, 0.3188
VGT, 0.3278
VGY, 0.474
VGG, 0.0
VGP, 0.4022
VGD, 0.385
VGE, 0.3108
VGK, 0.1136
VGR, 0.4082
VPA, 0.1228
VPC, 0.543
VPF, 0.4474
VPI, 0.8426
VPL, 0.375
VPM, 0.4396
VPV, 0.36
VPW, 0.2452
VPH, 0.336
VPN, 0.255
VPQ, 0.0928
VPS, 0.3652
VPT, 0.2108
VPY, 0.2758
VPG, 0.4308
VPP, 0.0984
VPD, 0.5882
VPE, 0.2822
VPK, 0.0292
VPR, 0.343
VDA, 0.1366
VDC, 0.1342
VDF, 0.0
VDI, 0.081
VDL, 0.2148
VDM, 0.3192
VDV, 0.0
VDW, 0.1868
VDH, 0.1904
VDN, 0.2894
VDQ, 0.1272
VDS, 0.0696
VDT, 0.1548
VDY, 0.2452
VDG, 0.5868
VDP, 0.247
VDD, 0.4976
VDE, 0.1538
VDK, 0.5162
VDR, 0.137
VEA, 0.383
VEC, 0.4626
VEF, 0.0
VEI, 0.9114
VEL, 0.2282
VEM, 0.0
VEV, 0.266
VEW, 0.0254
VEH, 0.443
VEN, 0.5312
VEQ, 0.181
VES, 0.1822
VET, 0.264
VEY, 0.159
VEG, 0.189
VEP, 0.0868
VED, 0.31
VEE, 0.094
VEK, 0.0716
VER, 0.0876
VKA, 0.0326
VKC, 0.3362
VKF, 0.3426
VKI, 0.1742
VKL, 0.328
VKM, 0.6174
VKV, 0.4974
VKW, 0.1472
VKH, 0.1288
VKN, 0.1156
VKQ, 0.0
VKS, 0.3502
VKT, 0.0946
VKY, 0.217
VKG, 0.1042
VKP, 0.0
VKD, 0.6622
VKE, 0.1378
VKK, 0.4984
VKR, 0.0824
VRA, 0.3042
VRC, 0.3908
VRF, 0.2924
VRI, 0.2248
VRL, 0.4346
VRM, 0.2562
VRV, 0.3704
VRW, 0.333
VRH, 0.2066
VRN, 0.173
VRQ, 0.2898
VRS, 0.456
VRT, 0.1636
VRY, 0.0888
VRG, 0.0078
VRP, 0.2604
VRD, 0.5416
VRE, 0.302
VRK, 0.4348
VRR, 0.3352
WAA, 0.0902
WAC, 0.2908
WAF, 0.5506
WAI, 0.022
WAL, 0.2186
WAM, 0.0502
WAV, 0.1598
WAW, 0.5212
WAH, 0.4274
WAN, 0.3028
WAQ, 0.1104
WAS, 0.1708
WAT, 0.3374
WAY, 0.1314
WAG, 0.5152
WAP, 0.0634
WAD, 0.4596
WAE, 0.1466
WAK, 0.1962
WAR, 0.329
WCA, 0.2088
WCC, 0.3518
WCF, 0.674
WCI, 0.5768
WCL, 0.2184
WCM, 0.6002
WCV, 0.1806
WCW, 0.1278
WCH, 0.0
WCN, 0.3184
WCQ, 0.2074
WCS, 0.2692
WCT, 0.2608
WCY, 0.3102
WCG, 0.8028
WCP, 0.29
WCD, 0.0
WCE, 0.0
WCK, 0.2788
WCR, 0.1822
WFA, 0.1008
WFC, 0.489
WFF, 0.5062
WFI, 0.4748
WFL, 0.273
WFM, 0.0
WFV, 0.5808
WFW, 0.1554
WFH, 0.452
WFN, 0.6194
WFQ, 0.175
WFS, 0.4034
WFT, 0.1886
WFY, 0.06
WFG, 0.2994
WFP, 0.0528
WFD, 0.3602
WFE, 0.3482
WFK, 0.2044
WFR, 0.3122
WIA, 0.0784
WIC, 0.1024
WIF, 0.592
WII, 0.1106
WIL, 0.1086
WIM, 0.2676
WIV, 0.1328
WIW, 0.1702
WIH, 0.2108
WIN, 0.5912
WIQ, 0.7234
WIS, 0.3022
WIT, 0.0162
WIY, 0.3238
WIG, 0.4114
WIP, 0.3586
WID, 0.2396
WIE, 0.2448
WIK, 0.5728
WIR, 0.2474
WLA, 0.4726
WLC, 0.3574
WLF, 0.0992
WLI, 0.0076
WLL, 0.2056
WLM, 0.1524
WLV, 0.2378
WLW, 0.3332
WLH, 0.0878
WLN, 0.186
WLQ, 0.391
WLS, 0.2114
WLT, 0.1452
WLY, 0.08
WLG, 0.4366
WLP, 0.001
WLD, 0.4332
WLE, 0.6342
WLK, 0.1038
WLR, 0.1634
WMA, 0.2644
WMC, 0.4876
WMF, 0.0444
WMI, 0.1188
WML, 0.0
WMM, 0.1582
WMV, 0.2328
WMW, 0.3514
WMH, 0.279
WMN, 0.232
WMQ, 0.0372
WMS, 0.2666
WMT, 0.1358
WMY, 0.249
WMG, 0.415
WMP, 0.052
WMD, 0.1654
WME, 0.1684
WMK, 0.1388
WMR, 0.3604
WVA, 0.4466
WVC, 0.2686
WVF, 0.3442
WVI, 0.0326
WVL, 0.226
WVM, 0.7324
WVV, 0.0
WVW, 0.1976
WVH, 0.6218
WVN, 0.2788
WVQ, 0.2024
WVS, 0.4354
WVT, 0.246
WVY, 0.3054
WVG, 0.2658
WVP, 0.027
WVD, 0.3866
WVE, 0.2854
WVK, 0.2282
WVR, 0.3606
WWA, 0.0522
WWC, 0.0
WWF, 0.6004
WWI, 0.1578
WWL, 0.34
WWM, 0.4604
WWV, 0.071
WWW, 0.4436
WWH, 0.1998
WWN, 0.4038
WWQ, 0.5104
WWS, 0.1934
WWT, 0.1702
WWY, 0.1298
WWG, 0.389
WWP, 0.0
WWD, 0.0378
WWE, 0.0272
WWK, 0.3452
WWR, 0.0
WHA, 0.5048
WHC, 0.2696
WHF, 0.0
WHI, 0.3
WHL, 0.2182
WHM, 0.0588
WHV, 0.2758
WHW, 0.3304
WHH, 0.12
WHN, 0.5096
WHQ, 0.115
WHS, 0.0458
WHT, 0.4706
WHY, 0.5998
WHG, 0.4708
WHP, 0.056
WHD, 0.2904
WHE, 0.2428
WHK, 0.5878
WHR, 0.2034
WNA, 0.6172
WNC, 0.1466
WNF, 0.0662
WNI, 0.118
WNL, 0.6626
WNM, 0.1698
WNV, 0.1122
WNW, 0.0768
WNH, 0.0184
WNN, 0.1648
WNQ, 0.0
WNS, 0.0978
WNT, 0.1042
WNY, 0.0588
WNG, 0.1648
WNP, 0.239
WND, 0.5022
WNE, 0.4062
WNK, 0.041
WNR, 0.5168
WQA, 0.2346
WQC, 0.3216
WQF, 0.3562
WQI, 0.0466
WQL, 0.1498
WQM, 0.3434
WQV, 0.3762
WQW, 0.112
WQH, 0.2194
WQN, 0.2486
WQQ, 0.3992
WQS, 0.2076
WQT, 0.0
WQY, 0.2334
WQG, 0.557
WQP, 0.2034
WQD, 0.4438
WQE, 0.0288
WQK, 0.1454
WQR, 0.4374
WSA, 0.1144
WSC, 0.0416
WSF, 0.1942
WSI, 0.5646
WSL, 0.4014
WSM, 0.6282
WSV, 0.0152
WSW, 0.2688
WSH, 0.4344
WSN, 0.5198
WSQ, 0.0
WSS, 0.2212
WST, 0.1384
WSY, 0.3422
WSG, 0.3274
WSP, 0.1822
WSD, 0.1314
WSE, 0.4046
WSK, 0.0352
WSR, 0.0782
WTA, 0.4276
WTC, 0.1508
WTF, 0.4676
WTI, 0.2674
WTL, 0.4456
WTM, 0.0654
WTV, 0.3638
WTW, 0.0
WTH, 0.4214
WTN, 0.1072
WTQ, 0.6482
WTS, 0.1596
WTT, 0.0564
WTY, 0.0272
WTG, 0.0208
WTP, 0.3064
WTD, 0.0
WTE, 0.2178
WTK, 0.585
WTR, 0.168
WYA, 0.2338
WYC, 0.0
WYF, 0.0
WYI, 0.1164
WYL, 0.3982
WYM, 0.2856
WYV, 0.0552
WYW, 0.1108
WYH, 0.481
WYN, 0.1736
WYQ, 0.1952
WYS, 0.2198
WYT, 0.4126
WYY, 0.1978
WYG, 0.4778
WYP, 0.0
WYD, 0.2706
WYE, 0.2342
WYK, 0.8262
WYR, 0.211
WGA, 0.5314
WGC, 0.0
WGF, 0.6778
WGI, 0.467
WGL, 0.8308
WGM, 0.1122
WGV, 0.4196
WGW, 0.4244
WGH, 0.4226
WGN, 0.3326
WGQ, 0.787
WGS, 0.2858
WGT, 0.139
WGY, 0.2744
WGG, 0.0
WGP, 0.2282
WGD, 0.0
WGE, 0.1712
WGK, 0.0048
WGR, 0.3404
WPA, 0.628
WPC, 0.4618
WPF, 0.045
WPI, 0.641
WPL, 0.1408
WPM, 0.426
WPV, 0.1782
WPW, 0.0468
WPH, 0.1258
WPN, 0.106
WPQ, 0.5502
WPS, 0.4592
WPT, 0.0
WPY, 0.2258
WPG, 0.4442
WPP, 0.3068
WPD, 0.4734
WPE, 0.5476
WPK, 0.1626
WPR, 0.361
WDA, 0.5466
WDC, 0.0568
WDF, 0.2544
WDI, 0.2446
WDL, 0.0
WDM, 0.0534
WDV, 0.2512
WDW, 0.0342
WDH, 0.0704
WDN, 0.1882
WDQ, 0.231
WDS, 0.0442
WDT, 0.1606
WDY, 0.5426
WDG, 0.5332
WDP, 0.0408
WDD, 0.2266
WDE, 0.167
WDK, 0.0444
WDR, 0.0016
WEA, 0.4824
WEC, 0.2942
WEF, 0.0192
WEI, 0.2376
WEL, 0.123
WEM, 0.238
WEV, 0.1096
WEW, 0.0588
WEH, 0.008
WEN, 0.1466
WEQ, 0.6342
WES, 0.046
WET, 0.575
WEY, 0.0
WEG, 0.207
WEP, 0.0662
WED, 0.0756
WEE, 0.0822
WEK, 0.5104
WER, 0.263
WKA, 0.095
WKC, 0.148
WKF, 0.1162
WKI, 0.729
WKL, 0.0156
WKM, 0.31
WKV, 0.5142
WKW, 0.4614
WKH, 0.2946
WKN, 0.221
WKQ, 0.357
WKS, 0.462
WKT, 0.1142
WKY, 0.2744
WKG, 0.3934
WKP, 0.1424
WKD, 0.3026
WKE, 0.6122
WKK, 0.8604
WKR, 0.4362
WRA, 0.1072
WRC, 0.7034
WRF, 0.3092
WRI, 0.1964
WRL, 0.4356
WRM, 0.5108
WRV, 0.3172
WRW, 0.2824
WRH, 0.0
WRN, 0.0266
WRQ, 0.2314
WRS, 0.0312
WRT, 0.1396
WRY, 0.5354
WRG, 0.1358
WRP, 0.1952
WRD, 0.2128
WRE, 0.19
WRK, 0.4036
WRR, 0.1926
HAA, 0.7276
HAC, 0.3048
HAF, 0.4986
HAI, 0.163
HAL, 0.245
HAM, 0.151
HAV, 0.0134
HAW, 0.1462
HAH, 0.6328
HAN, 0.0
HAQ, 0.3546
HAS, 0.45
HAT, 0.0016
HAY, 0.221
HAG, 0.6762
HAP, 0.1832
HAD, 0.286
HAE, 0.417
HAK, 0.3884
HAR, 0.1156
HCA, 0.3146
HCC, 0.2326
HCF, 0.1294
HCI, 0.47
HCL, 0.5446
HCM, 0.3906
HCV, 0.0404
HCW, 0.2012
HCH, 0.1732
HCN, 0.4384
HCQ, 0.091
HCS, 0.2294
HCT, 0.336
HCY, 0.215
HCG, 0.4144
HCP, 0.1372
HCD, 0.1798
HCE, 0.6588
HCK, 0.1712
HCR, 0.2866
HFA, 0.1892
HFC, 0.3326
HFF, 0.0572
HFI, 0.4242
HFL, 0.4668
HFM, 0.2376
HFV, 0.4324
HFW, 0.3002
HFH, 0.1272
HFN, 0.2882
HFQ, 0.4596
HFS, 0.3964
HFT, 0.0582
HFY, 0.0806
HFG, 0.0852
HFP, 0.1222
HFD, 0.2426
HFE, 0.3506
HFK, 0.3408
HFR, 0.4508
HIA, 0.7646
HIC, 0.1302
HIF, 0.0916
HII, 0.1722
HIL, 0.4692
HIM, 0.2532
HIV, 0.026
HIW, 0.5078
HIH, 0.153
HIN, 0.0
HIQ, 0.1306
HIS, 0.3142
HIT, 0.483
HIY, 0.0
HIG, 0.5
HIP, 0.1572
HID, 0.0948
HIE, 0.0
HIK, 0.2724
HIR, 0.347
HLA, 0.0106
HLC, 0.0464
HLF, 0.3042
HLI, 0.5112
HLL, 0.2302
HLM, 0.3392
HLV, 0.2994
HLW, 0.1114
HLH, 0.4918
HLN, 0.3138
HLQ, 0.2334
HLS, 0.2694
HLT, 0.7268
HLY, 0.263
HLG, 0.2396
HLP, 0.7136
HLD, 0.3886
HLE, 0.054
HLK, 0.0354
HLR, 0.0
HMA, 0.601
HMC, 0.2902
HMF, 0.4946
HMI, 0.0078
HML, 0.5896
HMM, 0.3474
HMV, 0.0922
HMW, 0.281
HMH, 0.4328
HMN, 0.0826
HMQ, 0.3414
HMS, 0.3342
HMT, 0.7878
HMY, 0.0
HMG, 0.0412
HMP, 0.246
HMD, 0.5978
HME, 0.1698
HMK, 0.0564
HMR, 0.3572
HVA, 0.0
HVC, 0.1884
HVF, 0.2782
HVI, 0.0516
HVL, 0.008
HVM, 0.3996
HVV, 0.051
HVW, 0.272
HVH, 0.1214
HVN, 0.2124
HVQ, 0.2544
HVS, 0.5312
HVT, 0.3798
HVY, 0.1802
HVG, 0.5076
HVP, 0.6108
HVD, 0.3764
HVE, 0.0504
HVK, 0.0528
HVR, 0.2324
HWA, 0.1352
HWC, 0.343
HWF, 0.2378
HWI, 0.2152
HWL, 0.811
HWM, 0.4766
HWV, 0.0268
HWW, 0.6544
HWH, 0.1976
HWN, 0.4016
HWQ, 0.2652
HWS, 0.1194
HWT, 0.0504
HWY, 0.2558
HWG, 0.144
HWP, 0.0754
HWD, 0.0472
HWE, 0.3464
HWK, 0.0
HWR, 0.1162
HHA, 0.079
HHC, 0.2914
HHF, 0.0696
HHI, 0.1722
HHL, 0.2264
HHM, 0.3564
HHV, 0.225
HHW, 0.5458
HHH, 0.3066
HHN, 0.4652
HHQ, 0.2692
HHS, 0.1162
HHT, 0.1376
HHY, 0.2472
HHG, 0.4302
HHP, 0.4498
HHD, 0.2258
HHE, 0.3626
HHK, 0.122
HHR, 0.4508
HNA, 0.2454
HNC, 0.5012
HNF, 0.1966
HNI, 0.4518
HNL, 0.3074
HNM, 0.2496
HNV, 0.0778
HNW, 0.19
HNH, 0.2478
HNN, 0.0
HNQ, 0.3416
HNS, 0.1944
HNT, 0.0
HNY, 0.3872
HNG, 0.2238
HNP, 0.2164
HND, 0.0844
HNE, 0.272
HNK, 0.1452
HNR, 0.4138
HQA, 0.0598
HQC, 0.2808
HQF, 0.1312
HQI, 0.2668
HQL, 0.361
HQM, 0.088
HQV, 0.085
HQW, 0.582
HQH, 0.3362
HQN, 0.4636
HQQ, 0.3392
HQS, 0.3216
HQT, 0.2324
HQY, 0.2914
HQG, 0.2284
HQP, 0.102
HQD, 0.7672
HQE, 0.3696
HQK, 0.3264
HQR, 0.024
HSA, 0.1744
HSC, 0.5076
HSF, 0.091
HSI, 0.2184
HSL, 0.0504
HSM, 0.1906
HSV, 0.2024
HSW, 0.1488
HSH, 0.3332
HSN, 0.5548
HSQ, 0.239
HSS, 0.4502
HST, 0.3788
HSY, 0.1774
HSG, 0.0926
HSP, 0.1268
HSD, 0.6826
HSE, 0.0
HSK, 0.0876
HSR, 0.2662
HTA, 0.3594
HTC, 0.2148
HTF, 0.1462
HTI, 0.4314
HTL, 0.222
HTM, 0.0624
HTV, 0.3418
HTW, 0.1438
HTH, 0.0762
HTN, 0.4012
HTQ, 0.1902
HTS, 0.3198
HTT, 0.1948
HTY, 0.3838
HTG, 0.0
HTP, 0.3752
HTD, 0.338
HTE, 0.2712
HTK, 0.3496
HTR, 0.253
HYA, 0.3526
HYC, 0.4906
HYF, 0.2798
HYI, 0.2992
HYL, 0.1438
HYM, 0.3146
HYV, 0.6116
HYW, 0.5376
HYH, 0.13
HYN, 0.1324
HYQ, 0.218
HYS, 0.2294
HYT, 0.2072
HYY, 0.279
HYG, 0.0
HYP, 0.3484
HYD, 0.1414
HYE, 0.012
HYK, 0.3204
HYR, 0.3116
HGA, 0.1954
HGC, 0.0142
HGF, 0.0574
HGI, 0.1794
HGL, 0.0862
HGM, 0.4086
HGV, 0.1024
HGW, 0.0322
HGH, 0.0528
HGN, 0.0224
HGQ, 0.1806
HGS, 0.1514
HGT, 0.2112
HGY, 0.177
HGG, 0.4996
HGP, 0.286
HGD, 0.281
HGE, 0.1172
HGK, 0.1674
HGR, 0.0298
HPA, 0.4834
HPC, 0.322
HPF, 0.3618
HPI, 0.1982
HPL, 0.6318
HPM, 0.3426
HPV, 0.1598
HPW, 0.0492
HPH, 0.2004
HPN, 0.036
HPQ, 0.0744
HPS, 0.1492
HPT, 0.0
HPY, 0.135
HPG, 0.5046
HPP, 0.0126
HPD, 0.0034
HPE, 0.0064
HPK, 0.0486
HPR, 0.2558
HDA, 0.0
HDC, 0.095
HDF, 0.0354
HDI, 0.1654
HDL, 0.161
HDM, 0.197
HDV, 0.0946
HDW, 0.333
HDH, 0.2768
HDN, 0.2272
HDQ, 0.2616
HDS, 0.4694
HDT, 0.3694
HDY, 0.3222
HDG, 0.3202
HDP, 0.0372
HDD, 0.2516
HDE, 0.4026
HDK, 0.4906
HDR, 0.6344
HEA, 0.49
HEC, 0.0116
HEF, 0.311
HEI, 0.2026
HEL, 0.121
HEM, 0.0678
HEV, 0.0
HEW, 0.3724
HEH, 0.0944
HEN, 0.2568
HEQ, 0.1774
HES, 0.3138
HET, 0.3154
HEY, 0.0846
HEG, 0.0196
HEP, 0.2288
HED, 0.356
HEE, 0.3348
HEK, 0.0026
HER, 0.4266
HKA, 0.0
HKC, 0.0
HKF, 0.2254
HKI, 0.6732
HKL, 0.268
HKM, 0.0622
HKV, 0.1272
HKW, 0.1814
HKH, 0.1756
HKN, 0.0
HKQ, 0.5458
HKS, 0.2522
HKT, 0.5622
HKY, 0.1348
HKG, 0.5534
HKP, 0.2536
HKD, 0.0992
HKE, 0.1156
HKK, 0.4042
HKR, 0.1708
HRA, 0.5532
HRC, 0.3484
HRF, 0.529
HRI, 0.1922
HRL, 0.296
HRM, 0.2864
HRV, 0.2408
HRW, 0.154
HRH, 0.0576
HRN, 0.0182
HRQ, 0.1136
HRS, 0.1882
HRT, 0.2772
HRY, 0.097
HRG, 0.4328
HRP, 0.399
HRD, 0.2918
HRE, 0.3208
HRK, 0.1582
HRR, 0.231
NAA, 0.3596
NAC, 0.3502
NAF, 0.3996
NAI, 0.0074
NAL, 0.1774
NAM, 0.3296
NAV, 0.1804
NAW, 0.3652
NAH, 0.3216
NAN, 0.0854
NAQ, 0.485
NAS, 0.4468
NAT, 0.1968
NAY, 0.5292
NAG, 0.0
NAP, 0.5508
NAD, 0.2538
NAE, 0.3368
NAK, 0.3502
NAR, 0.186
NCA, 0.2708
NCC, 0.4322
NCF, 0.3946
NCI, 0.1722
NCL, 0.211
NCM, 0.1484
NCV, 0.3628
NCW, 0.249
NCH, 0.0
NCN, 0.4032
NCQ, 0.1408
NCS, 0.5064
NCT, 0.4542
NCY, 0.1324
NCG, 0.0928
NCP, 0.1566
NCD, 0.4198
NCE, 0.22
NCK, 0.2334
NCR, 0.2924
NFA, 0.1938
NFC, 0.0308
NFF, 0.6712
NFI, 0.1492
NFL, 0.3568
NFM, 0.0
NFV, 0.5572
NFW, 0.2064
NFH, 0.1178
NFN, 0.3976
NFQ, 0.3894
NFS, 0.2056
NFT, 0.027
NFY, 0.04
NFG, 0.1228
NFP, 0.1916
NFD, 0.4106
NFE, 0.1778
NFK, 0.644
NFR, 0.7896
NIA, 0.4704
NIC, 0.3004
NIF, 0.3454
NII, 0.2816
NIL, 0.056
NIM, 0.3382
NIV, 0.1846
NIW, 0.1158
NIH, 0.3056
NIN, 0.4184
NIQ, 0.3806
NIS, 0.1122
NIT, 0.7296
NIY, 0.2886
NIG, 0.433
NIP, 0.4354
NID, 0.513
NIE, 0.0
NIK, 0.0
NIR, 0.3704
NLA, 0.691
NLC, 0.5562
NLF, 0.3778
NLI, 0.0278
NLL, 0.032
NLM, 0.3744
NLV, 0.0754
NLW, 0.483
NLH, 0.0
NLN, 0.2196
NLQ, 0.2686
NLS, 0.3394
NLT, 0.7692
NLY, 0.7452
NLG, 0.1794
NLP, 0.2334
NLD, 0.209
NLE, 0.1896
NLK, 0.3932
NLR, 0.7676
NMA, 0.4298
NMC, 0.2484
NMF, 0.1462
NMI, 0.1586
NML, 0.0418
NMM, 0.4862
NMV, 0.1638
NMW, 0.146
NMH, 0.0866
NMN, 0.0
NMQ, 0.6108
NMS, 0.526
NMT, 0.0412
NMY, 0.381
NMG, 0.0
NMP, 0.2126
NMD, 0.4026
NME, 0.2514
NMK, 0.448
NMR, 0.4016
NVA, 0.5592
NVC, 0.6382
NVF, 0.3152
NVI, 0.9242
NVL, 0.209
NVM, 0.837
NVV, 0.4904
NVW, 0.699
NVH, 0.0316
NVN, 0.3118
NVQ, 0.2662
NVS, 0.1406
NVT, 0.3902
NVY, 0.316
NVG, 0.003
NVP, 0.0
NVD, 0.3786
NVE, 0.027
NVK, 0.024
NVR, 0.3006
NWA, 0.2264
NWC, 0.0718
NWF, 0.0416
NWI, 0.1678
NWL, 0.1068
NWM, 0.3194
NWV, 0.0476
NWW, 0.1966
NWH, 0.3544
NWN, 0.4236
NWQ, 0.6766
NWS, 0.4276
NWT, 0.4502
NWY, 0.4464
NWG, 0.398
NWP, 0.2246
NWD, 0.2816
NWE, 0.1988
NWK, 0.1938
NWR, 0.1632
NHA, 0.0882
NHC, 0.1652
NHF, 0.2666
NHI, 0.26
NHL, 0.2228
NHM, 0.0252
NHV, 0.3558
NHW, 0.248
NHH, 0.4788
NHN, 0.3108
NHQ, 0.633
NHS, 0.332
NHT, 0.4166
NHY, 0.0448
NHG, 0.1144
NHP, 0.5942
NHD, 0.5732
NHE, 0.4612
NHK, 0.7994
NHR, 0.0308
NNA, 0.231
NNC, 0.3806
NNF, 0.4588
NNI, 0.1316
NNL, 0.3394
NNM, 0.2424
NNV, 0.2424
NNW, 0.1632
NNH, 0.2442
NNN, 0.2214
NNQ, 0.0
NNS, 0.6776
NNT, 0.3882
NNY, 0.6786
NNG, 0.0564
NNP, 0.424
NND, 0.0814
NNE, 0.0714
NNK, 0.134
NNR, 0.171
NQA, 0.1504
NQC, 0.3216
NQF, 0.1574
NQI, 0.0068
NQL, 0.347
NQM, 0.571
NQV, 0.4982
NQW, 0.0506
NQH, 0.0474
NQN, 0.6866
NQQ, 0.3182
NQS, 0.1038
NQT, 0.1946
NQY, 0.4272
NQG, 0.4868
NQP, 0.714
NQD, 0.1266
NQE, 0.2484
NQK, 0.1532
NQR, 0.6356
NSA, 0.6166
NSC, 0.1698
NSF, 0.6258
NSI, 0.1572
NSL, 0.3096
NSM, 0.2594
NSV, 0.281
NSW, 0.638
NSH, 0.0874
NSN, 0.1664
NSQ, 0.1668
NSS, 0.449
NST, 0.3452
NSY, 0.0454
NSG, 0.3504
NSP, 0.5012
NSD, 0.4314
NSE, 0.0
NSK, 0.1154
NSR, 0.6734
NTA, 0.3862
NTC, 0.0014
NTF, 0.1886
NTI, 0.4348
NTL, 0.8178
NTM, 0.3506
NTV, 0.1094
NTW, 0.0626
NTH, 0.1864
NTN, 0.2422
NTQ, 0.3434
NTS, 0.243
NTT, 0.3296
NTY, 0.0
NTG, 0.2682
NTP, 0.5114
NTD, 0.2058
NTE, 0.2132
NTK, 0.2894
NTR, 0.2474
NYA, 0.4434
NYC, 0.2
NYF, 0.5086
NYI, 0.5268
NYL, 0.144
NYM, 0.0902
NYV, 0.4316
NYW, 0.6494
NYH, 0.5674
NYN, 0.0042
NYQ, 0.2372
NYS, 0.2656
NYT, 0.0
NYY, 0.1772
NYG, 0.0198
NYP, 0.0
NYD, 0.1322
NYE, 0.323
NYK, 0.0
NYR, 0.3594
NGA, 0.873
NGC, 0.062
NGF, 0.2226
NGI, 0.0448
NGL, 0.3284
NGM, 0.0498
NGV, 0.0
NGW, 0.4018
NGH, 0.233
NGN, 0.6536
NGQ, 0.4582
NGS, 0.1406
NGT, 0.1668
NGY, 0.0262
NGG, 0.3548
NGP, 0.4136
NGD, 0.3938
NGE, 0.1382
NGK, 0.1434
NGR, 0.116
NPA, 0.2228
NPC, 0.1762
NPF, 0.3236
NPI, 0.326
NPL, 0.1078
NPM, 0.2566
NPV, 0.2884
NPW, 0.084
NPH, 0.4356
NPN, 0.14
NPQ, 0.2174
NPS, 0.0298
NPT, 0.413
NPY, 0.4592
NPG, 0.7528
NPP, 0.2482
NPD, 0.0446
NPE, 0.0914
NPK, 0.0698
NPR, 0.0562
NDA, 0.2588
NDC, 0.217
NDF, 0.4112
NDI, 0.4188
NDL, 0.1332
NDM, 0.2146
NDV, 0.2564
NDW, 0.0446
NDH, 0.3964
NDN, 0.0
NDQ, 0.0194
NDS, 0.5854
NDT, 0.3234
NDY, 0.5558
NDG, 0.3464
NDP, 0.0988
NDD, 0.1232
NDE, 0.0584
NDK, 0.4616
NDR, 0.5604
NEA, 0.5204
NEC, 0.1108
NEF, 0.0146
NEI, 0.136
NEL, 0.05
NEM, 0.0874
NEV, 0.374
NEW, 0.2764
NEH, 0.3592
NEN, 0.0944
NEQ, 0.7574
NES, 0.5662
NET, 0.2648
NEY, 0.1576
NEG, 0.2268
NEP, 0.0682
NED, 0.4194
NEE, 0.368
NEK, 0.0428
NER, 0.1974
NKA, 0.2522
NKC, 0.1646
NKF, 0.6196
NKI, 0.4708
NKL, 0.5914
NKM, 0.1254
NKV, 0.5874
NKW, 0.5444
NKH, 0.0
NKN, 0.1356
NKQ, 0.1358
NKS, 0.0
NKT, 0.075
NKY, 0.3886
NKG, 0.5008
NKP, 0.3456
NKD, 0.6608
NKE, 0.8176
NKK, 0.0372
NKR, 0.0272
NRA, 0.2618
NRC, 0.5852
NRF, 0.063
NRI, 0.0122
NRL, 0.1388
NRM, 0.0
NRV, 0.2382
NRW, 0.2706
NRH, 0.0424
NRN, 0.4358
NRQ, 0.3522
NRS, 0.1098
NRT, 0.2892
NRY, 0.5072
NRG, 0.0
NRP, 0.5854
NRD, 0.3936
NRE, 0.187
NRK, 0.0336
NRR, 0.4238
QAA, 0.2962
QAC, 0.0
QAF, 0.4082
QAI, 0.4094
QAL, 0.0
QAM, 0.069
QAV, 0.09
QAW, 0.1836
QAH, 0.1556
QAN, 0.3406
QAQ, 0.6874
QAS, 0.567
QAT, 0.2552
QAY, 0.1076
QAG, 0.2872
QAP, 0.3326
QAD, 0.3736
QAE, 0.4696
QAK, 0.2266
QAR, 0.0906
QCA, 0.0802
QCC, 0.1342
QCF, 0.257
QCI, 0.3548
QCL, 0.4232
QCM, 0.0134
QCV, 0.3324
QCW, 0.0562
QCH, 0.209
QCN, 0.2552
QCQ, 0.5886
QCS, 0.2742
QCT, 0.1446
QCY, 0.1158
QCG, 0.3668
QCP, 0.344
QCD, 0.0774
QCE, 0.2286
QCK, 0.0118
QCR, 0.3616
QFA, 0.4204
QFC, 0.4546
QFF, 0.144
QFI, 0.4122
QFL, 0.0026
QFM, 0.1246
QFV, 0.2762
QFW, 0.227
QFH, 0.3446
QFN, 0.1996
QFQ, 0.166
QFS, 0.1254
QFT, 0.2184
QFY, 0.4524
QFG, 0.2984
QFP, 0.4144
QFD, 0.162
QFE, 0.4888
QFK, 0.332
QFR, 0.3668
QIA, 0.3464
QIC, 0.372
QIF, 0.7182
QII, 0.0934
QIL, 0.0972
QIM, 0.0978
QIV, 0.0342
QIW, 0.0542
QIH, 0.2822
QIN, 0.1744
QIQ, 0.252
QIS, 0.0718
QIT, 0.1396
QIY, 0.1638
QIG, 0.3338
QIP, 0.3248
QID, 0.3124
QIE, 0.1886
QIK, 0.0176
QIR, 0.2148
QLA, 0.5402
QLC, 0.3412
QLF, 0.0
QLI, 0.2844
QLL, 0.5624
QLM, 0.1824
QLV, 0.0904
QLW, 0.005
QLH, 0.1708
QLN, 0.0552
QLQ, 0.3754
QLS, 0.1478
QLT, 0.4142
QLY, 0.0536
QLG, 0.297
QLP, 0.3136
QLD, 0.4134
QLE, 0.0
QLK, 0.2236
QLR, 0.1866
QMA, 0.2756
QMC, 0.2042
QMF, 0.0
QMI, 0.4138
QML, 0.6578
QMM, 0.0048
QMV, 0.2296
QMW, 0.0826
QMH, 0.0
QMN, 0.5534
QMQ, 0.0634
QMS, 0.1034
QMT, 0.0
QMY, 0.13
QMG, 0.0838
QMP, 0.2528
QMD, 0.1006
QME, 0.3102
QMK, 0.0436
QMR, 0.1462
QVA, 0.9242
QVC, 0.0192
QVF, 0.2304
QVI, 0.3466
QVL, 0.2934
QVM, 0.0868
QVV, 0.0618
QVW, 0.0
QVH, 0.1678
QVN, 0.353
QVQ, 0.264
QVS, 0.544
QVT, 0.4514
QVY, 0.1022
QVG, 0.3422
QVP, 0.1962
QVD, 0.13
QVE, 0.0992
QVK, 0.451
QVR, 0.6132
QWA, 0.215
QWC, 0.0576
QWF, 0.1496
QWI, 0.314
QWL, 0.1758
QWM, 0.0
QWV, 0.4096
QWW, 0.0578
QWH, 0.2456
QWN, 0.0102
QWQ, 0.291
QWS, 0.203
QWT, 0.3096
QWY, 0.205
QWG, 0.1422
QWP, 0.4668
QWD, 0.579
QWE, 0.0002
QWK, 0.3538
QWR, 0.318
QHA, 0.3022
QHC, 0.389
QHF, 0.3172
QHI, 0.126
QHL, 0.169
QHM, 0.1396
QHV, 0.3398
QHW, 0.0074
QHH, 0.0
QHN, 0.1532
QHQ, 0.3614
QHS, 0.1886
QHT, 0.0368
QHY, 0.3634
QHG, 0.5176
QHP, 0.6172
QHD, 0.2448
QHE, 0.3834
QHK, 0.2232
QHR, 0.4638
QNA, 0.2302
QNC, 0.2028
QNF, 0.0216
QNI, 0.0928
QNL, 0.4544
QNM, 0.0134
QNV, 0.0
QNW, 0.6704
QNH, 0.191
QNN, 0.4778
QNQ, 0.1634
QNS, 0.0466
QNT, 0.0898
QNY, 0.0432
QNG, 0.0674
QNP, 0.0
QND, 0.0606
QNE, 0.4544
QNK, 0.1872
QNR, 0.354
QQA, 0.5778
QQC, 0.3178
QQF, 0.251
QQI, 0.2722
QQL, 0.335
QQM, 0.2222
QQV, 0.0
QQW, 0.1354
QQH, 0.505
QQN, 0.2122
QQQ, 0.6102
QQS, 0.2052
QQT, 0.1628
QQY, 0.2024
QQG, 0.1248
QQP, 0.4498
QQD, 0.2884
QQE, 0.2276
QQK, 0.1744
QQR, 0.2
QSA, 0.4294
QSC, 0.4412
QSF, 0.294
QSI, 0.6542
QSL, 0.1034
QSM, 0.147
QSV, 0.5526
QSW, 0.1996
QSH, 0.3472
QSN, 0.1774
QSQ, 0.3024
QSS, 0.4512
QST, 0.047
QSY, 0.4958
QSG, 0.3992
QSP, 0.043
QSD, 0.1568
QSE, 0.5674
QSK, 0.0698
QSR, 0.4724
QTA, 0.476
QTC, 0.3108
QTF, 0.1778
QTI, 0.17
QTL, 0.2984
QTM, 0.6036
QTV, 0.1914
QTW, 0.1082
QTH, 0.2612
QTN, 0.0582
QTQ, 0.3588
QTS, 0.4972
QTT, 0.0104
QTY, 0.473
QTG, 0.335
QTP, 0.4352
QTD, 0.5854
QTE, 0.1314
QTK, 0.3528
QTR, 0.4634
QYA, 0.1562
QYC, 0.0556
QYF, 0.0682
QYI, 0.0
QYL, 0.119
QYM, 0.2192
QYV, 0.1406
QYW, 0.2704
QYH, 0.4278
QYN, 0.2224
QYQ, 0.0274
QYS, 0.038
QYT, 0.0
QYY, 0.3436
QYG, 0.2726
QYP, 0.562
QYD, 0.3262
QYE, 0.1526
QYK, 0.139
QYR, 0.3898
QGA, 0.1172
QGC, 0.045
QGF, 0.4974
QGI, 0.218
QGL, 0.0
QGM, 0.201
QGV, 0.0926
QGW, 0.1996
QGH, 0.059
QGN, 0.02
QGQ, 0.502
QGS, 0.201
QGT, 0.6414
QGY, 0.5186
QGG, 0.4926
QGP, 0.2178
QGD, 0.1006
QGE, 0.4114
QGK, 0.1688
QGR, 0.3438
QPA, 0.1508
QPC, 0.1148
QPF, 0.117
QPI, 0.2196
QPL, 0.4254
QPM, 0.301
QPV, 0.052
QPW, 0.0584
QPH, 0.2196
QPN, 0.2154
QPQ, 0.0
QPS, 0.0688
QPT, 0.3838
QPY, 0.4632
QPG, 0.4506
QPP, 0.0
QPD, 0.5104
QPE, 0.5692
QPK, 0.1346
QPR, 0.1136
QDA, 0.513
QDC, 0.0
QDF, 0.0
QDI, 0.1632
QDL, 0.632
QDM, 0.3364
QDV, 0.212
QDW, 0.0414
QDH, 0.276
QDN, 0.4882
QDQ, 0.0
QDS, 0.4006
QDT, 0.3592
QDY, 0.3172
QDG, 0.1184
QDP, 0.651
QDD, 0.0848
QDE, 0.0
QDK, 0.3956
QDR, 0.296
QEA, 0.5018
QEC, 0.4368
QEF, 0.2334
QEI, 0.132
QEL, 0.1714
QEM, 0.1384
QEV, 0.3692
QEW, 0.4854
QEH, 0.459
QEN, 0.051
QEQ, 0.0
QES, 0.0974
QET, 0.0944
QEY, 0.159
QEG, 0.061
QEP, 0.146
QED, 0.7158
QEE, 0.0
QEK, 0.0278
QER, 0.7012
QKA, 0.859
QKC, 0.5362
QKF, 0.428
QKI, 0.0664
QKL, 0.607
QKM, 0.249
QKV, 0.5044
QKW, 0.5584
QKH, 0.2856
QKN, 0.2856
QKQ, 0.2968
QKS, 0.2792
QKT, 0.412
QKY, 0.1886
QKG, 0.369
QKP, 0.4278
QKD, 0.3072
QKE, 0.1626
QKK, 0.3384
QKR, 0.213
QRA, 0.4026
QRC, 0.5666
QRF, 0.4536
QRI, 0.2846
QRL, 0.0964
QRM, 0.0
QRV, 0.157
QRW, 0.3446
QRH, 0.3018
QRN, 0.075
QRQ, 0.0034
QRS, 0.2606
QRT, 0.0608
QRY, 0.0578
QRG, 0.2394
QRP, 0.851
QRD, 0.0
QRE, 0.236
QRK, 0.262
QRR, 0.25
SAA, 0.3086
SAC, 0.0068
SAF, 0.0618
SAI, 0.3536
SAL, 0.2904
SAM, 0.2164
SAV, 0.4648
SAW, 0.6634
SAH, 0.169
SAN, 0.2604
SAQ, 0.0738
SAS, 0.6426
SAT, 0.0258
SAY, 0.4628
SAG, 0.161
SAP, 0.2994
SAD, 0.094
SAE, 0.2508
SAK, 0.0
SAR, 0.102
SCA, 0.2722
SCC, 0.2072
SCF, 0.2132
SCI, 0.1774
SCL, 0.2576
SCM, 0.273
SCV, 0.1976
SCW, 0.3006
SCH, 0.0884
SCN, 0.3636
SCQ, 0.1626
SCS, 0.182
SCT, 0.6462
SCY, 0.5298
SCG, 0.0162
SCP, 0.3994
SCD, 0.1494
SCE, 0.071
SCK, 0.1082
SCR, 0.7984
SFA, 0.4496
SFC, 0.3714
SFF, 0.4934
SFI, 0.3214
SFL, 0.4796
SFM, 0.104
SFV, 0.3914
SFW, 0.3888
SFH, 0.5694
SFN, 0.3912
SFQ, 0.66
SFS, 0.0
SFT, 0.2534
SFY, 0.2448
SFG, 0.3492
SFP, 0.152
SFD, 0.4784
SFE, 0.0702
SFK, 0.3654
SFR, 0.5718
SIA, 0.0
SIC, 0.6026
SIF, 0.1876
SII, 0.1344
SIL, 0.0034
SIM, 0.0966
SIV, 0.1812
SIW, 0.2456
SIH, 0.0
SIN, 0.0902
SIQ, 0.0362
SIS, 0.1596
SIT, 0.0016
SIY, 0.3982
SIG, 0.1742
SIP, 0.2382
SID, 0.2892
SIE, 0.0194
SIK, 0.0954
SIR, 0.0836
SLA, 0.175
SLC, 0.3416
SLF, 0.8196
SLI, 0.4616
SLL, 0.0582
SLM, 0.3402
SLV, 0.5574
SLW, 0.0454
SLH, 0.1194
SLN, 0.207
SLQ, 0.2812
SLS, 0.4994
SLT, 0.6164
SLY, 0.3118
SLG, 0.6616
SLP, 0.0
SLD, 0.1028
SLE, 0.3798
SLK, 0.4124
SLR, 0.395
SMA, 0.1786
SMC, 0.695
SMF, 0.0428
SMI, 0.1188
SML, 0.1126
SMM, 0.221
SMV, 0.5956
SMW, 0.2126
SMH, 0.2626
SMN, 0.54
SMQ, 0.5512
SMS, 0.1202
SMT, 0.1578
SMY, 0.2544
SMG, 0.4136
SMP, 0.237
SMD, 0.0094
SME, 0.1354
SMK, 0.0932
SMR, 0.2504
SVA, 0.2158
SVC, 0.1564
SVF, 0.1222
SVI, 0.5022
SVL, 0.4008
SVM, 0.677
SVV, 0.3276
SVW, 0.394
SVH, 0.411
SVN, 0.5314
SVQ, 0.6602
SVS, 0.343
SVT, 0.4288
SVY, 0.062
SVG, 0.4922
SVP, 0.2084
SVD, 0.3914
SVE, 0.0706
SVK, 0.4468
SVR, 0.2906
SWA, 0.3402
SWC, 0.0856
SWF, 0.3582
SWI, 0.0504
SWL, 0.3746
SWM, 0.1092
SWV, 0.1072
SWW, 0.082
SWH, 0.2014
SWN, 0.2452
SWQ, 0.6188
SWS, 0.0
SWT, 0.5988
SWY, 0.0738
SWG, 0.1652
SWP, 0.2966
SWD, 0.402
SWE, 0.315
SWK, 0.049
SWR, 0.0364
SHA, 0.7344
SHC, 0.1302
SHF, 0.3642
SHI, 0.5322
SHL, 0.257
SHM, 0.111
SHV, 0.0
SHW, 0.3652
SHH, 0.2418
SHN, 0.5104
SHQ, 0.0
SHS, 0.2824
SHT, 0.3318
SHY, 0.0
SHG, 0.2864
SHP, 0.288
SHD, 0.1506
SHE, 0.1482
SHK, 0.3754
SHR, 0.2938
SNA, 0.2754
SNC, 0.0456
SNF, 0.4514
SNI, 0.5118
SNL, 0.3016
SNM, 0.0726
SNV, 0.2372
SNW, 0.2728
SNH, 0.3618
SNN, 0.5206
SNQ, 0.3572
SNS, 0.7122
SNT, 0.131
SNY, 0.1196
SNG, 0.0324
SNP, 0.0674
SND, 0.5262
SNE, 0.0814
SNK, 0.485
SNR, 0.3592
SQA, 0.0
SQC, 0.1662
SQF, 0.521
SQI, 0.1098
SQL, 0.6236
SQM, 0.333
SQV, 0.3976
SQW, 0.0
SQH, 0.488
SQN, 0.0476
SQQ, 0.037
SQS, 0.2764
SQT, 0.2314
SQY, 0.0394
SQG, 0.0284
SQP, 0.6558
SQD, 0.1566
SQE, 0.2544
SQK, 0.2672
SQR, 0.3208
SSA, 0.0
SSC, 0.0596
SSF, 0.0804
SSI, 0.138
SSL, 0.1546
SSM, 0.3378
SSV, 0.3134
SSW, 0.26
SSH, 0.2604
SSN, 0.4278
SSQ, 0.2046
SSS, 0.2428
SST, 0.5398
SSY, 0.1364
SSG, 0.3448
SSP, 0.1588
SSD, 0.0964
SSE, 0.2382
SSK, 0.045
SSR, 0.0084
STA, 0.7378
STC, 0.1414
STF, 0.8186
STI, 0.087
STL, 0.1492
STM, 0.1262
STV, 0.236
STW, 0.1862
STH, 0.0476
STN, 0.2622
STQ, 0.0516
STS, 0.2512
STT, 0.3754
STY, 0.1372
STG, 0.6562
STP, 0.23
STD, 0.2038
STE, 0.1344
STK, 0.0
STR, 0.5116
SYA, 0.6658
SYC, 0.3648
SYF, 0.163
SYI, 0.068
SYL, 0.3354
SYM, 0.2894
SYV, 0.0668
SYW, 0.2572
SYH, 0.2136
SYN, 0.5446
SYQ, 0.0
SYS, 0.3188
SYT, 0.6358
SYY, 0.3318
SYG, 0.6994
SYP, 0.3886
SYD, 0.378
SYE, 0.3164
SYK, 0.14
SYR, 0.2132
SGA, 0.1974
SGC, 0.3804
SGF, 0.1766
SGI, 0.1434
SGL, 0.0712
SGM, 0.0
SGV, 0.58
SGW, 0.2314
SGH, 0.0742
SGN, 0.1432
SGQ, 0.7344
SGS, 0.2774
SGT, 0.2422
SGY, 0.6226
SGG, 0.4686
SGP, 0.0808
SGD, 0.0594
SGE, 0.377
SGK, 0.179
SGR, 0.0
SPA, 0.0682
SPC, 0.5588
SPF, 0.025
SPI, 0.4958
SPL, 0.2016
SPM, 0.2838
SPV, 0.1938
SPW, 0.0714
SPH, 0.1886
SPN, 0.072
SPQ, 0.2568
SPS, 0.257
SPT, 0.1354
SPY, 0.151
SPG, 0.1946
SPP, 0.2368
SPD, 0.0
SPE, 0.3024
SPK, 0.156
SPR, 0.0006
SDA, 0.2062
SDC, 0.5894
SDF, 0.4244
SDI, 0.366
SDL, 0.2854
SDM, 0.7062
SDV, 0.0204
SDW, 0.219
SDH, 0.0
SDN, 0.4054
SDQ, 0.3044
SDS, 0.0878
SDT, 0.519
SDY, 0.2472
SDG, 0.3066
SDP, 0.0
SDD, 0.0
SDE, 0.0
SDK, 0.1732
SDR, 0.2218
SEA, 0.2986
SEC, 0.1664
SEF, 0.3624
SEI, 0.0964
SEL, 0.0686
SEM, 0.3192
SEV, 0.3752
SEW, 0.2718
SEH, 0.1814
SEN, 0.2908
SEQ, 0.2016
SES, 0.2448
SET, 0.1706
SEY, 0.4046
SEG, 0.4612
SEP, 0.2152
SED, 0.344
SEE, 0.648
SEK, 0.3626
SER, 0.6412
SKA, 0.0
SKC, 0.1728
SKF, 0.0118
SKI, 0.1374
SKL, 0.2652
SKM, 0.2386
SKV, 0.7946
SKW, 0.0
SKH, 0.288
SKN, 0.2502
SKQ, 0.0
SKS, 0.0604
SKT, 0.4864
SKY, 0.0936
SKG, 0.2176
SKP, 0.1802
SKD, 0.2186
SKE, 0.0988
SKK, 0.2958
SKR, 0.381
SRA, 0.0792
SRC, 0.261
SRF, 0.3924
SRI, 0.496
SRL, 0.1238
SRM, 0.1384
SRV, 0.1458
SRW, 0.2062
SRH, 0.0012
SRN, 0.3318
SRQ, 0.0
SRS, 0.6174
SRT, 0.151
SRY, 0.0994
SRG, 0.524
SRP, 0.483
SRD, 0.3782
SRE, 0.2694
SRK, 0.5066
SRR, 0.357
TAA, 0.0328
TAC, 0.297
TAF, 0.5702
TAI, 0.077
TAL, 0.1886
TAM, 0.2676
TAV, 0.5394
TAW, 0.1778
TAH, 0.7362
TAN, 0.0098
TAQ, 0.2326
TAS, 0.5582
TAT, 0.7364
TAY, 0.2878
TAG, 0.6544
TAP, 0.579
TAD, 0.1434
TAE, 0.4372
TAK, 0.643
TAR, 0.0624
TCA, 0.0996
TCC, 0.2116
TCF, 0.244
TCI, 0.5198
TCL, 0.1254
TCM, 0.3654
TCV, 0.4262
TCW, 0.0888
TCH, 0.344
TCN, 0.4868
TCQ, 0.2132
TCS, 0.8384
TCT, 0.3054
TCY, 0.1778
TCG, 0.0186
TCP, 0.261
TCD, 0.8442
TCE, 0.4372
TCK, 0.0236
TCR, 0.2552
TFA, 0.366
TFC, 0.013
TFF, 0.0
TFI, 0.1932
TFL, 0.3918
TFM, 0.0284
TFV, 0.1442
TFW, 0.5788
TFH, 0.4316
TFN, 0.0572
TFQ, 0.34
TFS, 0.5994
TFT, 0.296
TFY, 0.4186
TFG, 0.2538
TFP, 0.0174
TFD, 0.3696
TFE, 0.1592
TFK, 0.0
TFR, 0.3898
TIA, 0.4814
TIC, 0.058
TIF, 0.1432
TII, 0.1568
TIL, 0.0192
TIM, 0.4154
TIV, 0.253
TIW, 0.0382
TIH, 0.353
TIN, 0.1408
TIQ, 0.5346
TIS, 0.103
TIT, 0.439
TIY, 0.344
TIG, 0.0392
TIP, 0.3426
TID, 0.265
TIE, 0.3944
TIK, 0.7004
TIR, 0.3408
TLA, 0.8526
TLC, 0.097
TLF, 0.1458
TLI, 0.1778
TLL, 0.5608
TLM, 0.487
TLV, 0.041
TLW, 0.478
TLH, 0.2854
TLN, 0.3446
TLQ, 0.5508
TLS, 0.2478
TLT, 0.6388
TLY, 0.3336
TLG, 0.4822
TLP, 0.7426
TLD, 0.2454
TLE, 0.1418
TLK, 0.0534
TLR, 0.3974
TMA, 0.7142
TMC, 0.6024
TMF, 0.1824
TMI, 0.3172
TML, 0.1406
TMM, 0.3386
TMV, 0.0
TMW, 0.5794
TMH, 0.4482
TMN, 0.4046
TMQ, 0.2738
TMS, 0.1072
TMT, 0.5568
TMY, 0.377
TMG, 0.2886
TMP, 0.3602
TMD, 0.1368
TME, 0.134
TMK, 0.6028
TMR, 0.4194
TVA, 0.0
TVC, 0.317
TVF, 0.3356
TVI, 0.1822
TVL, 0.342
TVM, 0.346
TVV, 0.3288
TVW, 0.3796
TVH, 0.0566
TVN, 0.6492
TVQ, 0.122
TVS, 0.0
TVT, 0.1496
TVY, 0.2218
TVG, 0.4982
TVP, 0.2488
TVD, 0.4802
TVE, 0.0126
TVK, 0.7816
TVR, 0.5944
TWA, 0.2948
TWC, 0.847
TWF, 0.012
TWI, 0.4432
TWL, 0.0408
TWM, 0.0
TWV, 0.139
TWW, 0.262
TWH, 0.3016
TWN, 0.1534
TWQ, 0.1344
TWS, 0.316
TWT, 0.2856
TWY, 0.2328
TWG, 0.4692
TWP, 0.3492
TWD, 0.3038
TWE, 0.5284
TWK, 0.3964
TWR, 0.4498
THA, 0.1736
THC, 0.079
THF, 0.522
THI, 0.356
THL, 0.3478
THM, 0.161
THV, 0.2396
THW, 0.4134
THH, 0.3498
THN, 0.4176
THQ, 0.2114
THS, 0.501
THT, 0.0628
THY, 0.1732
THG, 0.3712
THP, 0.153
THD, 0.2574
THE, 0.0034
THK, 0.042
THR, 0.1912
TNA, 0.3384
TNC, 0.0602
TNF, 0.6196
TNI, 0.09
TNL, 0.4214
TNM, 0.3778
TNV, 0.2052
TNW, 0.4398
TNH, 0.2066
TNN, 0.2918
TNQ, 0.035
TNS, 0.0926
TNT, 0.2394
TNY, 0.0
TNG, 0.2424
TNP, 0.0964
TND, 0.2364
TNE, 0.0736
TNK, 0.3
TNR, 0.1192
TQA, 0.242
TQC, 0.0492
TQF, 0.0
TQI, 0.351
TQL, 0.3686
TQM, 0.1278
TQV, 0.0
TQW, 0.0
TQH, 0.211
TQN, 0.1518
TQQ, 0.4772
TQS, 0.3678
TQT, 0.6758
TQY, 0.5794
TQG, 0.517
TQP, 0.3434
TQD, 0.2794
TQE, 0.1846
TQK, 0.3674
TQR, 0.236
TSA, 0.286
TSC, 0.1616
TSF, 0.4624
TSI, 0.0794
TSL, 0.0906
TSM, 0.0266
TSV, 0.1174
TSW, 0.5406
TSH, 0.1096
TSN, 0.1516
TSQ, 0.3
TSS, 0.0
TST, 0.4364
TSY, 0.128
TSG, 0.2622
TSP, 0.421
TSD, 0.2366
TSE, 0.118
TSK, 0.1518
TSR, 0.642
TTA, 0.0396
TTC, 0.2914
TTF, 0.0
TTI, 0.0948
TTL, 0.3724
TTM, 0.4804
TTV, 0.564
TTW, 0.1494
TTH, 0.0
TTN, 0.4024
TTQ, 0.1076
TTS, 0.2562
TTT, 0.5054
TTY, 0.4762
TTG, 0.4642
TTP, 0.0758
TTD, 0.1286
TTE, 0.2672
TTK, 0.4274
TTR, 0.273
TYA, 0.1404
TYC, 0.3658
TYF, 0.3342
TYI, 0.395
TYL, 0.25
TYM, 0.382
TYV, 0.3062
TYW, 0.3026
TYH, 0.213
TYN, 0.4824
TYQ, 0.1588
TYS, 0.058
TYT, 0.0
TYY, 0.8218
TYG, 0.26
TYP, 0.3076
TYD, 0.4798
TYE, 0.45
TYK, 0.1244
TYR, 0.0876
TGA, 0.5154
TGC, 0.2292
TGF, 0.1618
TGI, 0.1318
TGL, 0.1504
TGM, 0.0622
TGV, 0.0678
TGW, 0.3258
TGH, 0.0852
TGN, 0.3604
TGQ, 0.2178
TGS, 0.01
TGT, 0.0506
TGY, 0.0636
TGG, 0.178
TGP, 0.564
TGD, 0.5794
TGE, 0.6226
TGK, 0.3754
TGR, 0.0
TPA, 0.3296
TPC, 0.0
TPF, 0.1846
TPI, 0.005
TPL, 0.0434
TPM, 0.2154
TPV, 0.3746
TPW, 0.3372
TPH, 0.1774
TPN, 0.2966
TPQ, 0.3016
TPS, 0.005
TPT, 0.205
TPY, 0.1576
TPG, 0.0676
TPP, 0.6294
TPD, 0.3904
TPE, 0.2668
TPK, 0.4498
TPR, 0.0368
TDA, 0.5812
TDC, 0.1928
TDF, 0.0936
TDI, 0.3134
TDL, 0.562
TDM, 0.1786
TDV, 0.2748
TDW, 0.0098
TDH, 0.3712
TDN, 0.2184
TDQ, 0.3998
TDS, 0.3238
TDT, 0.6592
TDY, 0.1008
TDG, 0.4886
TDP, 0.2738
TDD, 0.498
TDE, 0.6988
TDK, 0.1526
TDR, 0.3042
TEA, 0.1922
TEC, 0.121
TEF, 0.2448
TEI, 0.1634
TEL, 0.418
TEM, 0.9086
TEV, 0.3002
TEW, 0.204
TEH, 0.3152
TEN, 0.2732
TEQ, 0.3622
TES, 0.2882
TET, 0.1274
TEY, 0.2876
TEG, 0.168
TEP, 0.3842
TED, 0.089
TEE, 0.6456
TEK, 0.079
TER, 0.0136
TKA, 0.1712
TKC, 0.0
TKF, 0.2976
TKI, 0.6578
TKL, 0.397
TKM, 0.119
TKV, 0.6266
TKW, 0.3552
TKH, 0.1864
TKN, 0.0534
TKQ, 0.437
TKS, 0.2866
TKT, 0.6544
TKY, 0.3886
TKG, 0.1434
TKP, 0.2256
TKD, 0.0712
TKE, 0.3364
TKK, 0.11
TKR, 0.385
TRA, 0.072
TRC, 0.206
TRF, 0.5596
TRI, 0.4526
TRL, 0.0708
TRM, 0.415
TRV, 0.2816
TRW, 0.4802
TRH, 0.0966
TRN, 0.4246
TRQ, 0.1418
TRS, 0.8628
TRT, 0.0332
TRY, 0.0786
TRG, 0.2384
TRP, 0.2
TRD, 0.0
TRE, 0.1538
TRK, 0.2082
TRR, 0.2622
YAA, 0.5644
YAC, 0.0948
YAF, 0.2034
YAI, 0.0
YAL, 0.265
YAM, 0.0
YAV, 0.218
YAW, 0.3516
YAH, 0.1692
YAN, 0.3652
YAQ, 0.0986
YAS, 0.3828
YAT, 0.0556
YAY, 0.1862
YAG, 0.592
YAP, 0.1222
YAD, 0.3124
YAE, 0.1762
YAK, 0.4842
YAR, 0.1038
YCA, 0.3176
YCC, 0.022
YCF, 0.6932
YCI, 0.2428
YCL, 0.4306
YCM, 0.1842
YCV, 0.197
YCW, 0.3568
YCH, 0.1752
YCN, 0.0
YCQ, 0.4098
YCS, 0.3906
YCT, 0.4488
YCY, 0.099
YCG, 0.2204
YCP, 0.4774
YCD, 0.5178
YCE, 0.395
YCK, 0.1516
YCR, 0.2368
YFA, 0.2564
YFC, 0.1232
YFF, 0.5848
YFI, 0.2414
YFL, 0.1412
YFM, 0.028
YFV, 0.5142
YFW, 0.2208
YFH, 0.0
YFN, 0.3636
YFQ, 0.6496
YFS, 0.0284
YFT, 0.4456
YFY, 0.1578
YFG, 0.361
YFP, 0.2104
YFD, 0.2862
YFE, 0.1948
YFK, 0.1754
YFR, 0.3632
YIA, 0.1002
YIC, 0.3248
YIF, 0.084
YII, 0.628
YIL, 0.4856
YIM, 0.4318
YIV, 0.1118
YIW, 0.4174
YIH, 0.06
YIN, 0.0694
YIQ, 0.2512
YIS, 0.2844
YIT, 0.5836
YIY, 0.4074
YIG, 0.2112
YIP, 0.2548
YID, 0.132
YIE, 0.083
YIK, 0.0372
YIR, 0.0504
YLA, 0.4136
YLC, 0.6354
YLF, 0.1998
YLI, 0.3006
YLL, 0.6864
YLM, 0.2554
YLV, 0.4968
YLW, 0.276
YLH, 0.1982
YLN, 0.0808
YLQ, 0.2498
YLS, 0.294
YLT, 0.7448
YLY, 0.0
YLG, 0.3776
YLP, 0.2062
YLD, 0.238
YLE, 0.2686
YLK, 0.2182
YLR, 0.0004
YMA, 0.2926
YMC, 0.4964
YMF, 0.242
YMI, 0.198
YML, 0.3094
YMM, 0.3126
YMV, 0.4182
YMW, 0.116
YMH, 0.0998
YMN, 0.2424
YMQ, 0.1742
YMS, 0.1318
YMT, 0.0312
YMY, 0.2102
YMG, 0.2176
YMP, 0.281
YMD, 0.1886
YME, 0.4384
YMK, 0.3118
YMR, 0.3304
YVA, 0.0512
YVC, 0.3596
YVF, 0.1426
YVI, 0.0728
YVL, 0.3454
YVM, 0.0188
YVV, 0.4016
YVW, 0.3972
YVH, 0.6958
YVN, 0.2902
YVQ, 0.0414
YVS, 0.7342
YVT, 0.0834
YVY, 0.5354
YVG, 0.539
YVP, 0.0324
YVD, 0.2248
YVE, 0.1432
YVK, 0.8284
YVR, 0.3996
YWA, 0.181
YWC, 0.3982
YWF, 0.4816
YWI, 0.2302
YWL, 0.2088
YWM, 0.3166
YWV, 0.1464
YWW, 0.1362
YWH, 0.3218
YWN, 0.079
YWQ, 0.3948
YWS, 0.2012
YWT, 0.4066
YWY, 0.567
YWG, 0.3538
YWP, 0.211
YWD, 0.1002
YWE, 0.0106
YWK, 0.6276
YWR, 0.4598
YHA, 0.1222
YHC, 0.945
YHF, 0.1984
YHI, 0.3944
YHL, 0.1546
YHM, 0.2582
YHV, 0.0386
YHW, 0.2192
YHH, 0.0146
YHN, 0.5878
YHQ, 0.0542
YHS, 0.3042
YHT, 0.1824
YHY, 0.246
YHG, 0.624
YHP, 0.7808
YHD, 0.0922
YHE, 0.0
YHK, 0.0478
YHR, 0.394
YNA, 0.085
YNC, 0.3418
YNF, 0.4372
YNI, 0.3478
YNL, 0.2576
YNM, 0.4136
YNV, 0.89
YNW, 0.1566
YNH, 0.1056
YNN, 0.044
YNQ, 0.3128
YNS, 0.2978
YNT, 0.0922
YNY, 0.348
YNG, 0.3608
YNP, 0.1422
YND, 0.1684
YNE, 0.1156
YNK, 0.0
YNR, 0.004
YQA, 0.2514
YQC, 0.2892
YQF, 0.0948
YQI, 0.3388
YQL, 0.1142
YQM, 0.1196
YQV, 0.2634
YQW, 0.2942
YQH, 0.0594
YQN, 0.0884
YQQ, 0.5912
YQS, 0.0
YQT, 0.179
YQY, 0.4006
YQG, 0.25
YQP, 0.2652
YQD, 0.3134
YQE, 0.0
YQK, 0.0
YQR, 0.0234
YSA, 0.3182
YSC, 0.285
YSF, 0.1224
YSI, 0.4564
YSL, 0.4098
YSM, 0.5854
YSV, 0.3734
YSW, 0.012
YSH, 0.059
YSN, 0.418
YSQ, 0.4644
YSS, 0.3832
YST, 0.5466
YSY, 0.3016
YSG, 0.2278
YSP, 0.5636
YSD, 0.3142
YSE, 0.211
YSK, 0.3344
YSR, 0.3952
YTA, 0.2304
YTC, 0.4732
YTF, 0.2588
YTI, 0.2936
YTL, 0.0846
YTM, 0.3434
YTV, 0.4678
YTW, 0.0254
YTH, 0.3764
YTN, 0.0142
YTQ, 0.2524
YTS, 0.23
YTT, 0.1728
YTY, 0.036
YTG, 0.4046
YTP, 0.5616
YTD, 0.1174
YTE, 0.1582
YTK, 0.2978
YTR, 0.2044
YYA, 0.305
YYC, 0.189
YYF, 0.0648
YYI, 0.587
YYL, 0.2558
YYM, 0.4594
YYV, 0.3394
YYW, 0.1816
YYH, 0.291
YYN, 0.073
YYQ, 0.0838
YYS, 0.121
YYT, 0.0534
YYY, 0.2276
YYG, 0.6918
YYP, 0.2946
YYD, 0.0234
YYE, 0.3518
YYK, 0.0494
YYR, 0.1938
YGA, 0.6262
YGC, 0.5394
YGF, 0.517
YGI, 0.0304
YGL, 0.2974
YGM, 0.1006
YGV, 0.3014
YGW, 0.104
YGH, 0.0216
YGN, 0.138
YGQ, 0.0
YGS, 0.0902
YGT, 0.0966
YGY, 0.2212
YGG, 0.0
YGP, 0.0644
YGD, 0.3344
YGE, 0.0072
YGK, 0.1586
YGR, 0.0
YPA, 0.3192
YPC, 0.3168
YPF, 0.2302
YPI, 0.5328
YPL, 0.0644
YPM, 0.3028
YPV, 0.0378
YPW, 0.0904
YPH, 0.0516
YPN, 0.1562
YPQ, 0.0532
YPS, 0.0582
YPT, 0.116
YPY, 0.1678
YPG, 0.3618
YPP, 0.0032
YPD, 0.4472
YPE, 0.1742
YPK, 0.1594
YPR, 0.4148
YDA, 0.5426
YDC, 0.4498
YDF, 0.0106
YDI, 0.1658
YDL, 0.0034
YDM, 0.281
YDV, 0.5786
YDW, 0.2384
YDH, 0.121
YDN, 0.2082
YDQ, 0.0686
YDS, 0.1964
YDT, 0.4006
YDY, 0.665
YDG, 0.1888
YDP, 0.026
YDD, 0.116
YDE, 0.13
YDK, 0.075
YDR, 0.4502
YEA, 0.0564
YEC, 0.3306
YEF, 0.0122
YEI, 0.4822
YEL, 0.1782
YEM, 0.0
YEV, 0.2754
YEW, 0.0
YEH, 0.247
YEN, 0.1526
YEQ, 0.2672
YES, 0.198
YET, 0.0344
YEY, 0.4514
YEG, 0.0738
YEP, 0.3356
YED, 0.5594
YEE, 0.3014
YEK, 0.3266
YER, 0.013
YKA, 0.7122
YKC, 0.5774
YKF, 0.5976
YKI, 0.293
YKL, 0.1616
YKM, 0.6128
YKV, 0.0996
YKW, 0.0
YKH, 0.1086
YKN, 0.2182
YKQ, 0.1062
YKS, 0.0
YKT, 0.2658
YKY, 0.4036
YKG, 0.1476
YKP, 0.0518
YKD, 0.0
YKE, 0.5892
YKK, 0.2948
YKR, 0.2062
YRA, 0.0508
YRC, 0.1536
YRF, 0.5422
YRI, 0.1946
YRL, 0.2658
YRM, 0.1324
YRV, 0.3884
YRW, 0.124
YRH, 0.2168
YRN, 0.5462
YRQ, 0.0
YRS, 0.1136
YRT, 0.006
YRY, 0.1442
YRG, 0.485
YRP, 0.2032
YRD, 0.2468
YRE, 0.0238
YRK, 0.115
YRR, 0.8938
GAA, 0.4216
GAC, 0.4342
GAF, 0.0
GAI, 0.0302
GAL, 0.4154
GAM, 0.348
GAV, 0.8158
GAW, 0.051
GAH, 0.2414
GAN, 0.106
GAQ, 0.5094
GAS, 0.0
GAT, 0.0
GAY, 0.268
GAG, 0.884
GAP, 0.1638
GAD, 0.4258
GAE, 0.5062
GAK, 0.358
GAR, 0.367
GCA, 0.2374
GCC, 0.1064
GCF, 0.6112
GCI, 0.1108
GCL, 0.0348
GCM, 0.4292
GCV, 0.0884
GCW, 0.17
GCH, 0.1884
GCN, 0.1152
GCQ, 0.033
GCS, 0.588
GCT, 0.2566
GCY, 0.322
GCG, 0.4804
GCP, 0.3272
GCD, 0.0
GCE, 0.2716
GCK, 0.1962
GCR, 0.214
GFA, 0.0374
GFC, 0.0058
GFF, 0.0598
GFI, 0.5514
GFL, 0.0304
GFM, 0.2754
GFV, 0.1004
GFW, 0.4644
GFH, 0.2376
GFN, 0.032
GFQ, 0.5582
GFS, 0.3974
GFT, 0.1314
GFY, 0.228
GFG, 0.6848
GFP, 0.045
GFD, 0.3356
GFE, 0.5694
GFK, 0.2708
GFR, 0.1184
GIA, 0.0742
GIC, 0.0726
GIF, 0.1718
GII, 0.4504
GIL, 0.0
GIM, 0.5914
GIV, 0.4394
GIW, 0.2418
GIH, 0.282
GIN, 0.0
GIQ, 0.3964
GIS, 0.011
GIT, 0.8456
GIY, 0.245
GIG, 0.033
GIP, 0.2304
GID, 0.2088
GIE, 0.4768
GIK, 0.1954
GIR, 0.0888
GLA, 0.4586
GLC, 0.167
GLF, 0.3636
GLI, 0.6126
GLL, 0.0636
GLM, 0.3646
GLV, 0.5292
GLW, 0.757
GLH, 0.3588
GLN, 0.3456
GLQ, 0.2796
GLS, 0.7008
GLT, 0.6554
GLY, 0.1078
GLG, 0.074
GLP, 0.2012
GLD, 0.5398
GLE, 0.3002
GLK, 0.0714
GLR, 0.0602
GMA, 0.3014
GMC, 0.3342
GMF, 0.5838
GMI, 0.7842
GML, 0.1344
GMM, 0.0718
GMV, 0.5784
GMW, 0.0872
GMH, 0.292
GMN, 0.101
GMQ, 0.3056
GMS, 0.4312
GMT, 0.3544
GMY, 0.0366
GMG, 0.1316
GMP, 0.2378
GMD, 0.7772
GME, 0.2844
GMK, 0.3072
GMR, 0.3268
GVA, 0.3772
GVC, 0.0416
GVF, 0.125
GVI, 0.3428
GVL, 0.4692
GVM, 0.539
GVV, 0.0766
GVW, 0.6826
GVH, 0.4802
GVN, 0.22
GVQ, 0.011
GVS, 0.2984
GVT, 0.0562
GVY, 0.0
GVG, 0.3928
GVP, 0.1196
GVD, 0.0354
GVE, 0.6108
GVK, 0.5336
GVR, 0.3978
GWA, 0.6838
GWC, 0.4112
GWF, 0.1516
GWI, 0.1534
GWL, 0.2272
GWM, 0.304
GWV, 0.2816
GWW, 0.4862
GWH, 0.3654
GWN, 0.092
GWQ, 0.3398
GWS, 0.2352
GWT, 0.061
GWY, 0.0242
GWG, 0.3046
GWP, 0.0614
GWD, 0.5086
GWE, 0.0
GWK, 0.3344
GWR, 0.3188
GHA, 0.3458
GHC, 0.2414
GHF, 0.2902
GHI, 0.3272
GHL, 0.4278
GHM, 0.039
GHV, 0.187
GHW, 0.1968
GHH, 0.2216
GHN, 0.468
GHQ, 0.3586
GHS, 0.7354
GHT, 0.1086
GHY, 0.0
GHG, 0.4342
GHP, 0.1642
GHD, 0.0068
GHE, 0.4108
GHK, 0.196
GHR, 0.4364
GNA, 0.4346
GNC, 0.3152
GNF, 0.2554
GNI, 0.4766
GNL, 0.4858
GNM, 0.2928
GNV, 0.2502
GNW, 0.602
GNH, 0.487
GNN, 0.0
GNQ, 0.269
GNS, 0.297
GNT, 0.0592
GNY, 0.169
GNG, 0.593
GNP, 0.485
GND, 0.7236
GNE, 0.5386
GNK, 0.378
GNR, 0.3602
GQA, 0.0846
GQC, 0.393
GQF, 0.5358
GQI, 0.1798
GQL, 0.2172
GQM, 0.5166
GQV, 0.306
GQW, 0.3946
GQH, 0.3062
GQN, 0.1526
GQQ, 0.3852
GQS, 0.286
GQT, 0.1834
GQY, 0.1886
GQG, 0.6048
GQP, 0.0648
GQD, 0.2618
GQE, 0.4696
GQK, 0.1588
GQR, 0.6106
GSA, 0.35
GSC, 0.0348
GSF, 0.3956
GSI, 0.1158
GSL, 0.027
GSM, 0.395
GSV, 0.704
GSW, 0.2228
GSH, 0.2294
GSN, 0.5996
GSQ, 0.1952
GSS, 0.3008
GST, 0.0852
GSY, 0.1294
GSG, 0.2498
GSP, 0.3498
GSD, 0.4912
GSE, 0.1528
GSK, 0.0842
GSR, 0.1428
GTA, 0.5216
GTC, 0.45
GTF, 0.2934
GTI, 0.0736
GTL, 0.047
GTM, 0.0728
GTV, 0.5764
GTW, 0.0968
GTH, 0.2128
GTN, 0.2512
GTQ, 0.3098
GTS, 0.2392
GTT, 0.4424
GTY, 0.455
GTG, 0.043
GTP, 0.2684
GTD, 0.2786
GTE, 0.5374
GTK, 0.1236
GTR, 0.4208
GYA, 0.66
GYC, 0.5074
GYF, 0.0074
GYI, 0.2364
GYL, 0.34
GYM, 0.0
GYV, 0.0992
GYW, 0.3754
GYH, 0.2946
GYN, 0.0
GYQ, 0.4142
GYS, 0.4872
GYT, 0.1584
GYY, 0.5814
GYG, 0.0
GYP, 0.0
GYD, 0.2624
GYE, 0.3
GYK, 0.2662
GYR, 0.2534
GGA, 0.4388
GGC, 0.2692
GGF, 0.0814
GGI, 0.1692
GGL, 0.4064
GGM, 0.1376
GGV, 0.0
GGW, 0.7054
GGH, 0.283
GGN, 0.2454
GGQ, 0.0578
GGS, 0.379
GGT, 0.0
GGY, 0.0842
GGG, 0.1506
GGP, 0.2538
GGD, 0.2318
GGE, 0.026
GGK, 0.1082
GGR, 0.1536
GPA, 0.1612
GPC, 0.059
GPF, 0.0656
GPI, 0.206
GPL, 0.2202
GPM, 0.1858
GPV, 0.4466
GPW, 0.037
GPH, 0.4656
GPN, 0.1126
GPQ, 0.0
GPS, 0.1886
GPT, 0.2572
GPY, 0.0
GPG, 0.4844
GPP, 0.0044
GPD, 0.1818
GPE, 0.1142
GPK, 0.0474
GPR, 0.1338
GDA, 0.0
GDC, 0.2994
GDF, 0.0212
GDI, 0.0872
GDL, 0.5828
GDM, 0.4242
GDV, 0.0412
GDW, 0.0658
GDH, 0.2486
GDN, 0.711
GDQ, 0.203
GDS, 0.0502
GDT, 0.3342
GDY, 0.4572
GDG, 0.232
GDP, 0.1776
GDD, 0.2906
GDE, 0.0
GDK, 0.2502
GDR, 0.0124
GEA, 0.0
GEC, 0.0914
GEF, 0.5592
GEI, 0.0276
GEL, 0.4864
GEM, 0.0448
GEV, 0.1018
GEW, 0.3032
GEH, 0.0294
GEN, 0.2408
GEQ, 0.0994
GES, 0.1738
GET, 0.3408
GEY, 0.3098
GEG, 0.0
GEP, 0.167
GED, 0.0
GEE, 0.0368
GEK, 0.2064
GER, 0.4236
GKA, 0.5216
GKC, 0.0
GKF, 0.1138
GKI, 0.4964
GKL, 0.1074
GKM, 0.1658
GKV, 0.0584
GKW, 0.116
GKH, 0.292
GKN, 0.1628
GKQ, 0.1776
GKS, 0.142
GKT, 0.3104
GKY, 0.0
GKG, 0.31
GKP, 0.1088
GKD, 0.482
GKE, 0.0882
GKK, 0.1368
GKR, 0.325
GRA, 0.1926
GRC, 0.7098
GRF, 0.4308
GRI, 0.1008
GRL, 0.0
GRM, 0.141
GRV, 0.3012
GRW, 0.196
GRH, 0.033
GRN, 0.085
GRQ, 0.2954
GRS, 0.295
GRT, 0.4728
GRY, 0.3836
GRG, 0.4512
GRP, 0.219
GRD, 0.2666
GRE, 0.045
GRK, 0.3334
GRR, 0.553
PAA, 0.2428
PAC, 0.5226
PAF, 0.4126
PAI, 0.0
PAL, 0.6912
PAM, 0.4218
PAV, 0.0
PAW, 0.2082
PAH, 0.0142
PAN, 0.21
PAQ, 0.1882
PAS, 0.3878
PAT, 0.2324
PAY, 0.0528
PAG, 0.4312
PAP, 0.3688
PAD, 0.2098
PAE, 0.3638
PAK, 0.5882
PAR, 0.763
PCA, 0.1634
PCC, 0.3398
PCF, 0.4928
PCI, 0.6888
PCL, 0.1736
PCM, 0.5592
PCV, 0.2202
PCW, 0.7724
PCH, 0.5072
PCN, 0.11
PCQ, 0.1088
PCS, 0.317
PCT, 0.1506
PCY, 0.0
PCG, 0.2434
PCP, 0.3634
PCD, 0.2606
PCE, 0.3314
PCK, 0.0776
PCR, 0.45
PFA, 0.5268
PFC, 0.095
PFF, 0.1166
PFI, 0.4024
PFL, 0.3324
PFM, 0.6078
PFV, 0.0866
PFW, 0.064
PFH, 0.2896
PFN, 0.1376
PFQ, 0.7186
PFS, 0.0842
PFT, 0.2136
PFY, 0.73
PFG, 0.0686
PFP, 0.419
PFD, 0.3218
PFE, 0.6334
PFK, 0.384
PFR, 0.1126
PIA, 0.39
PIC, 0.5888
PIF, 0.7628
PII, 0.5978
PIL, 0.3234
PIM, 0.2454
PIV, 0.0924
PIW, 0.0
PIH, 0.0
PIN, 0.008
PIQ, 0.2298
PIS, 0.5438
PIT, 0.8834
PIY, 0.2352
PIG, 0.5678
PIP, 0.5852
PID, 0.3956
PIE, 0.1062
PIK, 0.1912
PIR, 0.1562
PLA, 0.6816
PLC, 0.442
PLF, 0.5146
PLI, 0.5778
PLL, 0.839
PLM, 0.0342
PLV, 0.4898
PLW, 0.2416
PLH, 0.5118
PLN, 0.199
PLQ, 0.18
PLS, 0.203
PLT, 0.007
PLY, 0.2592
PLG, 0.2356
PLP, 0.0624
PLD, 0.284
PLE, 0.0
PLK, 0.0418
PLR, 0.5302
PMA, 0.1076
PMC, 0.3712
PMF, 0.0
PMI, 0.2094
PML, 0.3314
PMM, 0.0
PMV, 0.0214
PMW, 0.1056
PMH, 0.3268
PMN, 0.607
PMQ, 0.0
PMS, 0.2506
PMT, 0.241
PMY, 0.2666
PMG, 0.5424
PMP, 0.2432
PMD, 0.265
PME, 0.2036
PMK, 0.8402
PMR, 0.1204
PVA, 0.3056
PVC, 0.1832
PVF, 0.276
PVI, 0.4672
PVL, 0.4124
PVM, 0.0344
PVV, 0.0094
PVW, 0.1046
PVH, 0.7126
PVN, 0.0288
PVQ, 0.4408
PVS, 0.1836
PVT, 0.0098
PVY, 0.0816
PVG, 0.3668
PVP, 0.352
PVD, 0.5256
PVE, 0.0238
PVK, 0.0908
PVR, 0.386
PWA, 0.4558
PWC, 0.1302
PWF, 0.913
PWI, 0.2594
PWL, 0.2688
PWM, 0.2184
PWV, 0.7044
PWW, 0.2332
PWH, 0.109
PWN, 0.3788
PWQ, 0.6518
PWS, 0.5044
PWT, 0.3262
PWY, 0.3622
PWG, 0.5502
PWP, 0.2268
PWD, 0.0
PWE, 0.3936
PWK, 0.303
PWR, 0.5588
PHA, 0.3932
PHC, 0.5346
PHF, 0.3206
PHI, 0.637
PHL, 0.4454
PHM, 0.152
PHV, 0.2324
PHW, 0.2322
PHH, 0.435
PHN, 0.39
PHQ, 0.3388
PHS, 0.084
PHT, 0.1442
PHY, 0.1956
PHG, 0.6796
PHP, 0.1398
PHD, 0.8342
PHE, 0.401
PHK, 0.1452
PHR, 0.017
PNA, 0.2518
PNC, 0.3014
PNF, 0.2242
PNI, 0.3774
PNL, 0.0642
PNM, 0.7294
PNV, 0.2678
PNW, 0.117
PNH, 0.076
PNN, 0.0
PNQ, 0.1074
PNS, 0.546
PNT, 0.1664
PNY, 0.384
PNG, 0.7062
PNP, 0.46
PND, 0.4786
PNE, 0.1106
PNK, 0.7188
PNR, 0.5142
PQA, 0.3078
PQC, 0.517
PQF, 0.2042
PQI, 0.111
PQL, 0.2894
PQM, 0.3534
PQV, 0.1746
PQW, 0.1302
PQH, 0.3192
PQN, 0.116
PQQ, 0.5054
PQS, 0.341
PQT, 0.3782
PQY, 0.3038
PQG, 0.0272
PQP, 0.0914
PQD, 0.0384
PQE, 0.5172
PQK, 0.0
PQR, 0.427
PSA, 0.0
PSC, 0.5424
PSF, 0.1864
PSI, 0.818
PSL, 0.4074
PSM, 0.1168
PSV, 0.7016
PSW, 0.1386
PSH, 0.3778
PSN, 0.2576
PSQ, 0.1924
PSS, 0.1794
PST, 0.0692
PSY, 0.3874
PSG, 0.7252
PSP, 0.0818
PSD, 0.2946
PSE, 0.3908
PSK, 0.7242
PSR, 0.1912
PTA, 0.1476
PTC, 0.2398
PTF, 0.577
PTI, 0.3152
PTL, 0.0516
PTM, 0.0334
PTV, 0.3522
PTW, 0.0954
PTH, 0.054
PTN, 0.096
PTQ, 0.481
PTS, 0.1516
PTT, 0.341
PTY, 0.067
PTG, 0.1938
PTP, 0.4676
PTD, 0.089
PTE, 0.6734
PTK, 0.3126
PTR, 0.3194
PYA, 0.3994
PYC, 0.5206
PYF, 0.5456
PYI, 0.596
PYL, 0.5156
PYM, 0.2234
PYV, 0.2664
PYW, 0.2756
PYH, 0.1344
PYN, 0.5668
PYQ, 0.0098
PYS, 0.6186
PYT, 0.4608
PYY, 0.0442
PYG, 0.0814
PYP, 0.3362
PYD, 0.6004
PYE, 0.4854
PYK, 0.2826
PYR, 0.012
PGA, 0.3744
PGC, 0.095
PGF, 0.049
PGI, 0.2118
PGL, 0.588
PGM, 0.5436
PGV, 0.2008
PGW, 0.4872
PGH, 0.1354
PGN, 0.1046
PGQ, 0.0
PGS, 0.0256
PGT, 0.1218
PGY, 0.0278
PGG, 0.2864
PGP, 0.348
PGD, 0.1686
PGE, 0.5574
PGK, 0.016
PGR, 0.0962
PPA, 0.3378
PPC, 0.391
PPF, 0.3036
PPI, 0.153
PPL, 0.2378
PPM, 0.5756
PPV, 0.0
PPW, 0.6384
PPH, 0.099
PPN, 0.3658
PPQ, 0.2568
PPS, 0.1328
PPT, 0.05
PPY, 0.2934
PPG, 0.585
PPP, 0.5768
PPD, 0.3736
PPE, 0.3646
PPK, 0.0114
PPR, 0.3506
PDA, 0.4088
PDC, 0.1746
PDF, 0.3292
PDI, 0.1384
PDL, 0.0
PDM, 0.3292
PDV, 0.0284
PDW, 0.236
PDH, 0.2462
PDN, 0.004
PDQ, 0.0528
PDS, 0.535
PDT, 0.5702
PDY, 0.226
PDG, 0.0838
PDP, 0.0102
PDD, 0.4128
PDE, 0.0496
PDK, 0.2728
PDR, 0.4062
PEA, 0.1352
PEC, 0.4744
PEF, 0.128
PEI, 0.0232
PEL, 0.5022
PEM, 0.0
PEV, 0.2988
PEW, 0.226
PEH, 0.1858
PEN, 0.3934
PEQ, 0.324
PES, 0.3648
PET, 0.0
PEY, 0.2418
PEG, 0.0
PEP, 0.1702
PED, 0.485
PEE, 0.1672
PEK, 0.3394
PER, 0.2774
PKA, 0.4692
PKC, 0.6488
PKF, 0.31
PKI, 0.5398
PKL, 0.3092
PKM, 0.1904
PKV, 0.0544
PKW, 0.122
PKH, 0.0098
PKN, 0.2988
PKQ, 0.382
PKS, 0.0868
PKT, 0.1202
PKY, 0.176
PKG, 0.1966
PKP, 0.0
PKD, 0.3634
PKE, 0.1374
PKK, 0.3976
PKR, 0.0
PRA, 0.3818
PRC, 0.656
PRF, 0.223
PRI, 0.0846
PRL, 0.052
PRM, 0.604
PRV, 0.1176
PRW, 0.0558
PRH, 0.1984
PRN, 0.1392
PRQ, 0.5488
PRS, 0.0
PRT, 0.1238
PRY, 0.0
PRG, 0.2714
PRP, 0.6796
PRD, 0.1834
PRE, 0.1666
PRK, 0.1
PRR, 0.357
DAA, 0.0978
DAC, 0.632
DAF, 0.0046
DAI, 0.3242
DAL, 0.045
DAM, 0.3016
DAV, 0.0954
DAW, 0.5834
DAH, 0.0678
DAN, 0.3426
DAQ, 0.2506
DAS, 0.1662
DAT, 0.4082
DAY, 0.3218
DAG, 0.3914
DAP, 0.2484
DAD, 0.3714
DAE, 0.533
DAK, 0.1708
DAR, 0.1532
DCA, 0.4112
DCC, 0.3022
DCF, 0.096
DCI, 0.0636
DCL, 0.2182
DCM, 0.6524
DCV, 0.4856
DCW, 0.3112
DCH, 0.2532
DCN, 0.4196
DCQ, 0.0894
DCS, 0.1654
DCT, 0.4194
DCY, 0.2328
DCG, 0.5832
DCP, 0.6284
DCD, 0.2228
DCE, 0.5528
DCK, 0.0926
DCR, 0.5742
DFA, 0.3352
DFC, 0.2376
DFF, 0.3976
DFI, 0.4276
DFL, 0.237
DFM, 0.6124
DFV, 0.3058
DFW, 0.1508
DFH, 0.4836
DFN, 0.0806
DFQ, 0.0826
DFS, 0.2562
DFT, 0.6966
DFY, 0.4016
DFG, 0.214
DFP, 0.0476
DFD, 0.2712
DFE, 0.0462
DFK, 0.5774
DFR, 0.542
DIA, 0.1856
DIC, 0.6772
DIF, 0.5682
DII, 0.0
DIL, 0.0638
DIM, 0.456
DIV, 0.7864
DIW, 0.5644
DIH, 0.1846
DIN, 0.236
DIQ, 0.4912
DIS, 0.7396
DIT, 0.0
DIY, 0.6012
DIG, 0.2258
DIP, 0.0174
DID, 0.152
DIE, 0.0044
DIK, 0.6356
DIR, 0.2902
DLA, 0.4882
DLC, 0.3768
DLF, 0.32
DLI, 0.5016
DLL, 0.3528
DLM, 0.096
DLV, 0.056
DLW, 0.1874
DLH, 0.2758
DLN, 0.1978
DLQ, 0.0264
DLS, 0.2594
DLT, 0.2838
DLY, 0.1408
DLG, 0.1434
DLP, 0.1142
DLD, 0.0774
DLE, 0.009
DLK, 0.4182
DLR, 0.1534
DMA, 0.2106
DMC, 0.0274
DMF, 0.3438
DMI, 0.3906
DML, 0.5492
DMM, 0.172
DMV, 0.193
DMW, 0.1328
DMH, 0.2374
DMN, 0.2224
DMQ, 0.143
DMS, 0.4668
DMT, 0.14
DMY, 0.1646
DMG, 0.4418
DMP, 0.0482
DMD, 0.4512
DME, 0.0846
DMK, 0.2138
DMR, 0.122
DVA, 0.0218
DVC, 0.3024
DVF, 0.4354
DVI, 0.546
DVL, 0.0
DVM, 0.0128
DVV, 0.0
DVW, 0.3324
DVH, 0.2834
DVN, 0.2088
DVQ, 0.2106
DVS, 0.6158
DVT, 0.3532
DVY, 0.2054
DVG, 0.0582
DVP, 0.4556
DVD, 0.1566
DVE, 0.38
DVK, 0.1682
DVR, 0.4734
DWA, 0.483
DWC, 0.2296
DWF, 0.2516
DWI, 0.1878
DWL, 0.1694
DWM, 0.4846
DWV, 0.1892
DWW, 0.4278
DWH, 0.3538
DWN, 0.0154
DWQ, 0.2572
DWS, 0.2128
DWT, 0.3778
DWY, 0.1604
DWG, 0.3832
DWP, 0.1502
DWD, 0.38
DWE, 0.313
DWK, 0.1526
DWR, 0.3046
DHA, 0.4734
DHC, 0.3134
DHF, 0.078
DHI, 0.5358
DHL, 0.3252
DHM, 0.3356
DHV, 0.2768
DHW, 0.392
DHH, 0.0452
DHN, 0.454
DHQ, 0.1658
DHS, 0.428
DHT, 0.2494
DHY, 0.251
DHG, 0.2982
DHP, 0.1376
DHD, 0.4958
DHE, 0.17
DHK, 0.4644
DHR, 0.6382
DNA, 0.197
DNC, 0.156
DNF, 0.6658
DNI, 0.4474
DNL, 0.0516
DNM, 0.28
DNV, 0.2686
DNW, 0.111
DNH, 0.4854
DNN, 0.4506
DNQ, 0.0
DNS, 0.1192
DNT, 0.0034
DNY, 0.451
DNG, 0.0078
DNP, 0.3902
DND, 0.0
DNE, 0.1122
DNK, 0.4406
DNR, 0.1728
DQA, 0.1718
DQC, 0.2536
DQF, 0.1484
DQI, 0.3746
DQL, 0.0226
DQM, 0.6598
DQV, 0.7488
DQW, 0.1518
DQH, 0.1696
DQN, 0.1502
DQQ, 0.3604
DQS, 0.7716
DQT, 0.4008
DQY, 0.335
DQG, 0.4368
DQP, 0.1554
DQD, 0.1294
DQE, 0.2176
DQK, 0.3012
DQR, 0.3534
DSA, 0.8026
DSC, 0.6284
DSF, 0.5216
DSI, 0.1588
DSL, 0.1536
DSM, 0.2622
DSV, 0.2214
DSW, 0.0688
DSH, 0.01
DSN, 0.5158
DSQ, 0.4302
DSS, 0.3734
DST, 0.4306
DSY, 0.2642
DSG, 0.1196
DSP, 0.1722
DSD, 0.3246
DSE, 0.3874
DSK, 0.7978
DSR, 0.2434
DTA, 0.249
DTC, 0.2662
DTF, 0.4408
DTI, 0.3214
DTL, 0.3988
DTM, 0.149
DTV, 0.3632
DTW, 0.0
DTH, 0.0806
DTN, 0.2274
DTQ, 0.062
DTS, 0.1204
DTT, 0.0884
DTY, 0.1164
DTG, 0.2794
DTP, 0.3312
DTD, 0.5848
DTE, 0.0
DTK, 0.3006
DTR, 0.081
DYA, 0.3032
DYC, 0.4336
DYF, 0.5636
DYI, 0.4124
DYL, 0.45
DYM, 0.2768
DYV, 0.2676
DYW, 0.2586
DYH, 0.5464
DYN, 0.0844
DYQ, 0.3044
DYS, 0.1438
DYT, 0.3554
DYY, 0.1728
DYG, 0.429
DYP, 0.2484
DYD, 0.5326
DYE, 0.0438
DYK, 0.3296
DYR, 0.0992
DGA, 0.4656
DGC, 0.527
DGF, 0.21
DGI, 0.222
DGL, 0.1104
DGM, 0.1372
DGV, 0.6016
DGW, 0.0
DGH, 0.1072
DGN, 0.3516
DGQ, 0.2252
DGS, 0.292
DGT, 0.2718
DGY, 0.1862
DGG, 0.1884
DGP, 0.1256
DGD, 0.1452
DGE, 0.26
DGK, 0.7998
DGR, 0.2212
DPA, 0.1288
DPC, 0.1014
DPF, 0.1552
DPI, 0.36
DPL, 0.4314
DPM, 0.3396
DPV, 0.204
DPW, 0.5032
DPH, 0.0544
DPN, 0.1218
DPQ, 0.1234
DPS, 0.2422
DPT, 0.2638
DPY, 0.3278
DPG, 0.3912
DPP, 0.0
DPD, 0.1254
DPE, 0.0274
DPK, 0.4602
DPR, 0.1634
DDA, 0.4196
DDC, 0.467
DDF, 0.0
DDI, 0.3914
DDL, 0.2568
DDM, 0.1908
DDV, 0.0662
DDW, 0.0472
DDH, 0.0
DDN, 0.1662
DDQ, 0.175
DDS, 0.3642
DDT, 0.4592
DDY, 0.4186
DDG, 0.4622
DDP, 0.0
DDD, 0.4212
DDE, 0.4684
DDK, 0.4426
DDR, 0.529
DEA, 0.1948
DEC, 0.214
DEF, 0.0
DEI, 0.319
DEL, 0.3328
DEM, 0.2126
DEV, 0.0948
DEW, 0.2342
DEH, 0.2244
DEN, 0.5052
DEQ, 0.5194
DES, 0.1946
DET, 0.1068
DEY, 0.2642
DEG, 0.0
DEP, 0.6804
DED, 0.0724
DEE, 0.2628
DEK, 0.055
DER, 0.5904
DKA, 0.2322
DKC, 0.6414
DKF, 0.5326
DKI, 0.3584
DKL, 0.3102
DKM, 0.5298
DKV, 0.7446
DKW, 0.0
DKH, 0.5594
DKN, 0.591
DKQ, 0.1062
DKS, 0.653
DKT, 0.5152
DKY, 0.0
DKG, 0.4696
DKP, 0.4122
DKD, 0.6812
DKE, 0.5044
DKK, 0.4528
DKR, 0.2012
DRA, 0.0882
DRC, 0.2244
DRF, 0.1558
DRI, 0.5758
DRL, 0.0
DRM, 0.3164
DRV, 0.07
DRW, 0.1688
DRH, 0.333
DRN, 0.0704
DRQ, 0.0218
DRS, 0.0656
DRT, 0.6178
DRY, 0.2732
DRG, 0.1474
DRP, 0.0538
DRD, 0.3884
DRE, 0.223
DRK, 0.3698
DRR, 0.6396
EAA, 0.2932
EAC, 0.393
EAF, 0.3756
EAI, 0.3556
EAL, 0.256
EAM, 0.0514
EAV, 0.192
EAW, 0.4012
EAH, 0.0
EAN, 0.3934
EAQ, 0.1292
EAS, 0.1854
EAT, 0.6344
EAY, 0.2878
EAG, 0.0
EAP, 0.1218
EAD, 0.4128
EAE, 0.0844
EAK, 0.3962
EAR, 0.0
ECA, 0.6896
ECC, 0.1368
ECF, 0.1848
ECI, 0.3018
ECL, 0.047
ECM, 0.4566
ECV, 0.3034
ECW, 0.1424
ECH, 0.0176
ECN, 0.0004
ECQ, 0.3878
ECS, 0.3844
ECT, 0.0854
ECY, 0.3074
ECG, 0.0982
ECP, 0.4906
ECD, 0.4572
ECE, 0.5072
ECK, 0.2036
ECR, 0.2078
EFA, 0.272
EFC, 0.5788
EFF, 0.0118
EFI, 0.346
EFL, 0.349
EFM, 0.392
EFV, 0.219
EFW, 0.2982
EFH, 0.3762
EFN, 0.0878
EFQ, 0.766
EFS, 0.3276
EFT, 0.13
EFY, 0.1568
EFG, 0.2428
EFP, 0.3214
EFD, 0.5092
EFE, 0.5746
EFK, 0.0908
EFR, 0.1304
EIA, 0.1294
EIC, 0.523
EIF, 0.5228
EII, 0.2114
EIL, 0.0756
EIM, 0.15
EIV, 0.6688
EIW, 0.0892
EIH, 0.2574
EIN, 0.454
EIQ, 0.2976
EIS, 0.3366
EIT, 0.2742
EIY, 0.3612
EIG, 0.204
EIP, 0.0
EID, 0.0
EIE, 0.004
EIK, 0.0498
EIR, 0.1814
ELA, 0.1556
ELC, 0.5998
ELF, 0.1464
ELI, 0.2766
ELL, 0.2194
ELM, 0.0486
ELV, 0.0972
ELW, 0.3548
ELH, 0.1608
ELN, 0.1066
ELQ, 0.4848
ELS, 0.0
ELT, 0.0
ELY, 0.0062
ELG, 0.2332
ELP, 0.4802
ELD, 0.391
ELE, 0.0
ELK, 0.108
ELR, 0.0292
EMA, 0.7418
EMC, 0.0918
EMF, 0.2214
EMI, 0.3418
EML, 0.014
EMM, 0.2244
EMV, 0.2108
EMW, 0.6208
EMH, 0.003
EMN, 0.3026
EMQ, 0.1766
EMS, 0.5068
EMT, 0.2558
EMY, 0.3428
EMG, 0.3662
EMP, 0.6042
EMD, 0.3548
EME, 0.1886
EMK, 0.2606
EMR, 0.0944
EVA, 0.2342
EVC, 0.391
EVF, 0.5456
EVI, 0.4068
EVL, 0.4024
EVM, 0.2748
EVV, 0.8508
EVW, 0.3326
EVH, 0.076
EVN, 0.4628
EVQ, 0.1268
EVS, 0.1978
EVT, 0.333
EVY, 0.4654
EVG, 0.2184
EVP, 0.2756
EVD, 0.5194
EVE, 0.3162
EVK, 0.0
EVR, 0.2672
EWA, 0.303
EWC, 0.2362
EWF, 0.1174
EWI, 0.2996
EWL, 0.4386
EWM, 0.0768
EWV, 0.3788
EWW, 0.132
EWH, 0.2176
EWN, 0.2204
EWQ, 0.0226
EWS, 0.0942
EWT, 0.0822
EWY, 0.2172
EWG, 0.0
EWP, 0.3524
EWD, 0.4374
EWE, 0.5858
EWK, 0.1632
EWR, 0.1324
EHA, 0.4162
EHC, 0.6028
EHF, 0.3056
EHI, 0.1612
EHL, 0.232
EHM, 0.0398
EHV, 0.2302
EHW, 0.4504
EHH, 0.3172
EHN, 0.0
EHQ, 0.6356
EHS, 0.0684
EHT, 0.1596
EHY, 0.2242
EHG, 0.24
EHP, 0.2646
EHD, 0.4872
EHE, 0.312
EHK, 0.272
EHR, 0.3072
ENA, 0.2632
ENC, 0.0
ENF, 0.0698
ENI, 0.1562
ENL, 0.0318
ENM, 0.0742
ENV, 0.0
ENW, 0.091
ENH, 0.0774
ENN, 0.1806
ENQ, 0.0758
ENS, 0.3474
ENT, 0.1632
ENY, 0.1554
ENG, 0.0878
ENP, 0.276
END, 0.0408
ENE, 0.5052
ENK, 0.0
ENR, 0.1492
EQA, 0.6538
EQC, 0.4684
EQF, 0.0262
EQI, 0.101
EQL, 0.365
EQM, 0.038
EQV, 0.6408
EQW, 0.4056
EQH, 0.1154
EQN, 0.1322
EQQ, 0.1378
EQS, 0.0266
EQT, 0.0712
EQY, 0.2736
EQG, 0.1476
EQP, 0.215
EQD, 0.1314
EQE, 0.5786
EQK, 0.2696
EQR, 0.0
ESA, 0.0746
ESC, 0.7038
ESF, 0.2106
ESI, 0.0754
ESL, 0.2948
ESM, 0.322
ESV, 0.7364
ESW, 0.2266
ESH, 0.4682
ESN, 0.2496
ESQ, 0.1408
ESS, 0.3998
EST, 0.0308
ESY, 0.2406
ESG, 0.0146
ESP, 0.2616
ESD, 0.211
ESE, 0.3564
ESK, 0.1556
ESR, 0.2932
ETA, 0.6898
ETC, 0.2178
ETF, 0.5076
ETI, 0.0
ETL, 0.2476
ETM, 0.6008
ETV, 0.6496
ETW, 0.1312
ETH, 0.1218
ETN, 0.1616
ETQ, 0.362
ETS, 0.29
ETT, 0.142
ETY, 0.7178
ETG, 0.135
ETP, 0.2368
ETD, 0.0
ETE, 0.4272
ETK, 0.0248
ETR, 0.2076
EYA, 0.17
EYC, 0.468
EYF, 0.285
EYI, 0.4708
EYL, 0.2554
EYM, 0.1732
EYV, 0.4632
EYW, 0.342
EYH, 0.1998
EYN, 0.1848
EYQ, 0.3498
EYS, 0.141
EYT, 0.0
EYY, 0.0646
EYG, 0.4836
EYP, 0.0808
EYD, 0.1426
EYE, 0.3374
EYK, 0.1276
EYR, 0.2902
EGA, 0.2712
EGC, 0.7414
EGF, 0.1314
EGI, 0.4776
EGL, 0.3438
EGM, 0.4436
EGV, 0.0
EGW, 0.4812
EGH, 0.3302
EGN, 0.5734
EGQ, 0.0896
EGS, 0.0738
EGT, 0.4408
EGY, 0.3436
EGG, 0.181
EGP, 0.4412
EGD, 0.3552
EGE, 0.4794
EGK, 0.2588
EGR, 0.1596
EPA, 0.121
EPC, 0.1776
EPF, 0.0898
EPI, 0.625
EPL, 0.0
EPM, 0.1554
EPV, 0.021
EPW, 0.1118
EPH, 0.6442
EPN, 0.1158
EPQ, 0.0978
EPS, 0.1878
EPT, 0.108
EPY, 0.5938
EPG, 0.0
EPP, 0.2226
EPD, 0.2926
EPE, 0.4526
EPK, 0.1134
EPR, 0.0
EDA, 0.0168
EDC, 0.746
EDF, 0.1086
EDI, 0.767
EDL, 0.0762
EDM, 0.5452
EDV, 0.3998
EDW, 0.4446
EDH, 0.113
EDN, 0.066
EDQ, 0.2652
EDS, 0.3486
EDT, 0.1886
EDY, 0.2868
EDG, 0.0596
EDP, 0.4084
EDD, 0.192
EDE, 0.563
EDK, 0.0
EDR, 0.3792
EEA, 0.2792
EEC, 0.1562
EEF, 0.0634
EEI, 0.0
EEL, 0.0822
EEM, 0.438
EEV, 0.4282
EEW, 0.4702
EEH, 0.526
EEN, 0.36
EEQ, 0.1124
EES, 0.3058
EET, 0.4616
EEY, 0.095
EEG, 0.6022
EEP, 0.0596
EED, 0.098
EEE, 0.114
EEK, 0.3064
EER, 0.0974
EKA, 0.3478
EKC, 0.259
EKF, 0.1562
EKI, 0.0948
EKL, 0.34
EKM, 0.2792
EKV, 0.4072
EKW, 0.2742
EKH, 0.8578
EKN, 0.7628
EKQ, 0.4582
EKS, 0.068
EKT, 0.166
EKY, 0.678
EKG, 0.0106
EKP, 0.0106
EKD, 0.2116
EKE, 0.2468
EKK, 0.0296
EKR, 0.7414
ERA, 0.2136
ERC, 0.2988
ERF, 0.6444
ERI, 0.0964
ERL, 0.709
ERM, 0.3768
ERV, 0.0384
ERW, 0.0926
ERH, 0.163
ERN, 0.0098
ERQ, 0.5912
ERS, 0.5752
ERT, 0.0584
ERY, 0.0188
ERG, 0.3412
ERP, 0.0612
ERD, 0.0
ERE, 0.3792
ERK, 0.2418
ERR, 0.0
KAA, 0.3884
KAC, 0.7856
KAF, 0.4598
KAI, 0.1668
KAL, 0.267
KAM, 0.421
KAV, 0.3502
KAW, 0.1622
KAH, 0.1072
KAN, 0.5414
KAQ, 0.3304
KAS, 0.048
KAT, 0.0302
KAY, 0.287
KAG, 0.6114
KAP, 0.3104
KAD, 0.3876
KAE, 0.5616
KAK, 0.0
KAR, 0.0666
KCA, 0.1712
KCC, 0.396
KCF, 0.279
KCI, 0.4112
KCL, 0.2086
KCM, 0.3326
KCV, 0.3832
KCW, 0.1518
KCH, 0.0
KCN, 0.0
KCQ, 0.129
KCS, 0.066
KCT, 0.3414
KCY, 0.5184
KCG, 0.3678
KCP, 0.1268
KCD, 0.4414
KCE, 0.3964
KCK, 0.242
KCR, 0.4152
KFA, 0.1712
KFC, 0.1818
KFF, 0.372
KFI, 0.2808
KFL, 0.1218
KFM, 0.277
KFV, 0.1212
KFW, 0.0194
KFH, 0.0
KFN, 0.2576
KFQ, 0.2514
KFS, 0.2496
KFT, 0.143
KFY, 0.1412
KFG, 0.4288
KFP, 0.0594
KFD, 0.2182
KFE, 0.393
KFK, 0.4574
KFR, 0.255
KIA, 0.3526
KIC, 0.1674
KIF, 0.7486
KII, 0.132
KIL, 0.2624
KIM, 0.6264
KIV, 0.7804
KIW, 0.0362
KIH, 0.0
KIN, 0.4936
KIQ, 0.0
KIS, 0.0
KIT, 0.4174
KIY, 0.3546
KIG, 0.2032
KIP, 0.3188
KID, 0.4264
KIE, 0.4186
KIK, 0.312
KIR, 0.461
KLA, 0.2018
KLC, 0.4494
KLF, 0.2752
KLI, 0.1492
KLL, 0.0576
KLM, 0.1034
KLV, 0.008
KLW, 0.4932
KLH, 0.3392
KLN, 0.3132
KLQ, 0.5708
KLS, 0.5692
KLT, 0.1074
KLY, 0.593
KLG, 0.0706
KLP, 0.3272
KLD, 0.28
KLE, 0.094
KLK, 0.6166
KLR, 0.1148
KMA, 0.0022
KMC, 0.1036
KMF, 0.3474
KMI, 0.271
KML, 0.4254
KMM, 0.436
KMV, 0.522
KMW, 0.3378
KMH, 0.111
KMN, 0.0
KMQ, 0.2778
KMS, 0.3214
KMT, 0.1624
KMY, 0.5158
KMG, 0.3248
KMP, 0.3674
KMD, 0.077
KME, 0.2052
KMK, 0.0214
KMR, 0.3068
KVA, 0.0
KVC, 0.0854
KVF, 0.1252
KVI, 0.6214
KVL, 0.27
KVM, 0.0868
KVV, 0.175
KVW, 0.0
KVH, 0.2022
KVN, 0.739
KVQ, 0.0604
KVS, 0.0774
KVT, 0.2666
KVY, 0.035
KVG, 0.0014
KVP, 0.1498
KVD, 0.3666
KVE, 0.2064
KVK, 0.4166
KVR, 0.317
KWA, 0.155
KWC, 0.2188
KWF, 0.0
KWI, 0.2378
KWL, 0.2404
KWM, 0.5424
KWV, 0.368
KWW, 0.5532
KWH, 0.2718
KWN, 0.449
KWQ, 0.2364
KWS, 0.4646
KWT, 0.0818
KWY, 0.5396
KWG, 0.2822
KWP, 0.0054
KWD, 0.5682
KWE, 0.4036
KWK, 0.6878
KWR, 0.2194
KHA, 0.2734
KHC, 0.0088
KHF, 0.0906
KHI, 0.6196
KHL, 0.0
KHM, 0.512
KHV, 0.0402
KHW, 0.2056
KHH, 0.277
KHN, 0.678
KHQ, 0.3768
KHS, 0.165
KHT, 0.5274
KHY, 0.6312
KHG, 0.5886
KHP, 0.2746
KHD, 0.1632
KHE, 0.4304
KHK, 0.222
KHR, 0.141
KNA, 0.302
KNC, 0.1764
KNF, 0.4836
KNI, 0.6512
KNL, 0.1818
KNM, 0.6222
KNV, 0.4958
KNW, 0.308
KNH, 0.0314
KNN, 0.0532
KNQ, 0.5208
KNS, 0.3628
KNT, 0.5476
KNY, 0.2344
KNG, 0.2772
KNP, 0.052
KND, 0.0
KNE, 0.3062
KNK, 0.2494
KNR, 0.137
KQA, 0.44
KQC, 0.2536
KQF, 0.4252
KQI, 0.055
KQL, 0.0
KQM, 0.4418
KQV, 0.154
KQW, 0.0
KQH, 0.0
KQN, 0.2128
KQQ, 0.4542
KQS, 0.2094
KQT, 0.0
KQY, 0.0596
KQG, 0.0738
KQP, 0.3264
KQD, 0.4522
KQE, 0.2498
KQK, 0.4646
KQR, 0.1358
KSA, 0.4788
KSC, 0.4622
KSF, 0.3968
KSI, 0.0866
KSL, 0.3114
KSM, 0.373
KSV, 0.1322
KSW, 0.1352
KSH, 0.1408
KSN, 0.5652
KSQ, 0.3392
KSS, 0.0
KST, 0.2228
KSY, 0.3736
KSG, 0.364
KSP, 0.0
KSD, 0.676
KSE, 0.6414
KSK, 0.8576
KSR, 0.4646
KTA, 0.5344
KTC, 0.3486
KTF, 0.2298
KTI, 0.1486
KTL, 0.0014
KTM, 0.133
KTV, 0.2842
KTW, 0.2442
KTH, 0.3528
KTN, 0.2478
KTQ, 0.025
KTS, 0.1628
KTT, 0.1272
KTY, 0.2344
KTG, 0.1514
KTP, 0.387
KTD, 0.6774
KTE, 0.4726
KTK, 0.482
KTR, 0.4638
KYA, 0.1076
KYC, 0.0862
KYF, 0.0338
KYI, 0.2378
KYL, 0.1336
KYM, 0.2216
KYV, 0.6896
KYW, 0.3134
KYH, 0.553
KYN, 0.2822
KYQ, 0.4268
KYS, 0.3818
KYT, 0.2512
KYY, 0.695
KYG, 0.0132
KYP, 0.0632
KYD, 0.3566
KYE, 0.4556
KYK, 0.1022
KYR, 0.2274
KGA, 0.0222
KGC, 0.0174
KGF, 0.2574
KGI, 0.4096
KGL, 0.3488
KGM, 0.6758
KGV, 0.4472
KGW, 0.1368
KGH, 0.8396
KGN, 0.0
KGQ, 0.1102
KGS, 0.4132
KGT, 0.6156
KGY, 0.0
KGG, 0.197
KGP, 0.178
KGD, 0.2788
KGE, 0.337
KGK, 0.6332
KGR, 0.3312
KPA, 0.4274
KPC, 0.359
KPF, 0.3632
KPI, 0.4266
KPL, 0.2984
KPM, 0.3314
KPV, 0.4056
KPW, 0.3822
KPH, 0.629
KPN, 0.5118
KPQ, 0.2092
KPS, 0.144
KPT, 0.2086
KPY, 0.0088
KPG, 0.4346
KPP, 0.4558
KPD, 0.641
KPE, 0.482
KPK, 0.0302
KPR, 0.2464
KDA, 0.3038
KDC, 0.0396
KDF, 0.2118
KDI, 0.4776
KDL, 0.3262
KDM, 0.1372
KDV, 0.1704
KDW, 0.0694
KDH, 0.2862
KDN, 0.145
KDQ, 0.5232
KDS, 0.1576
KDT, 0.4904
KDY, 0.423
KDG, 0.1412
KDP, 0.1018
KDD, 0.2086
KDE, 0.16
KDK, 0.8258
KDR, 0.0
KEA, 0.47
KEC, 0.2376
KEF, 0.3402
KEI, 0.3318
KEL, 0.2466
KEM, 0.5798
KEV, 0.5064
KEW, 0.028
KEH, 0.0354
KEN, 0.4126
KEQ, 0.1296
KES, 0.1374
KET, 0.0502
KEY, 0.071
KEG, 0.4158
KEP, 0.349
KED, 0.2552
KEE, 0.2078
KEK, 0.517
KER, 0.3136
KKA, 0.4194
KKC, 0.0
KKF, 0.0294
KKI, 0.3022
KKL, 0.346
KKM, 0.5542
KKV, 0.3004
KKW, 0.2888
KKH, 0.3956
KKN, 0.552
KKQ, 0.0866
KKS, 0.198
KKT, 0.2714
KKY, 0.0288
KKG, 0.5902
KKP, 0.4802
KKD, 0.1062
KKE, 0.1046
KKK, 0.1416
KKR, 0.1442
KRA, 0.4764
KRC, 0.139
KRF, 0.2194
KRI, 0.2526
KRL, 0.1606
KRM, 0.0784
KRV, 0.5844
KRW, 0.271
KRH, 0.098
KRN, 0.24
KRQ, 0.3872
KRS, 0.2274
KRT, 0.0646
KRY, 0.1316
KRG, 0.163
KRP, 0.3762
KRD, 0.0482
KRE, 0.7878
KRK, 0.4324
KRR, 0.3176
RAA, 0.3492
RAC, 0.073
RAF, 0.2472
RAI, 0.0462
RAL, 0.4356
RAM, 0.087
RAV, 0.2244
RAW, 0.4114
RAH, 0.0
RAN, 0.6764
RAQ, 0.6924
RAS, 0.4624
RAT, 0.1598
RAY, 0.2552
RAG, 0.631
RAP, 0.1196
RAD, 0.1702
RAE, 0.7672
RAK, 0.5366
RAR, 0.0862
RCA, 0.2444
RCC, 0.9028
RCF, 0.5658
RCI, 0.0654
RCL, 0.1032
RCM, 0.2404
RCV, 0.5736
RCW, 0.1738
RCH, 0.271
RCN, 0.1902
RCQ, 0.1426
RCS, 0.1056
RCT, 0.0926
RCY, 0.5154
RCG, 0.0844
RCP, 0.315
RCD, 0.0
RCE, 0.4344
RCK, 0.4512
RCR, 0.3012
RFA, 0.0344
RFC, 0.372
RFF, 0.3298
RFI, 0.0108
RFL, 0.097
RFM, 0.4528
RFV, 0.1686
RFW, 0.1616
RFH, 0.539
RFN, 0.4218
RFQ, 0.1428
RFS, 0.1912
RFT, 0.0982
RFY, 0.131
RFG, 0.2056
RFP, 0.6974
RFD, 0.4194
RFE, 0.1608
RFK, 0.4536
RFR, 0.7868
RIA, 0.3924
RIC, 0.043
RIF, 0.3758
RII, 0.1144
RIL, 0.0938
RIM, 0.2502
RIV, 0.2268
RIW, 0.376
RIH, 0.2904
RIN, 0.188
RIQ, 0.117
RIS, 0.6292
RIT, 0.2012
RIY, 0.4406
RIG, 0.0
RIP, 0.1162
RID, 0.3028
RIE, 0.1122
RIK, 0.4154
RIR, 0.2034
RLA, 0.1206
RLC, 0.0368
RLF, 0.208
RLI, 0.4648
RLL, 0.131
RLM, 0.1782
RLV, 0.5272
RLW, 0.5544
RLH, 0.3478
RLN, 0.111
RLQ, 0.0
RLS, 0.4174
RLT, 0.2472
RLY, 0.3108
RLG, 0.4478
RLP, 0.1304
RLD, 0.0108
RLE, 0.201
RLK, 0.2552
RLR, 0.4562
RMA, 0.1276
RMC, 0.2874
RMF, 0.831
RMI, 0.3284
RML, 0.365
RMM, 0.427
RMV, 0.028
RMW, 0.4244
RMH, 0.0922
RMN, 0.1342
RMQ, 0.359
RMS, 0.0796
RMT, 0.5176
RMY, 0.6114
RMG, 0.2664
RMP, 0.1884
RMD, 0.4576
RME, 0.246
RMK, 0.3402
RMR, 0.3756
RVA, 0.1448
RVC, 0.5906
RVF, 0.3044
RVI, 0.4948
RVL, 0.7558
RVM, 0.2346
RVV, 0.3016
RVW, 0.0878
RVH, 0.3196
RVN, 0.0602
RVQ, 0.2
RVS, 0.5114
RVT, 0.7902
RVY, 0.1504
RVG, 0.08
RVP, 0.0478
RVD, 0.5166
RVE, 0.3708
RVK, 0.7456
RVR, 0.1722
RWA, 0.3016
RWC, 0.1988
RWF, 0.2028
RWI, 0.1382
RWL, 0.3862
RWM, 0.355
RWV, 0.5858
RWW, 0.2626
RWH, 0.166
RWN, 0.3802
RWQ, 0.378
RWS, 0.2934
RWT, 0.0482
RWY, 0.2016
RWG, 0.2678
RWP, 0.2254
RWD, 0.2974
RWE, 0.2278
RWK, 0.308
RWR, 0.108
RHA, 0.1456
RHC, 0.3486
RHF, 0.6022
RHI, 0.2992
RHL, 0.6438
RHM, 0.313
RHV, 0.26
RHW, 0.3006
RHH, 0.18
RHN, 0.4718
RHQ, 0.505
RHS, 0.1162
RHT, 0.225
RHY, 0.29
RHG, 0.2778
RHP, 0.1324
RHD, 0.4844
RHE, 0.5722
RHK, 0.1758
RHR, 0.0372
RNA, 0.0866
RNC, 0.4348
RNF, 0.263
RNI, 0.5648
RNL, 0.6006
RNM, 0.0168
RNV, 0.1316
RNW, 0.0766
RNH, 0.357
RNN, 0.0434
RNQ, 0.1438
RNS, 0.7328
RNT, 0.0478
RNY, 0.3274
RNG, 0.0
RNP, 0.2862
RND, 0.0514
RNE, 0.1534
RNK, 0.2702
RNR, 0.0684
RQA, 0.2384
RQC, 0.351
RQF, 0.1792
RQI, 0.3716
RQL, 0.9652
RQM, 0.4076
RQV, 0.0766
RQW, 0.5662
RQH, 0.2658
RQN, 0.3006
RQQ, 0.24
RQS, 0.4544
RQT, 0.4526
RQY, 0.2148
RQG, 0.171
RQP, 0.4502
RQD, 0.2942
RQE, 0.1494
RQK, 0.1814
RQR, 0.0
RSA, 0.255
RSC, 0.1316
RSF, 0.0924
RSI, 0.7464
RSL, 0.0714
RSM, 0.1286
RSV, 0.0744
RSW, 0.1548
RSH, 0.492
RSN, 0.3334
RSQ, 0.3136
RSS, 0.136
RST, 0.4982
RSY, 0.679
RSG, 0.273
RSP, 0.038
RSD, 0.1394
RSE, 0.3712
RSK, 0.0622
RSR, 0.2108
RTA, 0.2542
RTC, 0.1478
RTF, 0.0
RTI, 0.4042
RTL, 0.465
RTM, 0.1392
RTV, 0.389
RTW, 0.0836
RTH, 0.0442
RTN, 0.255
RTQ, 0.219
RTS, 0.0
RTT, 0.1628
RTY, 0.5906
RTG, 0.5052
RTP, 0.0
RTD, 0.2862
RTE, 0.2102
RTK, 0.0404
RTR, 0.2518
RYA, 0.2346
RYC, 0.304
RYF, 0.1212
RYI, 0.258
RYL, 0.2582
RYM, 0.0794
RYV, 0.2358
RYW, 0.2076
RYH, 0.1362
RYN, 0.3282
RYQ, 0.0
RYS, 0.0
RYT, 0.0238
RYY, 0.3918
RYG, 0.0106
RYP, 0.0244
RYD, 0.5736
RYE, 0.1818
RYK, 0.0
RYR, 0.5994
RGA, 0.0914
RGC, 0.2746
RGF, 0.0996
RGI, 0.116
RGL, 0.0676
RGM, 0.303
RGV, 0.079
RGW, 0.1806
RGH, 0.0696
RGN, 0.1594
RGQ, 0.1516
RGS, 0.0
RGT, 0.1456
RGY, 0.275
RGG, 0.1502
RGP, 0.1406
RGD, 0.4112
RGE, 0.1142
RGK, 0.0002
RGR, 0.223
RPA, 0.4642
RPC, 0.3568
RPF, 0.2956
RPI, 0.0842
RPL, 0.5218
RPM, 0.0972
RPV, 0.2498
RPW, 0.1702
RPH, 0.5184
RPN, 0.3346
RPQ, 0.0674
RPS, 0.2696
RPT, 0.364
RPY, 0.6398
RPG, 0.0788
RPP, 0.088
RPD, 0.0328
RPE, 0.127
RPK, 0.397
RPR, 0.0
RDA, 0.6222
RDC, 0.4538
RDF, 0.0292
RDI, 0.1154
RDL, 0.1092
RDM, 0.165
RDV, 0.5356
RDW, 0.0774
RDH, 0.518
RDN, 0.0264
RDQ, 0.56
RDS, 0.234
RDT, 0.6278
RDY, 0.6886
RDG, 0.1674
RDP, 0.5882
RDD, 0.0454
RDE, 0.382
RDK, 0.2466
RDR, 0.2484
REA, 0.1692
REC, 0.2988
REF, 0.1788
REI, 0.1692
REL, 0.54
REM, 0.6604
REV, 0.3236
REW, 0.1188
REH, 0.2458
REN, 0.6874
REQ, 0.5712
RES, 0.1894
RET, 0.521
REY, 0.1084
REG, 0.0694
REP, 0.251
RED, 0.161
REE, 0.3316
REK, 0.3044
RER, 0.5454
RKA, 0.174
RKC, 0.198
RKF, 0.0622
RKI, 0.0
RKL, 0.0532
RKM, 0.1998
RKV, 0.2162
RKW, 0.2554
RKH, 0.153
RKN, 0.6062
RKQ, 0.0808
RKS, 0.1062
RKT, 0.183
RKY, 0.0766
RKG, 0.4654
RKP, 0.0394
RKD, 0.27
RKE, 0.0
RKK, 0.1348
RKR, 0.1088
RRA, 0.1392
RRC, 0.6048
RRF, 0.6412
RRI, 0.4154
RRL, 0.2852
RRM, 0.1274
RRV, 0.091
RRW, 0.14
RRH, 0.1312
RRN, 0.5872
RRQ, 0.218
RRS, 0.0292
RRT, 0.6192
RRY, 0.6172
RRG, 0.5772
RRP, 0.461
RRD, 0.5318
RRE, 0.7098
RRK, 0.3384
RRR, 0.106
