AAA, 0.8244
AAC, 0.2442
AAF, 0.628
AAI, 0.445
AAL, 0.8478
AAM, 0.7218
AAV, 0.339
AAW, 0.2814
AAH, 0.2432
AAN, 0.3256
AAQ, 0.0082
AAS, 0.1022
AAT, 0.03
AAY, 0.6316
AAG, 0.3028
AAP, 0.3516
AAD, 0.138
AAE, 0.2318
AAK, 0.6254
AAR, 0.0834
ACA, 0.0696
ACC, 0.348
ACF, 0.4548
ACI, 0.4854
ACL, 0.3678
ACM, 0.4264
ACV, 0.0214
ACW, 0.1658
ACH, 0.0
ACN, 0.0986
ACQ, 0.0206
ACS, 0.249
ACT, 0.0958
ACY, 0.4458
ACG, 0.4112
ACP, 0.1802
ACD, 0.563
ACE, 0.1612
ACK, 0.2526
ACR, 0.0698
AFA, 0.2242
AFC, 0.2564
AFF, 0.148
AFI, 0.2248
AFL, 0.088
AFM, 0.8692
AFV, 0.4316
AFW, 0.1324
AFH, 0.6038
AFN, 0.3078
AFQ, 0.0888
AFS, 0.1636
AFT, 0.555
AFY, 0.3984
AFG, 0.2318
AFP, 0.6826
AFD, 0.4394
AFE, 0.422
AFK, 0.166
AFR, 0.4494
AIA, 0.0
AIC, 0.4824
AIF, 0.279
AII, 0.1452
AIL, 0.3524
AIM, 0.6824
AIV, 0.2716
AIW, 0.306
AIH, 0.118
AIN, 0.309
AIQ, 0.6614
AIS, 0.1428
AIT, 0.2268
AIY, 0.0062
AIG, 0.004
AIP, 0.2422
AID, 0.4646
AIE, 0.41
AIK, 0.3474
AIR, 0.0604
ALA, 0.9038
ALC, 0.3294
ALF, 0.0136
ALI, 0.6884
ALL, 0.4992
ALM, 0.3032
ALV, 0.066
ALW, 0.5026
ALH, 0.4218
ALN, 0.0
ALQ, 0.2838
ALS, 0.323
ALT, 0.0564
ALY, 0.1046
ALG, 0.2486
ALP, 0.5756
ALD, 0.3078
ALE, 0.2446
ALK, 0.1566
ALR, 0.04
AMA, 0.675
AMC, 0.2742
AMF, 0.136
AMI, 0.0356
AML, 0.2922
AMM, 0.3642
AMV, 0.5522
AMW, 0.1752
AMH, 0.1774
AMN, 0.2128
AMQ, 0.1338
AMS, 0.1566
AMT, 0.0254
AMY, 0.1282
AMG, 0.0328
AMP, 0.0226
AMD, 0.0856
AME, 0.2142
AMK, 0.413
AMR, 0.1436
AVA, 0.7432
AVC, 0.4408
AVF, 0.1134
AVI, 0.2348
AVL, 0.0
AVM, 0.3108
AVV, 0.104
AVW, 0.1628
AVH, 0.2432
AVN, 0.2896
AVQ, 0.4826
AVS, 0.1576
AVT, 0.4626
AVY, 0.0
AVG, 0.722
AVP, 0.0
AVD, 0.3174
AVE, 0.7344
AVK, 0.5068
AVR, 0.0414
AWA, 0.4032
AWC, 0.321
AWF, 0.5052
AWI, 0.0326
AWL, 0.3028
AWM, 0.0816
AWV, 0.1234
AWW, 0.6504
AWH, 0.273
AWN, 0.492
AWQ, 0.4048
AWS, 0.0
AWT, 0.27
AWY, 0.635
AWG, 0.1672
AWP, 0.331
AWD, 0.4746
AWE, 0.2476
AWK, 0.2312
AWR, 0.5062
AHA, 0.2796
AHC, 0.291
AHF, 0.4322
AHI, 0.4974
AHL, 0.2746
AHM, 0.2896
AHV, 0.6186
AHW, 0.7564
AHH, 0.3668
AHN, 0.2726
AHQ, 0.2264
AHS, 0.0538
AHT, 0.0854
AHY, 0.2168
AHG, 0.1604
AHP, 0.1436
AHD, 0.0444
AHE, 0.7962
AHK, 0.0
AHR, 0.494
ANA, 0.0294
ANC, 0.0114
ANF, 0.1158
ANI, 0.5174
ANL, 0.1114
ANM, 0.023
ANV, 0.2738
ANW, 0.6168
ANH, 0.0006
ANN, 0.0462
ANQ, 0.5908
ANS, 0.0058
ANT, 0.3796
ANY, 0.0812
ANG, 0.0482
ANP, 0.7082
AND, 0.0974
ANE, 0.202
ANK, 0.6798
ANR, 0.3116
AQA, 0.1442
AQC, 0.0102
AQF, 0.2928
AQI, 0.1444
AQL, 0.2272
AQM, 0.003
AQV, 0.2762
AQW, 0.2532
AQH, 0.319
AQN, 0.0
AQQ, 0.47
AQS, 0.0504
AQT, 0.1054
AQY, 0.3104
AQG, 0.1036
AQP, 0.1986
AQD, 0.0918
AQE, 0.5772
AQK, 0.501
AQR, 0.3232
ASA, 0.1326
ASC, 0.371
ASF, 0.6004
ASI, 0.4458
ASL, 0.4812
ASM, 0.1808
ASV, 0.8262
ASW, 0.4666
ASH, 0.5516
ASN, 0.3338
ASQ, 0.2432
ASS, 0.7416
AST, 0.256
ASY, 0.1914
ASG, 0.1062
ASP, 0.0494
ASD, 0.475
ASE, 0.2434
ASK, 0.484
ASR, 0.4014
ATA, 0.4694
ATC, 0.2906
ATF, 0.4958
ATI, 0.2656
ATL, 0.6228
ATM, 0.2972
ATV, 0.0822
ATW, 0.4674
ATH, 0.0726
ATN, 0.1586
ATQ, 0.3346
ATS, 0.4152
ATT, 0.1702
ATY, 0.0392
ATG, 0.0782
ATP, 0.7432
ATD, 0.491
ATE, 0.7032
ATK, 0.708
ATR, 0.0692
AYA, 0.1302
AYC, 0.1676
AYF, 0.4194
AYI, 0.5214
AYL, 0.6368
AYM, 0.1822
AYV, 0.5316
AYW, 0.1716
AYH, 0.3334
AYN, 0.0372
AYQ, 0.0
AYS, 0.7706
AYT, 0.48
AYY, 0.1484
AYG, 0.2052
AYP, 0.1052
AYD, 0.1048
AYE, 0.1276
AYK, 0.3764
AYR, 0.1046
AGA, 0.1822
AGC, 0.0762
AGF, 0.156
AGI, 0.0484
AGL, 0.044
AGM, 0.2314
AGV, 0.0544
AGW, 0.0852
AGH, 0.0512
AGN, 0.0624
AGQ, 0.4164
AGS, 0.2788
AGT, 0.0
AGY, 0.7818
AGG, 0.3622
AGP, 0.5068
AGD, 0.242
AGE, 0.0
AGK, 0.0996
AGR, 0.4976
APA, 0.1672
APC, 0.1368
APF, 0.3544
API, 0.2896
APL, 0.251
APM, 0.422
APV, 0.0
APW, 0.1402
APH, 0.19
APN, 0.6518
APQ, 0.0428
APS, 0.2198
APT, 0.0774
APY, 0.7308
APG, 0.6314
APP, 0.4094
APD, 0.5402
APE, 0.6422
APK, 0.372
APR, 0.3978
ADA, 0.0528
ADC, 0.0886
ADF, 0.107
ADI, 0.0464
ADL, 0.6522
ADM, 0.1334
ADV, 0.91
ADW, 0.551
ADH, 0.1632
ADN, 0.4796
ADQ, 0.4716
ADS, 0.0492
ADT, 0.2006
ADY, 0.3152
ADG, 0.393
ADP, 0.496
ADD, 0.3254
ADE, 0.4044
ADK, 0.4192
ADR, 0.1406
AEA, 0.2248
AEC, 0.2476
AEF, 0.0512
AEI, 0.2776
AEL, 0.167
AEM, 0.1088
AEV, 0.1224
AEW, 0.3902
AEH, 0.653
AEN, 0.204
AEQ, 0.074
AES, 0.0452
AET, 0.6504
AEY, 0.5342
AEG, 0.1294
AEP, 0.2722
AED, 0.6914
AEE, 0.1438
AEK, 0.1366
AER, 0.8416
AKA, 0.376
AKC, 0.6086
AKF, 0.0382
AKI, 0.1302
AKL, 0.7574
AKM, 0.0
AKV, 0.1904
AKW, 0.5812
AKH, 0.7282
AKN, 0.1184
AKQ, 0.0942
AKS, 0.2738
AKT, 0.0286
AKY, 0.1544
AKG, 0.016
AKP, 0.1792
AKD, 0.6168
AKE, 0.0
AKK, 0.4456
AKR, 0.1086
ARA, 0.2256
ARC, 0.1612
ARF, 0.03
ARI, 0.1762
ARL, 0.53
ARM, 0.3246
ARV, 0.4422
ARW, 0.594
ARH, 0.1478
ARN, 0.605
ARQ, 0.0032
ARS, 0.574
ART, 0.126
ARY, 0.4322
ARG, 0.0944
ARP, 0.1192
ARD, 0.166
ARE, 0.3466
ARK, 0.4122
ARR, 0.2758
CAA, 0.1806
CAC, 0.5424
CAF, 0.0348
CAI, 0.0
CAL, 0.5674
CAM, 0.2386
CAV, 0.2128
CAW, 0.0384
CAH, 0.1126
CAN, 0.1758
CAQ, 0.0274
CAS, 0.1006
CAT, 0.0
CAY, 0.4286
CAG, 0.1898
CAP, 0.2266
CAD, 0.528
CAE, 0.3664
CAK, 0.11
CAR, 0.1408
CCA, 0.0064
CCC, 0.0764
CCF, 0.2544
CCI, 0.2634
CCL, 0.568
CCM, 0.288
CCV, 0.269
CCW, 0.3862
CCH, 0.0632
CCN, 0.1628
CCQ, 0.1218
CCS, 0.0264
CCT, 0.2218
CCY, 0.3564
CCG, 0.508
CCP, 0.0294
CCD, 0.304
CCE, 0.596
CCK, 0.5328
CCR, 0.1336
CFA, 0.36
CFC, 0.5696
CFF, 0.3234
CFI, 0.1258
CFL, 0.0464
CFM, 0.4308
CFV, 0.5998
CFW, 0.2738
CFH, 0.4844
CFN, 0.1486
CFQ, 0.035
CFS, 0.0642
CFT, 0.0132
CFY, 0.0882
CFG, 0.0502
CFP, 0.7448
CFD, 0.2354
CFE, 0.0024
CFK, 0.1164
CFR, 0.3042
CIA, 0.4176
CIC, 0.0188
CIF, 0.205
CII, 0.3408
CIL, 0.0792
CIM, 0.1308
CIV, 0.2298
CIW, 0.1554
CIH, 0.568
CIN, 0.1102
CIQ, 0.056
CIS, 0.2428
CIT, 0.3314
CIY, 0.3866
CIG, 0.2264
CIP, 0.2148
CID, 0.0
CIE, 0.1614
CIK, 0.1984
CIR, 0.2446
CLA, 0.4696
CLC, 0.669
CLF, 0.3244
CLI, 0.626
CLL, 0.3484
CLM, 0.2018
CLV, 0.037
CLW, 0.1138
CLH, 0.335
CLN, 0.6728
CLQ, 0.4834
CLS, 0.0896
CLT, 0.3466
CLY, 0.171
CLG, 0.2886
CLP, 0.4446
CLD, 0.4904
CLE, 0.241
CLK, 0.415
CLR, 0.15
CMA, 0.1174
CMC, 0.106
CMF, 0.0962
CMI, 0.108
CML, 0.4852
CMM, 0.3784
CMV, 0.338
CMW, 0.1274
CMH, 0.0098
CMN, 0.3586
CMQ, 0.8418
CMS, 0.3408
CMT, 0.3172
CMY, 0.4038
CMG, 0.4298
CMP, 0.1336
CMD, 0.577
CME, 0.2
CMK, 0.422
CMR, 0.2888
CVA, 0.0332
CVC, 0.3172
CVF, 0.5154
CVI, 0.4416
CVL, 0.279
CVM, 0.1182
CVV, 0.5262
CVW, 0.3288
CVH, 0.2696
CVN, 0.2798
CVQ, 0.0402
CVS, 0.155
CVT, 0.229
CVY, 0.1948
CVG, 0.3466
CVP, 0.329
CVD, 0.2654
CVE, 0.5402
CVK, 0.2078
CVR, 0.3056
CWA, 0.3862
CWC, 0.5686
CWF, 0.2244
CWI, 0.0
CWL, 0.26
CWM, 0.1354
CWV, 0.0972
CWW, 0.0
CWH, 0.504
CWN, 0.0
CWQ, 0.4436
CWS, 0.0716
CWT, 0.0
CWY, 0.3146
CWG, 0.1344
CWP, 0.3336
CWD, 0.466
CWE, 0.5532
CWK, 0.376
CWR, 0.3978
CHA, 0.4498
CHC, 0.0504
CHF, 0.2954
CHI, 0.0858
CHL, 0.026
CHM, 0.0
CHV, 0.148
CHW, 0.562
CHH, 0.0236
CHN, 0.3546
CHQ, 0.1924
CHS, 0.2064
CHT, 0.2188
CHY, 0.217
CHG, 0.3408
CHP, 0.248
CHD, 0.525
CHE, 0.3278
CHK, 0.0
CHR, 0.1888
CNA, 0.1086
CNC, 0.0
CNF, 0.7624
CNI, 0.135
CNL, 0.3656
CNM, 0.2686
CNV, 0.2296
CNW, 0.286
CNH, 0.4392
CNN, 0.5264
CNQ, 0.0
CNS, 0.3106
CNT, 0.112
CNY, 0.0706
CNG, 0.208
CNP, 0.3834
CND, 0.3206
CNE, 0.1624
CNK, 0.0
CNR, 0.2908
CQA, 0.0102
CQC, 0.2828
CQF, 0.2468
CQI, 0.2252
CQL, 0.0
CQM, 0.2568
CQV, 0.2078
CQW, 0.6312
CQH, 0.094
CQN, 0.3536
CQQ, 0.0104
CQS, 0.058
CQT, 0.2344
CQY, 0.114
CQG, 0.223
CQP, 0.4722
CQD, 0.3456
CQE, 0.1344
CQK, 0.0658
CQR, 0.0254
CSA, 0.7474
CSC, 0.5234
CSF, 0.5576
CSI, 0.2182
CSL, 0.4046
CSM, 0.0916
CSV, 0.5208
CSW, 0.3386
CSH, 0.664
CSN, 0.0848
CSQ, 0.3094
CSS, 0.0
CST, 0.2298
CSY, 0.2344
CSG, 0.0456
CSP, 0.441
CSD, 0.2264
CSE, 0.0108
CSK, 0.1682
CSR, 0.0408
CTA, 0.7186
CTC, 0.6234
CTF, 0.0
CTI, 0.3666
CTL, 0.158
CTM, 0.104
CTV, 0.1186
CTW, 0.3446
CTH, 0.1098
CTN, 0.4918
CTQ, 0.5282
CTS, 0.3676
CTT, 0.5102
CTY, 0.0572
CTG, 0.122
CTP, 0.0594
CTD, 0.3052
CTE, 0.0
CTK, 0.0498
CTR, 0.1798
CYA, 0.0118
CYC, 0.211
CYF, 0.5946
CYI, 0.1426
CYL, 0.2888
CYM, 0.3164
CYV, 0.1676
CYW, 0.1492
CYH, 0.2174
CYN, 0.0734
CYQ, 0.268
CYS, 0.4594
CYT, 0.4182
CYY, 0.551
CYG, 0.4034
CYP, 0.2352
CYD, 0.0
CYE, 0.5096
CYK, 0.0352
CYR, 0.3666
CGA, 0.6976
CGC, 0.1352
CGF, 0.054
CGI, 0.0
CGL, 0.2038
CGM, 0.1822
CGV, 0.0924
CGW, 0.279
CGH, 0.057
CGN, 0.26
CGQ, 0.3338
CGS, 0.0874
CGT, 0.2138
CGY, 0.1972
CGG, 0.2816
CGP, 0.0
CGD, 0.3092
CGE, 0.0822
CGK, 0.1618
CGR, 0.1786
CPA, 0.0544
CPC, 0.2694
CPF, 0.3524
CPI, 0.0202
CPL, 0.3076
CPM, 0.0004
CPV, 0.1572
CPW, 0.523
CPH, 0.1352
CPN, 0.0638
CPQ, 0.1248
CPS, 0.0576
CPT, 0.3032
CPY, 0.1976
CPG, 0.3024
CPP, 0.4346
CPD, 0.1572
CPE, 0.8346
CPK, 0.2386
CPR, 0.3522
CDA, 0.5308
CDC, 0.4894
CDF, 0.4226
CDI, 0.6258
CDL, 0.0534
CDM, 0.056
CDV, 0.167
CDW, 0.3416
CDH, 0.3834
CDN, 0.1442
CDQ, 0.4156
CDS, 0.1642
CDT, 0.456
CDY, 0.0346
CDG, 0.3112
CDP, 0.3096
CDD, 0.3642
CDE, 0.1576
CDK, 0.0822
CDR, 0.1136
CEA, 0.489
CEC, 0.1162
CEF, 0.1858
CEI, 0.4168
CEL, 0.0414
CEM, 0.2966
CEV, 0.1212
CEW, 0.2336
CEH, 0.2066
CEN, 0.1376
CEQ, 0.2372
CES, 0.3378
CET, 0.1536
CEY, 0.1342
CEG, 0.2738
CEP, 0.4624
CED, 0.21
CEE, 0.4696
CEK, 0.1798
CER, 0.1952
CKA, 0.0584
CKC, 0.1588
CKF, 0.545
CKI, 0.3276
CKL, 0.7038
CKM, 0.236
CKV, 0.5198
CKW, 0.5372
CKH, 0.5666
CKN, 0.3206
CKQ, 0.1696
CKS, 0.1398
CKT, 0.1374
CKY, 0.6748
CKG, 0.1372
CKP, 0.2712
CKD, 0.706
CKE, 0.111
CKK, 0.1068
CKR, 0.1822
CRA, 0.1602
CRC, 0.3678
CRF, 0.2824
CRI, 0.0976
CRL, 0.108
CRM, 0.2188
CRV, 0.0962
CRW, 0.1408
CRH, 0.162
CRN, 0.5928
CRQ, 0.023
CRS, 0.4944
CRT, 0.1074
CRY, 0.3978
CRG, 0.134
CRP, 0.1766
CRD, 0.3084
CRE, 0.1426
CRK, 0.0662
CRR, 0.118
FAA, 0.5998
FAC, 0.159
FAF, 0.5664
FAI, 0.0678
FAL, 0.4356
FAM, 0.0118
FAV, 0.2358
FAW, 0.686
FAH, 0.6402
FAN, 0.335
FAQ, 0.0
FAS, 0.2342
FAT, 0.6658
FAY, 0.4388
FAG, 0.7968
FAP, 0.0
FAD, 0.193
FAE, 0.3836
FAK, 0.1598
FAR, 0.4904
FCA, 0.1098
FCC, 0.3924
FCF, 0.0
FCI, 0.0476
FCL, 0.5864
FCM, 0.0312
FCV, 0.225
FCW, 0.7454
FCH, 0.5752
FCN, 0.4058
FCQ, 0.738
FCS, 0.398
FCT, 0.0644
FCY, 0.1286
FCG, 0.2006
FCP, 0.5392
FCD, 0.084
FCE, 0.1974
FCK, 0.4672
FCR, 0.233
FFA, 0.5324
FFC, 0.0
FFF, 0.0792
FFI, 0.296
FFL, 0.0148
FFM, 0.3104
FFV, 0.3692
FFW, 0.173
FFH, 0.434
FFN, 0.155
FFQ, 0.4118
FFS, 0.2072
FFT, 0.3176
FFY, 0.257
FFG, 0.1384
FFP, 0.3328
FFD, 0.2636
FFE, 0.2082
FFK, 0.0398
FFR, 0.055
FIA, 0.4124
FIC, 0.475
FIF, 0.165
FII, 0.0292
FIL, 0.829
FIM, 0.5496
FIV, 0.0
FIW, 0.307
FIH, 0.0414
FIN, 0.2876
FIQ, 0.0152
FIS, 0.364
FIT, 0.304
FIY, 0.2698
FIG, 0.5588
FIP, 0.3018
FID, 0.2264
FIE, 0.6206
FIK, 0.2198
FIR, 0.1102
FLA, 0.3366
FLC, 0.4316
FLF, 0.3856
FLI, 0.1316
FLL, 0.0766
FLM, 0.2486
FLV, 0.1054
FLW, 0.1838
FLH, 0.3106
FLN, 0.0
FLQ, 0.7386
FLS, 0.237
FLT, 0.242
FLY, 0.329
FLG, 0.1298
FLP, 0.352
FLD, 0.373
FLE, 0.2254
FLK, 0.3716
FLR, 0.0144
FMA, 0.4344
FMC, 0.0134
FMF, 0.4728
FMI, 0.2506
FML, 0.284
FMM, 0.515
FMV, 0.1412
FMW, 0.5296
FMH, 0.4862
FMN, 0.0
FMQ, 0.295
FMS, 0.6468
FMT, 0.4284
FMY, 0.0
FMG, 0.0592
FMP, 0.2578
FMD, 0.3694
FME, 0.4366
FMK, 0.0102
FMR, 0.195
FVA, 0.2506
FVC, 0.8034
FVF, 0.4882
FVI, 0.0882
FVL, 0.5256
FVM, 0.2624
FVV, 0.1726
FVW, 0.3528
FVH, 0.3968
FVN, 0.3028
FVQ, 0.0308
FVS, 0.6068
FVT, 0.4418
FVY, 0.1872
FVG, 0.2196
FVP, 0.7436
FVD, 0.5506
FVE, 0.4538
FVK, 0.0
FVR, 0.0
FWA, 0.0
FWC, 0.1346
FWF, 0.0072
FWI, 0.3988
FWL, 0.2464
FWM, 0.5014
FWV, 0.2032
FWW, 0.5692
FWH, 0.0626
FWN, 0.0764
FWQ, 0.0
FWS, 0.3824
FWT, 0.075
FWY, 0.2412
FWG, 0.4976
FWP, 0.4388
FWD, 0.0718
FWE, 0.5396
FWK, 0.076
FWR, 0.2078
FHA, 0.093
FHC, 0.3326
FHF, 0.2118
FHI, 0.3504
FHL, 0.5242
FHM, 0.323
FHV, 0.5502
FHW, 0.1476
FHH, 0.1438
FHN, 0.054
FHQ, 0.0572
FHS, 0.1696
FHT, 0.6224
FHY, 0.138
FHG, 0.462
FHP, 0.1166
FHD, 0.2092
FHE, 0.112
FHK, 0.236
FHR, 0.5274
FNA, 0.5342
FNC, 0.0666
FNF, 0.1006
FNI, 0.0
FNL, 0.0216
FNM, 0.1022
FNV, 0.2384
FNW, 0.2246
FNH, 0.0
FNN, 0.3344
FNQ, 0.5784
FNS, 0.1716
FNT, 0.2638
FNY, 0.0
FNG, 0.3018
FNP, 0.1738
FND, 0.0638
FNE, 0.0686
FNK, 0.1596
FNR, 0.3042
FQA, 0.237
FQC, 0.0
FQF, 0.09
FQI, 0.0
FQL, 0.2008
FQM, 0.2388
FQV, 0.2284
FQW, 0.0696
FQH, 0.2722
FQN, 0.3666
FQQ, 0.3146
FQS, 0.385
FQT, 0.4158
FQY, 0.0048
FQG, 0.3972
FQP, 0.3142
FQD, 0.0714
FQE, 0.025
FQK, 0.3906
FQR, 0.4806
FSA, 0.5464
FSC, 0.4674
FSF, 0.1368
FSI, 0.2402
FSL, 0.37
FSM, 0.4494
FSV, 0.352
FSW, 0.3088
FSH, 0.1224
FSN, 0.3278
FSQ, 0.1492
FSS, 0.1398
FST, 0.5738
FSY, 0.0722
FSG, 0.149
FSP, 0.0718
FSD, 0.2708
FSE, 0.3048
FSK, 0.0
FSR, 0.1252
FTA, 0.294
FTC, 0.0684
FTF, 0.6754
FTI, 0.5182
FTL, 0.2758
FTM, 0.0
FTV, 0.0074
FTW, 0.4268
FTH, 0.0936
FTN, 0.3174
FTQ, 0.2242
FTS, 0.1194
FTT, 0.2764
FTY, 0.0
FTG, 0.0104
FTP, 0.3626
FTD, 0.3886
FTE, 0.858
FTK, 0.4364
FTR, 0.0556
FYA, 0.189
FYC, 0.017
FYF, 0.5948
FYI, 0.1648
FYL, 0.441
FYM, 0.0402
FYV, 0.112
FYW, 0.1954
FYH, 0.437
FYN, 0.0314
FYQ, 0.2348
FYS, 0.1508
FYT, 0.2122
FYY, 0.5416
FYG, 0.0
FYP, 0.1344
FYD, 0.2722
FYE, 0.2824
FYK, 0.321
FYR, 0.6366
FGA, 0.0602
FGC, 0.0462
FGF, 0.029
FGI, 0.126
FGL, 0.2656
FGM, 0.279
FGV, 0.015
FGW, 0.3802
FGH, 0.2728
FGN, 0.5054
FGQ, 0.4328
FGS, 0.0658
FGT, 0.6422
FGY, 0.4136
FGG, 0.254
FGP, 0.288
FGD, 0.287
FGE, 0.451
FGK, 0.614
FGR, 0.4826
FPA, 0.4004
FPC, 0.3562
FPF, 0.0852
FPI, 0.057
FPL, 0.0542
FPM, 0.733
FPV, 0.7766
FPW, 0.086
FPH, 0.0
FPN, 0.4126
FPQ, 0.2186
FPS, 0.3558
FPT, 0.4276
FPY, 0.6724
FPG, 0.0758
FPP, 0.3526
FPD, 0.4962
FPE, 0.3442
FPK, 0.3912
FPR, 0.2454
FDA, 0.0324
FDC, 0.3552
FDF, 0.1852
FDI, 0.0
FDL, 0.0554
FDM, 0.4308
FDV, 0.3152
FDW, 0.1166
FDH, 0.0302
FDN, 0.3368
FDQ, 0.4148
FDS, 0.0108
FDT, 0.1426
FDY, 0.3192
FDG, 0.4146
FDP, 0.4814
FDD, 0.7036
FDE, 0.4332
FDK, 0.456
FDR, 0.3564
FEA, 0.2462
FEC, 0.0644
FEF, 0.0584
FEI, 0.1576
FEL, 0.6478
FEM, 0.2894
FEV, 0.4084
FEW, 0.2894
FEH, 0.1992
FEN, 0.468
FEQ, 0.6342
FES, 0.4404
FET, 0.0
FEY, 0.4138
FEG, 0.4948
FEP, 0.189
FED, 0.0574
FEE, 0.4276
FEK, 0.058
FER, 0.2286
FKA, 0.3332
FKC, 0.5686
FKF, 0.3992
FKI, 0.399
FKL, 0.484
FKM, 0.091
FKV, 0.2118
FKW, 0.048
FKH, 0.26
FKN, 0.2958
FKQ, 0.0
FKS, 0.5342
FKT, 0.106
FKY, 0.248
FKG, 0.0794
FKP, 0.3438
FKD, 0.3104
FKE, 0.2646
FKK, 0.4324
FKR, 0.3656
FRA, 0.5116
FRC, 0.0464
FRF, 0.7236
FRI, 0.4428
FRL, 0.3952
FRM, 0.303
FRV, 0.0748
FRW, 0.1882
FRH, 0.2278
FRN, 0.442
FRQ, 0.696
FRS, 0.0888
FRT, 0.0934
FRY, 0.4618
FRG, 0.3662
FRP, 0.2786
FRD, 0.0
FRE, 0.5762
FRK, 0.4038
FRR, 0.5256
IAA, 0.498
IAC, 0.364
IAF, 0.1058
IAI, 0.4454
IAL, 0.1646
IAM, 0.5262
IAV, 0.12
IAW, 0.0822
IAH, 0.366
IAN, 0.2936
IAQ, 0.366
IAS, 0.0
IAT, 0.298
IAY, 0.4556
IAG, 0.0688
IAP, 0.0
IAD, 0.0
IAE, 0.2696
IAK, 0.1814
IAR, 0.1654
ICA, 0.6252
ICC, 0.2904
ICF, 0.3772
ICI, 0.5066
ICL, 0.3086
ICM, 0.2726
ICV, 0.2814
ICW, 0.0
ICH, 0.4754
ICN, 0.2698
ICQ, 0.0
ICS, 0.2258
ICT, 0.7932
ICY, 0.1486
ICG, 0.2518
ICP, 0.4858
ICD, 0.3676
ICE, 0.0962
ICK, 0.6244
ICR, 0.3762
IFA, 0.3072
IFC, 0.2724
IFF, 0.2496
IFI, 0.5914
IFL, 0.2096
IFM, 0.525
IFV, 0.6264
IFW, 0.2012
IFH, 0.3908
IFN, 0.0132
IFQ, 0.2768
IFS, 0.5988
IFT, 0.1026
IFY, 0.0234
IFG, 0.5284
IFP, 0.0578
IFD, 0.1952
IFE, 0.1958
IFK, 0.0962
IFR, 0.4434
IIA, 0.1192
IIC, 0.4038
IIF, 0.1114
III, 0.301
IIL, 0.3624
IIM, 0.672
IIV, 0.1728
IIW, 0.099
IIH, 0.0676
IIN, 0.351
IIQ, 0.4504
IIS, 0.3158
IIT, 0.3094
IIY, 0.0992
IIG, 0.238
IIP, 0.0
IID, 0.546
IIE, 0.2926
IIK, 0.146
IIR, 0.409
ILA, 0.1414
ILC, 0.3618
ILF, 0.1476
ILI, 0.1746
ILL, 0.7058
ILM, 0.3628
ILV, 0.0846
ILW, 0.3372
ILH, 0.3718
ILN, 0.0
ILQ, 0.5996
ILS, 0.2452
ILT, 0.1536
ILY, 0.0718
ILG, 0.8034
ILP, 0.3338
ILD, 0.0
ILE, 0.8166
ILK, 0.5038
ILR, 0.1138
IMA, 0.7688
IMC, 0.5682
IMF, 0.234
IMI, 0.1348
IML, 0.505
IMM, 0.1044
IMV, 0.246
IMW, 0.531
IMH, 0.0828
IMN, 0.4036
IMQ, 0.3028
IMS, 0.1502
IMT, 0.3016
IMY, 0.362
IMG, 0.4314
IMP, 0.4976
IMD, 0.3396
IME, 0.3188
IMK, 0.0402
IMR, 0.335
IVA, 0.0006
IVC, 0.0838
IVF, 0.0
IVI, 0.6282
IVL, 0.5486
IVM, 0.3536
IVV, 0.0086
IVW, 0.416
IVH, 0.1244
IVN, 0.5908
IVQ, 0.5276
IVS, 0.1448
IVT, 0.3662
IVY, 0.1388
IVG, 0.186
IVP, 0.0708
IVD, 0.1008
IVE, 0.1856
IVK, 0.3768
IVR, 0.0898
IWA, 0.1606
IWC, 0.033
IWF, 0.223
IWI, 0.0336
IWL, 0.7052
IWM, 0.1692
IWV, 0.417
IWW, 0.2418
IWH, 0.6948
IWN, 0.0476
IWQ, 0.362
IWS, 0.7096
IWT, 0.4092
IWY, 0.4934
IWG, 0.0828
IWP, 0.0152
IWD, 0.0496
IWE, 0.8492
IWK, 0.3638
IWR, 0.2856
IHA, 0.3544
IHC, 0.0398
IHF, 0.4738
IHI, 0.2848
IHL, 0.0826
IHM, 0.3824
IHV, 0.1948
IHW, 0.1168
IHH, 0.2424
IHN, 0.1686
IHQ, 0.4466
IHS, 0.4992
IHT, 0.1688
IHY, 0.4464
IHG, 0.3064
IHP, 0.441
IHD, 0.3336
IHE, 0.425
IHK, 0.3858
IHR, 0.0798
INA, 0.1362
INC, 0.1092
INF, 0.1968
INI, 0.1548
INL, 0.07
INM, 0.3168
INV, 0.0776
INW, 0.2716
INH, 0.0122
INN, 0.2498
INQ, 0.545
INS, 0.3638
INT, 0.4144
INY, 0.1466
ING, 0.2896
INP, 0.3876
IND, 0.2798
INE, 0.191
INK, 0.3022
INR, 0.4538
IQA, 0.4976
IQC, 0.0772
IQF, 0.3368
IQI, 0.445
IQL, 0.3768
IQM, 0.124
IQV, 0.283
IQW, 0.2032
IQH, 0.1586
IQN, 0.53
IQQ, 0.4198
IQS, 0.1072
IQT, 0.1658
IQY, 0.1496
IQG, 0.0092
IQP, 0.4302
IQD, 0.2934
IQE, 0.6234
IQK, 0.0778
IQR, 0.315
ISA, 0.591
ISC, 0.5362
ISF, 0.191
ISI, 0.1554
ISL, 0.1694
ISM, 0.6094
ISV, 0.1924
ISW, 0.1976
ISH, 0.6398
ISN, 0.0
ISQ, 0.1722
ISS, 0.0
IST, 0.6866
ISY, 0.3826
ISG, 0.4328
ISP, 0.2248
ISD, 0.0256
ISE, 0.0426
ISK, 0.4124
ISR, 0.3526
ITA, 0.0272
ITC, 0.5074
ITF, 0.1682
ITI, 0.5324
ITL, 0.0464
ITM, 0.1096
ITV, 0.326
ITW, 0.583
ITH, 0.4958
ITN, 0.4614
ITQ, 0.0
ITS, 0.1718
ITT, 0.4964
ITY, 0.1836
ITG, 0.6586
ITP, 0.4924
ITD, 0.198
ITE, 0.4606
ITK, 0.2394
ITR, 0.1504
IYA, 0.7016
IYC, 0.3576
IYF, 0.5074
IYI, 0.158
IYL, 0.2452
IYM, 0.3008
IYV, 0.1962
IYW, 0.342
IYH, 0.4378
IYN, 0.5044
IYQ, 0.348
IYS, 0.11
IYT, 0.1138
IYY, 0.7004
IYG, 0.1086
IYP, 0.043
IYD, 0.6942
IYE, 0.3754
IYK, 0.3276
IYR, 0.1412
IGA, 0.3254
IGC, 0.4868
IGF, 0.2826
IGI, 0.0
IGL, 0.0
IGM, 0.0
IGV, 0.4908
IGW, 0.468
IGH, 0.604
IGN, 0.0432
IGQ, 0.2548
IGS, 0.4696
IGT, 0.5988
IGY, 0.506
IGG, 0.2372
IGP, 0.0614
IGD, 0.11
IGE, 0.262
IGK, 0.0492
IGR, 0.104
IPA, 0.1018
IPC, 0.0
IPF, 0.2148
IPI, 0.0914
IPL, 0.3212
IPM, 0.1656
IPV, 0.1574
IPW, 0.424
IPH, 0.021
IPN, 0.1126
IPQ, 0.4028
IPS, 0.2234
IPT, 0.0296
IPY, 0.1378
IPG, 0.113
IPP, 0.3084
IPD, 0.079
IPE, 0.6034
IPK, 0.2364
IPR, 0.1508
IDA, 0.0
IDC, 0.2782
IDF, 0.4272
IDI, 0.0256
IDL, 0.412
IDM, 0.535
IDV, 0.4458
IDW, 0.4578
IDH, 0.1326
IDN, 0.1506
IDQ, 0.3422
IDS, 0.7694
IDT, 0.6062
IDY, 0.3226
IDG, 0.1656
IDP, 0.3188
IDD, 0.4538
IDE, 0.1028
IDK, 0.179
IDR, 0.1736
IEA, 0.0904
IEC, 0.2716
IEF, 0.2512
IEI, 0.0162
IEL, 0.3738
IEM, 0.1056
IEV, 0.3866
IEW, 0.3318
IEH, 0.5192
IEN, 0.548
IEQ, 0.6436
IES, 0.0356
IET, 0.1198
IEY, 0.4234
IEG, 0.0242
IEP, 0.6456
IED, 0.3518
IEE, 0.186
IEK, 0.6824
IER, 0.0
IKA, 0.181
IKC, 0.2164
IKF, 0.0434
IKI, 0.0226
IKL, 0.2266
IKM, 0.0
IKV, 0.596
IKW, 0.0474
IKH, 0.3056
IKN, 0.3324
IKQ, 0.3952
IKS, 0.4826
IKT, 0.118
IKY, 0.2514
IKG, 0.5708
IKP, 0.1816
IKD, 0.3058
IKE, 0.0812
IKK, 0.2594
IKR, 0.5974
IRA, 0.0944
IRC, 0.2414
IRF, 0.5194
IRI, 0.48
IRL, 0.1788
IRM, 0.4526
IRV, 0.3026
IRW, 0.4678
IRH, 0.344
IRN, 0.0
IRQ, 0.1658
IRS, 0.3752
IRT, 0.029
IRY, 0.2114
IRG, 0.143
IRP, 0.0026
IRD, 0.0906
IRE, 0.2316
IRK, 0.138
IRR, 0.4162
LAA, 0.8648
LAC, 0.0
LAF, 0.2242
LAI, 0.5942
LAL, 0.0092
LAM, 0.3708
LAV, 0.2758
LAW, 0.6044
LAH, 0.3396
LAN, 0.127
LAQ, 0.0
LAS, 0.1002
LAT, 0.0342
LAY, 0.225
LAG, 0.0782
LAP, 0.781
LAD, 0.4178
LAE, 0.2608
LAK, 0.0926
LAR, 0.729
LCA, 0.2024
LCC, 0.3876
LCF, 0.2254
LCI, 0.3794
LCL, 0.316
LCM, 0.1806
LCV, 0.3358
LCW, 0.853
LCH, 0.0602
LCN, 0.193
LCQ, 0.0372
LCS, 0.377
LCT, 0.4586
LCY, 0.0382
LCG, 0.5632
LCP, 0.4502
LCD, 0.645
LCE, 0.6104
LCK, 0.1026
LCR, 0.135
LFA, 0.2806
LFC, 0.1298
LFF, 0.0518
LFI, 0.0
LFL, 0.1274
LFM, 0.4702
LFV, 0.0
LFW, 0.1858
LFH, 0.021
LFN, 0.3304
LFQ, 0.1434
LFS, 0.0696
LFT, 0.6014
LFY, 0.0462
LFG, 0.002
LFP, 0.317
LFD, 0.0
LFE, 0.3658
LFK, 0.1286
LFR, 0.6762
LIA, 0.4352
LIC, 0.249
LIF, 0.2578
LII, 0.0
LIL, 0.0366
LIM, 0.1204
LIV, 0.7064
LIW, 0.4888
LIH, 0.1088
LIN, 0.7834
LIQ, 0.0158
LIS, 0.2092
LIT, 0.2556
LIY, 0.3916
LIG, 0.3606
LIP, 0.332
LID, 0.0494
LIE, 0.05
LIK, 0.2276
LIR, 0.387
LLA, 0.3308
LLC, 0.3542
LLF, 0.5146
LLI, 0.1786
LLL, 0.2788
LLM, 0.39
LLV, 0.1236
LLW, 0.0
LLH, 0.605
LLN, 0.2182
LLQ, 0.3588
LLS, 0.6858
LLT, 0.2372
LLY, 0.1998
LLG, 0.393
LLP, 0.563
LLD, 0.7438
LLE, 0.4028
LLK, 0.3328
LLR, 0.073
LMA, 0.402
LMC, 0.388
LMF, 0.0
LMI, 0.3222
LML, 0.1114
LMM, 0.0812
LMV, 0.0712
LMW, 0.208
LMH, 0.3324
LMN, 0.1648
LMQ, 0.0604
LMS, 0.1574
LMT, 0.4094
LMY, 0.1262
LMG, 0.1422
LMP, 0.4866
LMD, 0.5506
LME, 0.8714
LMK, 0.0486
LMR, 0.0102
LVA, 0.0
LVC, 0.3902
LVF, 0.1504
LVI, 0.0
LVL, 0.1964
LVM, 0.767
LVV, 0.5288
LVW, 0.3906
LVH, 0.2578
LVN, 0.1356
LVQ, 0.1718
LVS, 0.005
LVT, 0.1868
LVY, 0.156
LVG, 0.7564
LVP, 0.5496
LVD, 0.4042
LVE, 0.1242
LVK, 0.9194
LVR, 0.5944
LWA, 0.0218
LWC, 0.143
LWF, 0.1152
LWI, 0.128
LWL, 0.1832
LWM, 0.5042
LWV, 0.576
LWW, 0.0312
LWH, 0.006
LWN, 0.4412
LWQ, 0.3192
LWS, 0.0674
LWT, 0.032
LWY, 0.729
LWG, 0.027
LWP, 0.2892
LWD, 0.3
LWE, 0.0324
LWK, 0.198
LWR, 0.3664
LHA, 0.2328
LHC, 0.1978
LHF, 0.6498
LHI, 0.624
LHL, 0.4682
LHM, 0.2988
LHV, 0.6326
LHW, 0.5488
LHH, 0.2764
LHN, 0.1634
LHQ, 0.0
LHS, 0.5964
LHT, 0.2448
LHY, 0.2152
LHG, 0.3598
LHP, 0.0
LHD, 0.2028
LHE, 0.6252
LHK, 0.2954
LHR, 0.0786
LNA, 0.325
LNC, 0.4308
LNF, 0.149
LNI, 0.0494
LNL, 0.6604
LNM, 0.2836
LNV, 0.138
LNW, 0.436
LNH, 0.63
LNN, 0.4644
LNQ, 0.2264
LNS, 0.052
LNT, 0.3422
LNY, 0.3068
LNG, 0.121
LNP, 0.1428
LND, 0.0346
LNE, 0.395
LNK, 0.2368
LNR, 0.3522
LQA, 0.0454
LQC, 0.1546
LQF, 0.0106
LQI, 0.2086
LQL, 0.3154
LQM, 0.0088
LQV, 0.169
LQW, 0.4134
LQH, 0.2742
LQN, 0.234
LQQ, 0.2752
LQS, 0.33
LQT, 0.5762
LQY, 0.2488
LQG, 0.03
LQP, 0.408
LQD, 0.0838
LQE, 0.3982
LQK, 0.2878
LQR, 0.5364
LSA, 0.3772
LSC, 0.154
LSF, 0.2194
LSI, 0.6052
LSL, 0.8044
LSM, 0.6194
LSV, 0.3806
LSW, 0.6472
LSH, 0.4088
LSN, 0.3064
LSQ, 0.5192
LSS, 0.3748
LST, 0.3052
LSY, 0.2642
LSG, 0.0
LSP, 0.5664
LSD, 0.2298
LSE, 0.5622
LSK, 0.4422
LSR, 0.3564
LTA, 0.6746
LTC, 0.1882
LTF, 0.1064
LTI, 0.783
LTL, 0.161
LTM, 0.1524
LTV, 0.0492
LTW, 0.117
LTH, 0.0082
LTN, 0.3388
LTQ, 0.2012
LTS, 0.0102
LTT, 0.0098
LTY, 0.0498
LTG, 0.5522
LTP, 0.0084
LTD, 0.3444
LTE, 0.5082
LTK, 0.2644
LTR, 0.1502
LYA, 0.2684
LYC, 0.343
LYF, 0.3738
LYI, 0.3722
LYL, 0.2286
LYM, 0.1636
LYV, 0.7228
LYW, 0.5892
LYH, 0.1888
LYN, 0.1492
LYQ, 0.0026
LYS, 0.5324
LYT, 0.0724
LYY, 0.0342
LYG, 0.2986
LYP, 0.6658
LYD, 0.4864
LYE, 0.171
LYK, 0.0
LYR, 0.4038
LGA, 0.037
LGC, 0.2502
LGF, 0.1474
LGI, 0.034
LGL, 0.7294
LGM, 0.2
LGV, 0.1594
LGW, 0.1796
LGH, 0.0392
LGN, 0.0542
LGQ, 0.701
LGS, 0.2806
LGT, 0.4204
LGY, 0.2822
LGG, 0.3608
LGP, 0.5102
LGD, 0.4174
LGE, 0.4594
LGK, 0.8172
LGR, 0.3116
LPA, 0.4408
LPC, 0.1412
LPF, 0.1386
LPI, 0.3334
LPL, 0.5904
LPM, 0.0548
LPV, 0.0948
LPW, 0.0
LPH, 0.6798
LPN, 0.1958
LPQ, 0.7006
LPS, 0.5354
LPT, 0.3514
LPY, 0.1488
LPG, 0.4778
LPP, 0.174
LPD, 0.0
LPE, 0.4924
LPK, 0.4074
LPR, 0.2514
LDA, 0.2558
LDC, 0.4336
LDF, 0.603
LDI, 0.2932
LDL, 0.0498
LDM, 0.0292
LDV, 0.0632
LDW, 0.5534
LDH, 0.2732
LDN, 0.29
LDQ, 0.1776
LDS, 0.2372
LDT, 0.2828
LDY, 0.0936
LDG, 0.2062
LDP, 0.2094
LDD, 0.5456
LDE, 0.24
LDK, 0.328
LDR, 0.0322
LEA, 0.0
LEC, 0.4776
LEF, 0.4014
LEI, 0.0194
LEL, 0.4514
LEM, 0.0206
LEV, 0.2076
LEW, 0.2962
LEH, 0.3548
LEN, 0.0042
LEQ, 0.3098
LES, 0.3892
LET, 0.269
LEY, 0.3692
LEG, 0.3588
LEP, 0.2324
LED, 0.5134
LEE, 0.4266
LEK, 0.7122
LER, 0.273
LKA, 0.817
LKC, 0.5404
LKF, 0.0462
LKI, 0.1724
LKL, 0.1528
LKM, 0.2772
LKV, 0.138
LKW, 0.0
LKH, 0.2014
LKN, 0.2174
LKQ, 0.361
LKS, 0.3028
LKT, 0.4884
LKY, 0.6238
LKG, 0.8998
LKP, 0.3522
LKD, 0.6406
LKE, 0.6208
LKK, 0.5484
LKR, 0.6452
LRA, 0.1172
LRC, 0.0192
LRF, 0.4666
LRI, 0.56
LRL, 0.3148
LRM, 0.3654
LRV, 0.0112
LRW, 0.5418
LRH, 0.3836
LRN, 0.045
LRQ, 0.0
LRS, 0.3868
LRT, 0.0
LRY, 0.1204
LRG, 0.3798
LRP, 0.078
LRD, 0.724
LRE, 0.3286
LRK, 0.0296
LRR, 0.3978
MAA, 0.0668
MAC, 0.0338
MAF, 0.1692
MAI, 0.3468
MAL, 0.081
MAM, 0.7554
MAV, 0.3806
MAW, 0.4108
MAH, 0.4814
MAN, 0.2142
MAQ, 0.3042
MAS, 0.1034
MAT, 0.244
MAY, 0.4092
MAG, 0.0222
MAP, 0.2242
MAD, 0.6254
MAE, 0.238
MAK, 0.5364
MAR, 0.1606
MCA, 0.292
MCC, 0.236
MCF, 0.2842
MCI, 0.1554
MCL, 0.2352
MCM, 0.3046
MCV, 0.5068
MCW, 0.2778
MCH, 0.0644
MCN, 0.5094
MCQ, 0.8132
MCS, 0.1152
MCT, 0.1882
MCY, 0.42
MCG, 0.24
MCP, 0.0
MCD, 0.6282
MCE, 0.6002
MCK, 0.101
MCR, 0.3564
MFA, 0.466
MFC, 0.0892
MFF, 0.5444
MFI, 0.2362
MFL, 0.4486
MFM, 0.2746
MFV, 0.4052
MFW, 0.3708
MFH, 0.4436
MFN, 0.0766
MFQ, 0.1592
MFS, 0.092
MFT, 0.421
MFY, 0.3364
MFG, 0.2758
MFP, 0.6904
MFD, 0.0694
MFE, 0.3664
MFK, 0.066
MFR, 0.0012
MIA, 0.291
MIC, 0.0318
MIF, 0.4878
MII, 0.0652
MIL, 0.4144
MIM, 0.2402
MIV, 0.275
MIW, 0.2214
MIH, 0.043
MIN, 0.1114
MIQ, 0.221
MIS, 0.011
MIT, 0.0
MIY, 0.4142
MIG, 0.2496
MIP, 0.0934
MID, 0.0646
MIE, 0.1406
MIK, 0.1798
MIR, 0.2014
MLA, 0.0
MLC, 0.1784
MLF, 0.1474
MLI, 0.3514
MLL, 0.2834
MLM, 0.394
MLV, 0.29
MLW, 0.0576
MLH, 0.067
MLN, 0.1718
MLQ, 0.5394
MLS, 0.1944
MLT, 0.2932
MLY, 0.4074
MLG, 0.1296
MLP, 0.1812
MLD, 0.6358
MLE, 0.164
MLK, 0.3098
MLR, 0.2172
MMA, 0.2306
MMC, 0.1336
MMF, 0.267
MMI, 0.7328
MML, 0.0042
MMM, 0.1136
MMV, 0.1422
MMW, 0.1958
MMH, 0.731
MMN, 0.0108
MMQ, 0.4942
MMS, 0.3074
MMT, 0.1378
MMY, 0.2562
MMG, 0.2888
MMP, 0.0342
MMD, 0.4144
MME, 0.3724
MMK, 0.0
MMR, 0.0732
MVA, 0.7674
MVC, 0.0892
MVF, 0.0976
MVI, 0.2516
MVL, 0.662
MVM, 0.1976
MVV, 0.37
MVW, 0.1084
MVH, 0.346
MVN, 0.387
MVQ, 0.2222
MVS, 0.0734
MVT, 0.517
MVY, 0.2774
MVG, 0.6746
MVP, 0.4856
MVD, 0.3662
MVE, 0.0494
MVK, 0.1652
MVR, 0.2882
MWA, 0.248
MWC, 0.1082
MWF, 0.1566
MWI, 0.0466
MWL, 0.685
MWM, 0.1774
MWV, 0.1726
MWW, 0.1838
MWH, 0.1448
MWN, 0.0606
MWQ, 0.1166
MWS, 0.0508
MWT, 0.423
MWY, 0.1882
MWG, 0.2862
MWP, 0.225
MWD, 0.5156
MWE, 0.1116
MWK, 0.2392
MWR, 0.115
MHA, 0.1792
MHC, 0.3182
MHF, 0.0624
MHI, 0.2274
MHL, 0.4114
MHM, 0.0422
MHV, 0.0746
MHW, 0.0334
MHH, 0.2292
MHN, 0.2366
MHQ, 0.1256
MHS, 0.3118
MHT, 0.2958
MHY, 0.0
MHG, 0.7616
MHP, 0.2996
MHD, 0.2484
MHE, 0.0136
MHK, 0.7392
MHR, 0.385
MNA, 0.255
MNC, 0.0268
MNF, 0.3562
MNI, 0.0
MNL, 0.4294
MNM, 0.0516
MNV, 0.3368
MNW, 0.0
MNH, 0.2452
MNN, 0.369
MNQ, 0.0136
MNS, 0.1092
MNT, 0.0662
MNY, 0.4562
MNG, 0.2266
MNP, 0.3036
MND, 0.5512
MNE, 0.231
MNK, 0.1384
MNR, 0.0766
MQA, 0.0
MQC, 0.246
MQF, 0.216
MQI, 0.4842
MQL, 0.1482
MQM, 0.4694
MQV, 0.3216
MQW, 0.6766
MQH, 0.0612
MQN, 0.1176
MQQ, 0.4556
MQS, 0.204
MQT, 0.1344
MQY, 0.1378
MQG, 0.4034
MQP, 0.3592
MQD, 0.6068
MQE, 0.3208
MQK, 0.1998
MQR, 0.2214
MSA, 0.1648
MSC, 0.4656
MSF, 0.2404
MSI, 0.0
MSL, 0.979
MSM, 0.0864
MSV, 0.7574
MSW, 0.3566
MSH, 0.2742
MSN, 0.344
MSQ, 0.0778
MSS, 0.2242
MST, 0.056
MSY, 0.0446
MSG, 0.3432
MSP, 0.4418
MSD, 0.3764
MSE, 0.56
MSK, 0.0858
MSR, 0.2166
MTA, 0.1634
MTC, 0.5156
MTF, 0.433
MTI, 0.3028
MTL, 0.5798
MTM, 0.2164
MTV, 0.1766
MTW, 0.006
MTH, 0.24
MTN, 0.0964
MTQ, 0.2074
MTS, 0.4658
MTT, 0.0324
MTY, 0.1922
MTG, 0.3876
MTP, 0.135
MTD, 0.5142
MTE, 0.0
MTK, 0.1612
MTR, 0.0076
MYA, 0.1512
MYC, 0.0558
MYF, 0.3538
MYI, 0.2802
MYL, 0.1966
MYM, 0.3026
MYV, 0.3762
MYW, 0.3118
MYH, 0.1372
MYN, 0.1118
MYQ, 0.0886
MYS, 0.446
MYT, 0.0888
MYY, 0.136
MYG, 0.3656
MYP, 0.1762
MYD, 0.4312
MYE, 0.2036
MYK, 0.3722
MYR, 0.1398
MGA, 0.0414
MGC, 0.344
MGF, 0.049
MGI, 0.4018
MGL, 0.1488
MGM, 0.0132
MGV, 0.139
MGW, 0.262
MGH, 0.0892
MGN, 0.0648
MGQ, 0.1374
MGS, 0.2026
MGT, 0.3092
MGY, 0.2494
MGG, 0.49
MGP, 0.349
MGD, 0.1756
MGE, 0.545
MGK, 0.5378
MGR, 0.423
MPA, 0.135
MPC, 0.242
MPF, 0.0544
MPI, 0.2446
MPL, 0.127
MPM, 0.1274
MPV, 0.677
MPW, 0.4202
MPH, 0.1782
MPN, 0.3792
MPQ, 0.4398
MPS, 0.4632
MPT, 0.2404
MPY, 0.0634
MPG, 0.1364
MPP, 0.0314
MPD, 0.5096
MPE, 0.0902
MPK, 0.1726
MPR, 0.0478
MDA, 0.0556
MDC, 0.0048
MDF, 0.0252
MDI, 0.312
MDL, 0.0342
MDM, 0.3828
MDV, 0.454
MDW, 0.0604
MDH, 0.6018
MDN, 0.1592
MDQ, 0.2802
MDS, 0.1358
MDT, 0.3594
MDY, 0.159
MDG, 0.158
MDP, 0.002
MDD, 0.2952
MDE, 0.0
MDK, 0.4932
MDR, 0.1164
MEA, 0.6364
MEC, 0.2894
MEF, 0.0882
MEI, 0.6104
MEL, 0.022
MEM, 0.3092
MEV, 0.4786
MEW, 0.0784
MEH, 0.653
MEN, 0.2716
MEQ, 0.2142
MES, 0.4812
MET, 0.4446
MEY, 0.3256
MEG, 0.199
MEP, 0.5598
MED, 0.443
MEE, 0.0206
MEK, 0.144
MER, 0.2866
MKA, 0.47
MKC, 0.4006
MKF, 0.1022
MKI, 0.2542
MKL, 0.4266
MKM, 0.519
MKV, 0.1858
MKW, 0.0372
MKH, 0.0614
MKN, 0.2936
MKQ, 0.2392
MKS, 0.0754
MKT, 0.3338
MKY, 0.3634
MKG, 0.499
MKP, 0.3648
MKD, 0.0456
MKE, 0.0912
MKK, 0.279
MKR, 0.3494
MRA, 0.2694
MRC, 0.0118
MRF, 0.384
MRI, 0.2672
MRL, 0.0
MRM, 0.2452
MRV, 0.2608
MRW, 0.6036
MRH, 0.1726
MRN, 0.5256
MRQ, 0.2172
MRS, 0.0824
MRT, 0.098
MRY, 0.0894
MRG, 0.0496
MRP, 0.397
MRD, 0.1934
MRE, 0.0
MRK, 0.0774
MRR, 0.2702
VAA, 0.738
VAC, 0.3452
VAF, 0.0146
VAI, 0.3244
VAL, 0.4544
VAM, 0.0988
VAV, 0.0514
VAW, 0.5364
VAH, 0.4592
VAN, 0.33
VAQ, 0.2428
VAS, 0.2858
VAT, 0.4178
VAY, 0.1272
VAG, 0.2202
VAP, 0.0822
VAD, 0.6144
VAE, 0.394
VAK, 0.538
VAR, 0.3864
VCA, 0.4954
VCC, 0.1978
VCF, 0.1138
VCI, 0.2414
VCL, 0.5094
VCM, 0.3858
VCV, 0.1828
VCW, 0.2996
VCH, 0.4354
VCN, 0.4738
VCQ, 0.023
VCS, 0.2426
VCT, 0.6002
VCY, 0.7234
VCG, 0.6068
VCP, 0.0398
VCD, 0.2254
VCE, 0.4724
VCK, 0.1046
VCR, 0.18
VFA, 0.1994
VFC, 0.3484
VFF, 0.3672
VFI, 0.6134
VFL, 0.381
VFM, 0.1294
VFV, 0.3778
VFW, 0.401
VFH, 0.0856
VFN, 0.1868
VFQ, 0.7214
VFS, 0.1844
VFT, 0.2726
VFY, 0.3886
VFG, 0.1792
VFP, 0.0866
VFD, 0.6568
VFE, 0.1432
VFK, 0.3118
VFR, 0.0592
VIA, 0.1566
VIC, 0.2604
VIF, 0.045
VII, 0.2966
VIL, 0.0
VIM, 0.6368
VIV, 0.01
VIW, 0.6982
VIH, 0.1052
VIN, 0.213
VIQ, 0.2178
VIS, 0.1692
VIT, 0.223
VIY, 0.1522
VIG, 0.6104
VIP, 0.0
VID, 0.0194
VIE, 0.2468
VIK, 0.0624
VIR, 0.0194
VLA, 0.5736
VLC, 0.0582
VLF, 0.0038
VLI, 0.0
VLL, 0.2656
VLM, 0.0998
VLV, 0.0
VLW, 0.2834
VLH, 0.0132
VLN, 0.669
VLQ, 0.1546
VLS, 0.2516
VLT, 0.4836
VLY, 0.5652
VLG, 0.7016
VLP, 0.518
VLD, 0.5724
VLE, 0.214
VLK, 0.915
VLR, 0.0134
VMA, 0.6736
VMC, 0.0646
VMF, 0.082
VMI, 0.1246
VML, 0.7874
VMM, 0.464
VMV, 0.2956
VMW, 0.2566
VMH, 0.184
VMN, 0.7078
VMQ, 0.4084
VMS, 0.2072
VMT, 0.1344
VMY, 0.0272
VMG, 0.0666
VMP, 0.1604
VMD, 0.0
VME, 0.3378
VMK, 0.2678
VMR, 0.2502
VVA, 0.0662
VVC, 0.0632
VVF, 0.2094
VVI, 0.1148
VVL, 0.4976
VVM, 0.414
VVV, 0.2264
VVW, 0.0136
VVH, 0.073
VVN, 0.151
VVQ, 0.3368
VVS, 0.0418
VVT, 0.5726
VVY, 0.0842
VVG, 0.2912
VVP, 0.115
VVD, 0.2578
VVE, 0.383
VVK, 0.0
VVR, 0.3552
VWA, 0.0138
VWC, 0.1768
VWF, 0.0298
VWI, 0.4136
VWL, 0.3864
VWM, 0.0392
VWV, 0.1318
VWW, 0.3096
VWH, 0.5186
VWN, 0.0112
VWQ, 0.0746
VWS, 0.0488
VWT, 0.0
VWY, 0.1872
VWG, 0.1568
VWP, 0.2538
VWD, 0.0442
VWE, 0.0858
VWK, 0.2466
VWR, 0.0246
VHA, 0.2936
VHC, 0.0
VHF, 0.4348
VHI, 0.1978
VHL, 0.274
VHM, 0.0722
VHV, 0.8082
VHW, 0.3388
VHH, 0.1702
VHN, 0.0854
VHQ, 0.0004
VHS, 0.0786
VHT, 0.3382
VHY, 0.5618
VHG, 0.0776
VHP, 0.411
VHD, 0.5028
VHE, 0.0
VHK, 0.0
VHR, 0.0388
VNA, 0.6092
VNC, 0.2566
VNF, 0.0
VNI, 0.356
VNL, 0.3222
VNM, 0.0
VNV, 0.0
VNW, 0.4788
VNH, 0.2964
VNN, 0.1834
VNQ, 0.7834
VNS, 0.1096
VNT, 0.392
VNY, 0.0124
VNG, 0.1994
VNP, 0.1602
VND, 0.0
VNE, 0.4736
VNK, 0.2608
VNR, 0.1016
VQA, 0.0504
VQC, 0.3136
VQF, 0.0306
VQI, 0.1392
VQL, 0.2128
VQM, 0.8636
VQV, 0.19
VQW, 0.1276
VQH, 0.2528
VQN, 0.3634
VQQ, 0.3512
VQS, 0.2378
VQT, 0.317
VQY, 0.632
VQG, 0.769
VQP, 0.2022
VQD, 0.003
VQE, 0.2508
VQK, 0.418
VQR, 0.237
VSA, 0.3274
VSC, 0.2782
VSF, 0.1594
VSI, 0.381
VSL, 0.2816
VSM, 0.704
VSV, 0.2778
VSW, 0.2194
VSH, 0.4738
VSN, 0.7054
VSQ, 0.3688
VSS, 0.0818
VST, 0.0
VSY, 0.6492
VSG, 0.887
VSP, 0.167
VSD, 0.0384
VSE, 0.241
VSK, 0.1126
VSR, 0.2318
VTA, 0.7046
VTC, 0.3074
VTF, 0.2694
VTI, 0.5054
VTL, 0.008
VTM, 0.2044
VTV, 0.2274
VTW, 0.1894
VTH, 0.552
VTN, 0.0
VTQ, 0.3402
VTS, 0.056
VTT, 0.0
VTY, 0.1572
VTG, 0.1242
VTP, 0.3322
VTD, 0.1418
VTE, 0.0644
VTK, 0.1218
VTR, 0.6472
VYA, 0.3512
VYC, 0.5654
VYF, 0.3212
VYI, 0.4582
VYL, 0.2402
VYM, 0.024
VYV, 0.2918
VYW, 0.594
VYH, 0.1362
VYN, 0.2572
VYQ, 0.192
VYS, 0.2202
VYT, 0.4524
VYY, 0.3916
VYG, 0.4476
VYP, 0.4318
VYD, 0.5566
VYE, 0.5896
VYK, 0.5354
VYR, 0.2088
VGA, 0.151
VGC, 0.3458
VGF, 0.042
VGI, 0.0
VGL, 0.0558
VGM, 0.27
VGV, 0.1622
VGW, 0.3024
VGH, 0.3376
VGN, 0.1786
VGQ, 0.0462
VGS, 0.1368
VGT, 0.4298
VGY, 0.1372
VGG, 0.247
VGP, 0.1688
VGD, 0.1088
VGE, 0.1676
VGK, 0.2992
VGR, 0.1366
VPA, 0.5328
VPC, 0.0232
VPF, 0.1822
VPI, 0.1134
VPL, 0.1824
VPM, 0.276
VPV, 0.461
VPW, 0.3248
VPH, 0.1358
VPN, 0.2588
VPQ, 0.3258
VPS, 0.4472
VPT, 0.661
VPY, 0.3942
VPG, 0.1218
VPP, 0.3786
VPD, 0.0334
VPE, 0.309
VPK, 0.5138
VPR, 0.0476
VDA, 0.2466
VDC, 0.33
VDF, 0.302
VDI, 0.484
VDL, 0.6254
VDM, 0.0
VDV, 0.5364
VDW, 0.2226
VDH, 0.3954
VDN, 0.2166
VDQ, 0.6504
VDS, 0.2482
VDT, 0.1144
VDY, 0.3968
VDG, 0.0
VDP, 0.3602
VDD, 0.1664
VDE, 0.1198
VDK, 0.211
VDR, 0.1242
VEA, 0.2338
VEC, 0.0438
VEF, 0.0522
VEI, 0.033
VEL, 0.2146
VEM, 0.4434
VEV, 0.5828
VEW, 0.0714
VEH, 0.226
VEN, 0.2132
VEQ, 0.2084
VES, 0.124
VET, 0.3048
VEY, 0.4382
VEG, 0.6658
VEP, 0.5256
VED, 0.1512
VEE, 0.2712
VEK, 0.5768
VER, 0.5076
VKA, 0.3708
VKC, 0.223
VKF, 0.0506
VKI, 0.5034
VKL, 0.1784
VKM, 0.2578
VKV, 0.5026
VKW, 0.3922
VKH, 0.6158
VKN, 0.3364
VKQ, 0.3424
VKS, 0.0
VKT, 0.2014
VKY, 0.2126
VKG, 0.2562
VKP, 0.6992
VKD, 0.218
VKE, 0.2914
VKK, 0.1948
VKR, 0.3838
VRA, 0.2702
VRC, 0.5136
VRF, 0.3562
VRI, 0.3516
VRL, 0.1668
VRM, 0.4172
VRV, 0.5538
VRW, 0.0122
VRH, 0.2614
VRN, 0.2444
VRQ, 0.4864
VRS, 0.1754
VRT, 0.0342
VRY, 0.747
VRG, 0.1626
VRP, 0.239
VRD, 0.1464
VRE, 0.3156
VRK, 0.3558
VRR, 0.3966
WAA, 0.0874
WAC, 0.0
WAF, 0.1502
WAI, 0.1902
WAL, 0.3688
WAM, 0.4182
WAV, 0.211
WAW, 0.1336
WAH, 0.2522
WAN, 0.0058
WAQ, 0.5698
WAS, 0.0944
WAT, 0.1702
WAY, 0.5966
WAG, 0.1676
WAP, 0.6498
WAD, 0.0748
WAE, 0.5104
WAK, 0.576
WAR, 0.4792
WCA, 0.501
WCC, 0.2772
WCF, 0.1544
WCI, 0.21
WCL, 0.1606
WCM, 0.0688
WCV, 0.0748
WCW, 0.0
WCH, 0.4178
WCN, 0.2012
WCQ, 0.2428
WCS, 0.583
WCT, 0.0194
WCY, 0.1746
WCG, 0.0
WCP, 0.3888
WCD, 0.0708
WCE, 0.7456
WCK, 0.0
WCR, 0.2356
WFA, 0.3598
WFC, 0.115
WFF, 0.1562
WFI, 0.0356
WFL, 0.4596
WFM, 0.2356
WFV, 0.045
WFW, 0.0804
WFH, 0.0812
WFN, 0.0598
WFQ, 0.1448
WFS, 0.2956
WFT, 0.0
WFY, 0.4876
WFG, 0.2532
WFP, 0.468
WFD, 0.4502
WFE, 0.4978
WFK, 0.2076
WFR, 0.1056
WIA, 0.0918
WIC, 0.1576
WIF, 0.408
WII, 0.6486
WIL, 0.3404
WIM, 0.1874
WIV, 0.7534
WIW, 0.197
WIH, 0.2024
WIN, 0.1098
WIQ, 0.0724
WIS, 0.293
WIT, 0.506
WIY, 0.4726
WIG, 0.3534
WIP, 0.0706
WID, 0.003
WIE, 0.2088
WIK, 0.0718
WIR, 0.6314
WLA, 0.121
WLC, 0.4214
WLF, 0.109
WLI, 0.6322
WLL, 0.1368
WLM, 0.4842
WLV, 0.299
WLW, 0.3218
WLH, 0.3222
WLN, 0.013
WLQ, 0.2388
WLS, 0.461
WLT, 0.1544
WLY, 0.5032
WLG, 0.1064
WLP, 0.2756
WLD, 0.07
WLE, 0.0
WLK, 0.5572
WLR, 0.571
WMA, 0.0218
WMC, 0.3424
WMF, 0.6622
WMI, 0.4818
WML, 0.4902
WMM, 0.4866
WMV, 0.1494
WMW, 0.4336
WMH, 0.4212
WMN, 0.2812
WMQ, 0.0548
WMS, 0.3608
WMT, 0.6676
WMY, 0.0176
WMG, 0.1334
WMP, 0.2754
WMD, 0.29
WME, 0.4202
WMK, 0.315
WMR, 0.1466
WVA, 0.19
WVC, 0.4456
WVF, 0.0954
WVI, 0.274
WVL, 0.3832
WVM, 0.0
WVV, 0.8512
WVW, 0.2658
WVH, 0.1494
WVN, 0.2442
WVQ, 0.411
WVS, 0.1104
WVT, 0.055
WVY, 0.5182
WVG, 0.5816
WVP, 0.5896
WVD, 0.3848
WVE, 0.0052
WVK, 0.301
WVR, 0.4198
WWA, 0.2412
WWC, 0.006
WWF, 0.1392
WWI, 0.4796
WWL, 0.0502
WWM, 0.1938
WWV, 0.0554
WWW, 0.3006
WWH, 0.2736
WWN, 0.0704
WWQ, 0.324
WWS, 0.1326
WWT, 0.0272
WWY, 0.3876
WWG, 0.34
WWP, 0.5272
WWD, 0.1974
WWE, 0.0676
WWK, 0.2976
WWR, 0.3684
WHA, 0.1524
WHC, 0.3084
WHF, 0.2622
WHI, 0.392
WHL, 0.4012
WHM, 0.3956
WHV, 0.4482
WHW, 0.2862
WHH, 0.0
WHN, 0.3874
WHQ, 0.7004
WHS, 0.065
WHT, 0.3322
WHY, 0.0718
WHG, 0.2598
WHP, 0.6464
WHD, 0.2742
WHE, 0.1552
WHK, 0.2982
WHR, 0.1628
WNA, 0.0
WNC, 0.4258
WNF, 0.525
WNI, 0.3052
WNL, 0.1066
WNM, 0.0176
WNV, 0.4644
WNW, 0.3228
WNH, 0.1508
WNN, 0.2864
WNQ, 0.1986
WNS, 0.5116
WNT, 0.0
WNY, 0.0
WNG, 0.5048
WNP, 0.09
WND, 0.196
WNE, 0.4858
WNK, 0.7178
WNR, 0.0
WQA, 0.5758
WQC, 0.0092
WQF, 0.1456
WQI, 0.3134
WQL, 0.2824
WQM, 0.2476
WQV, 0.5682
WQW, 0.3156
WQH, 0.1184
WQN, 0.4318
WQQ, 0.369
WQS, 0.0832
WQT, 0.1742
WQY, 0.2638
WQG, 0.2652
WQP, 0.5262
WQD, 0.1926
WQE, 0.1018
WQK, 0.0896
WQR, 0.1568
WSA, 0.4198
WSC, 0.2634
WSF, 0.2344
WSI, 0.4354
WSL, 0.0638
WSM, 0.2734
WSV, 0.2058
WSW, 0.477
WSH, 0.3212
WSN, 0.054
WSQ, 0.216
WSS, 0.4812
WST, 0.2098
WSY, 0.4802
WSG, 0.2542
WSP, 0.2018
WSD, 0.2672
WSE, 0.2756
WSK, 0.3532
WSR, 0.5624
WTA, 0.0132
WTC, 0.1516
WTF, 0.0292
WTI, 0.4842
WTL, 0.0
WTM, 0.3438
WTV, 0.5036
WTW, 0.2648
WTH, 0.1928
WTN, 0.2676
WTQ, 0.1308
WTS, 0.4276
WTT, 0.0346
WTY, 0.305
WTG, 0.1736
WTP, 0.432
WTD, 0.6858
WTE, 0.4484
WTK, 0.2838
WTR, 0.265
WYA, 0.3256
WYC, 0.158
WYF, 0.1966
WYI, 0.4672
WYL, 0.0794
WYM, 0.3824
WYV, 0.0724
WYW, 0.3636
WYH, 0.0274
WYN, 0.0
WYQ, 0.1848
WYS, 0.7204
WYT, 0.1238
WYY, 0.251
WYG, 0.268
WYP, 0.0214
WYD, 0.3538
WYE, 0.6084
WYK, 0.0
WYR, 0.3206
WGA, 0.318
WGC, 0.3588
WGF, 0.1206
WGI, 0.2946
WGL, 0.0286
WGM, 0.1924
WGV, 0.3898
WGW, 0.2284
WGH, 0.1434
WGN, 0.0
WGQ, 0.1226
WGS, 0.3794
WGT, 0.1908
WGY, 0.1604
WGG, 0.4442
WGP, 0.2092
WGD, 0.4198
WGE, 0.057
WGK, 0.1022
WGR, 0.1048
WPA, 0.0724
WPC, 0.0194
WPF, 0.24
WPI, 0.1602
WPL, 0.5804
WPM, 0.464
WPV, 0.7404
WPW, 0.2604
WPH, 0.619
WPN, 0.1366
WPQ, 0.2164
WPS, 0.481
WPT, 0.7846
WPY, 0.2362
WPG, 0.0
WPP, 0.0682
WPD, 0.0252
WPE, 0.0962
WPK, 0.3258
WPR, 0.2854
WDA, 0.0048
WDC, 0.0356
WDF, 0.4898
WDI, 0.3206
WDL, 0.224
WDM, 0.5726
WDV, 0.1012
WDW, 0.012
WDH, 0.632
WDN, 0.514
WDQ, 0.0
WDS, 0.0744
WDT, 0.2696
WDY, 0.2622
WDG, 0.2558
WDP, 0.1826
WDD, 0.4036
WDE, 0.0
WDK, 0.53
WDR, 0.1042
WEA, 0.2104
WEC, 0.214
WEF, 0.0598
WEI, 0.0
WEL, 0.0938
WEM, 0.0
WEV, 0.2536
WEW, 0.1306
WEH, 0.258
WEN, 0.2824
WEQ, 0.0368
WES, 0.0
WET, 0.1236
WEY, 0.9526
WEG, 0.1072
WEP, 0.6036
WED, 0.1456
WEE, 0.0696
WEK, 0.1384
WER, 0.0
WKA, 0.0356
WKC, 0.0
WKF, 0.0724
WKI, 0.0738
WKL, 0.176
WKM, 0.2622
WKV, 0.1268
WKW, 0.0634
WKH, 0.1434
WKN, 0.3816
WKQ, 0.3352
WKS, 0.0
WKT, 0.1734
WKY, 0.122
WKG, 0.013
WKP, 0.2992
WKD, 0.3818
WKE, 0.0904
WKK, 0.0944
WKR, 0.0
WRA, 0.4942
WRC, 0.0898
WRF, 0.182
WRI, 0.0
WRL, 0.2278
WRM, 0.1572
WRV, 0.307
WRW, 0.0482
WRH, 0.1488
WRN, 0.215
WRQ, 0.1772
WRS, 0.327
WRT, 0.4404
WRY, 0.1862
WRG, 0.1064
WRP, 0.5116
WRD, 0.0
WRE, 0.1228
WRK, 0.417
WRR, 0.5318
HAA, 0.1322
HAC, 0.3588
HAF, 0.0004
HAI, 0.6796
HAL, 0.5708
HAM, 0.2674
HAV, 0.572
HAW, 0.292
HAH, 0.359
HAN, 0.7776
HAQ, 0.3622
HAS, 0.2306
HAT, 0.3488
HAY, 0.296
HAG, 0.0
HAP, 0.2824
HAD, 0.0084
HAE, 0.0712
HAK, 0.0
HAR, 0.2894
HCA, 0.0136
HCC, 0.2834
HCF, 0.061
HCI, 0.0
HCL, 0.2064
HCM, 0.0378
HCV, 0.0908
HCW, 0.0
HCH, 0.49
HCN, 0.1012
HCQ, 0.2426
HCS, 0.0992
HCT, 0.0802
HCY, 0.22
HCG, 0.0028
HCP, 0.0362
HCD, 0.4966
HCE, 0.1784
HCK, 0.212
HCR, 0.2938
HFA, 0.5508
HFC, 0.0564
HFF, 0.4328
HFI, 0.4496
HFL, 0.0548
HFM, 0.2796
HFV, 0.034
HFW, 0.4168
HFH, 0.5524
HFN, 0.5364
HFQ, 0.0096
HFS, 0.282
HFT, 0.5802
HFY, 0.1936
HFG, 0.038
HFP, 0.301
HFD, 0.0
HFE, 0.1228
HFK, 0.1552
HFR, 0.0
HIA, 0.1112
HIC, 0.3128
HIF, 0.25
HII, 0.1322
HIL, 0.0
HIM, 0.1552
HIV, 0.102
HIW, 0.145
HIH, 0.4468
HIN, 0.392
HIQ, 0.2466
HIS, 0.1616
HIT, 0.2934
HIY, 0.2734
HIG, 0.0916
HIP, 0.1958
HID, 0.1028
HIE, 0.5936
HIK, 0.14
HIR, 0.503
HLA, 0.2522
HLC, 0.3694
HLF, 0.3908
HLI, 0.1822
HLL, 0.5698
HLM, 0.2096
HLV, 0.2578
HLW, 0.1334
HLH, 0.269
HLN, 0.1162
HLQ, 0.2844
HLS, 0.28
HLT, 0.1538
HLY, 0.0
HLG, 0.2566
HLP, 0.2606
HLD, 0.145
HLE, 0.2036
HLK, 0.0
HLR, 0.7274
HMA, 0.3238
HMC, 0.3646
HMF, 0.3358
HMI, 0.2172
HML, 0.186
HMM, 0.378
HMV, 0.3532
HMW, 0.0994
HMH, 0.0002
HMN, 0.1696
HMQ, 0.0
HMS, 0.0528
HMT, 0.0
HMY, 0.3196
HMG, 0.5228
HMP, 0.611
HMD, 0.0384
HME, 0.0298
HMK, 0.535
HMR, 0.3522
HVA, 0.0292
HVC, 0.5892
HVF, 0.0162
HVI, 0.687
HVL, 0.6258
HVM, 0.0964
HVV, 0.0722
HVW, 0.046
HVH, 0.2978
HVN, 0.0482
HVQ, 0.5566
HVS, 0.3694
HVT, 0.0346
HVY, 0.4928
HVG, 0.0874
HVP, 0.0524
HVD, 0.2714
HVE, 0.2714
HVK, 0.6694
HVR, 0.0
HWA, 0.281
HWC, 0.492
HWF, 0.2766
HWI, 0.0
HWL, 0.0428
HWM, 0.1086
HWV, 0.2068
HWW, 0.0
HWH, 0.3774
HWN, 0.1306
HWQ, 0.2166
HWS, 0.456
HWT, 0.1706
HWY, 0.1002
HWG, 0.1318
HWP, 0.048
HWD, 0.2832
HWE, 0.292
HWK, 0.5698
HWR, 0.1508
HHA, 0.1786
HHC, 0.4274
HHF, 0.732
HHI, 0.227
HHL, 0.2308
HHM, 0.337
HHV, 0.2432
HHW, 0.0658
HHH, 0.5952
HHN, 0.2528
HHQ, 0.227
HHS, 0.2858
HHT, 0.152
HHY, 0.3832
HHG, 0.293
HHP, 0.0566
HHD, 0.2044
HHE, 0.1592
HHK, 0.3294
HHR, 0.1558
HNA, 0.4442
HNC, 0.0
HNF, 0.2752
HNI, 0.0342
HNL, 0.3636
HNM, 0.3838
HNV, 0.1936
HNW, 0.408
HNH, 0.351
HNN, 0.2908
HNQ, 0.0898
HNS, 0.0964
HNT, 0.3286
HNY, 0.0
HNG, 0.4062
HNP, 0.395
HND, 0.5304
HNE, 0.0306
HNK, 0.1334
HNR, 0.0414
HQA, 0.405
HQC, 0.4138
HQF, 0.0966
HQI, 0.3342
HQL, 0.4612
HQM, 0.2352
HQV, 0.6866
HQW, 0.1144
HQH, 0.1182
HQN, 0.0746
HQQ, 0.1142
HQS, 0.4794
HQT, 0.3082
HQY, 0.1982
HQG, 0.341
HQP, 0.5828
HQD, 0.0
HQE, 0.359
HQK, 0.1224
HQR, 0.229
HSA, 0.3878
HSC, 0.161
HSF, 0.3906
HSI, 0.281
HSL, 0.1218
HSM, 0.6504
HSV, 0.2214
HSW, 0.2
HSH, 0.0422
HSN, 0.0266
HSQ, 0.628
HSS, 0.0
HST, 0.5546
HSY, 0.5434
HSG, 0.646
HSP, 0.2594
HSD, 0.042
HSE, 0.6542
HSK, 0.1052
HSR, 0.3312
HTA, 0.3676
HTC, 0.3188
HTF, 0.2414
HTI, 0.3496
HTL, 0.0264
HTM, 0.4302
HTV, 0.4676
HTW, 0.3472
HTH, 0.779
HTN, 0.1632
HTQ, 0.3778
HTS, 0.3434
HTT, 0.0704
HTY, 0.2388
HTG, 0.5922
HTP, 0.3834
HTD, 0.4424
HTE, 0.3992
HTK, 0.2344
HTR, 0.1378
HYA, 0.2886
HYC, 0.3828
HYF, 0.2376
HYI, 0.5072
HYL, 0.1136
HYM, 0.1494
HYV, 0.0766
HYW, 0.0596
HYH, 0.7172
HYN, 0.5748
HYQ, 0.3778
HYS, 0.4792
HYT, 0.5558
HYY, 0.2278
HYG, 0.6546
HYP, 0.1588
HYD, 0.2458
HYE, 0.0
HYK, 0.1234
HYR, 0.3314
HGA, 0.2478
HGC, 0.0236
HGF, 0.088
HGI, 0.2558
HGL, 0.0514
HGM, 0.0148
HGV, 0.6244
HGW, 0.0
HGH, 0.4786
HGN, 0.5166
HGQ, 0.2862
HGS, 0.4106
HGT, 0.5744
HGY, 0.3138
HGG, 0.0898
HGP, 0.2268
HGD, 0.0626
HGE, 0.4578
HGK, 0.2772
HGR, 0.0918
HPA, 0.0964
HPC, 0.1086
HPF, 0.0648
HPI, 0.7356
HPL, 0.1446
HPM, 0.3424
HPV, 0.4572
HPW, 0.4674
HPH, 0.375
HPN, 0.1806
HPQ, 0.1862
HPS, 0.4376
HPT, 0.3756
HPY, 0.2308
HPG, 0.3976
HPP, 0.2002
HPD, 0.2482
HPE, 0.4298
HPK, 0.2124
HPR, 0.201
HDA, 0.6044
HDC, 0.5444
HDF, 0.4596
HDI, 0.4964
HDL, 0.5752
HDM, 0.2038
HDV, 0.3376
HDW, 0.069
HDH, 0.097
HDN, 0.2528
HDQ, 0.4762
HDS, 0.0
HDT, 0.3862
HDY, 0.3862
HDG, 0.4424
HDP, 0.9202
HDD, 0.1944
HDE, 0.4746
HDK, 0.1734
HDR, 0.0872
HEA, 0.1082
HEC, 0.2772
HEF, 0.0674
HEI, 0.2032
HEL, 0.51
HEM, 0.2304
HEV, 0.44
HEW, 0.1592
HEH, 0.0256
HEN, 0.5784
HEQ, 0.0486
HES, 0.2432
HET, 0.0548
HEY, 0.5022
HEG, 0.523
HEP, 0.1712
HED, 0.0
HEE, 0.1954
HEK, 0.4746
HER, 0.159
HKA, 0.7666
HKC, 0.151
HKF, 0.1518
HKI, 0.305
HKL, 0.0
HKM, 0.0616
HKV, 0.8234
HKW, 0.104
HKH, 0.263
HKN, 0.181
HKQ, 0.2548
HKS, 0.6934
HKT, 0.0856
HKY, 0.0
HKG, 0.1354
HKP, 0.0074
HKD, 0.3506
HKE, 0.3448
HKK, 0.4566
HKR, 0.3888
HRA, 0.1764
HRC, 0.0532
HRF, 0.2214
HRI, 0.4872
HRL, 0.3194
HRM, 0.264
HRV, 0.1184
HRW, 0.1512
HRH, 0.1774
HRN, 0.2938
HRQ, 0.663
HRS, 0.1254
HRT, 0.36
HRY, 0.1474
HRG, 0.115
HRP, 0.1318
HRD, 0.0
HRE, 0.2624
HRK, 0.1936
HRR, 0.3186
NAA, 0.4022
NAC, 0.0428
NAF, 0.3266
NAI, 0.3598
NAL, 0.3576
NAM, 0.5148
NAV, 0.0228
NAW, 0.2668
NAH, 0.5426
NAN, 0.75
NAQ, 0.304
NAS, 0.2776
NAT, 0.635
NAY, 0.2274
NAG, 0.3744
NAP, 0.0
NAD, 0.5858
NAE, 0.4646
NAK, 0.2506
NAR, 0.0892
NCA, 0.455
NCC, 0.0184
NCF, 0.0768
NCI, 0.1246
NCL, 0.3168
NCM, 0.78
NCV, 0.0446
NCW, 0.1792
NCH, 0.4664
NCN, 0.0984
NCQ, 0.0
NCS, 0.2662
NCT, 0.2706
NCY, 0.0208
NCG, 0.2726
NCP, 0.3532
NCD, 0.265
NCE, 0.433
NCK, 0.2812
NCR, 0.2758
NFA, 0.3304
NFC, 0.4804
NFF, 0.115
NFI, 0.2992
NFL, 0.4518
NFM, 0.4716
NFV, 0.0034
NFW, 0.3016
NFH, 0.0928
NFN, 0.2534
NFQ, 0.2022
NFS, 0.39
NFT, 0.3308
NFY, 0.782
NFG, 0.5258
NFP, 0.1366
NFD, 0.2216
NFE, 0.16
NFK, 0.197
NFR, 0.1236
NIA, 0.1708
NIC, 0.2868
NIF, 0.2464
NII, 0.0324
NIL, 0.6074
NIM, 0.0456
NIV, 0.1892
NIW, 0.138
NIH, 0.4354
NIN, 0.2258
NIQ, 0.0656
NIS, 0.5686
NIT, 0.207
NIY, 0.0832
NIG, 0.0
NIP, 0.1876
NID, 0.1366
NIE, 0.0
NIK, 0.3766
NIR, 0.6288
NLA, 0.1862
NLC, 0.0764
NLF, 0.355
NLI, 0.6708
NLL, 0.3574
NLM, 0.0
NLV, 0.3318
NLW, 0.2186
NLH, 0.0
NLN, 0.1232
NLQ, 0.1712
NLS, 0.479
NLT, 0.0448
NLY, 0.0862
NLG, 0.0
NLP, 0.128
NLD, 0.1884
NLE, 0.364
NLK, 0.2838
NLR, 0.0142
NMA, 0.1492
NMC, 0.4922
NMF, 0.2562
NMI, 0.0588
NML, 0.0284
NMM, 0.0424
NMV, 0.3874
NMW, 0.2808
NMH, 0.224
NMN, 0.7624
NMQ, 0.0464
NMS, 0.2422
NMT, 0.048
NMY, 0.103
NMG, 0.4498
NMP, 0.4498
NMD, 0.2716
NME, 0.0
NMK, 0.3092
NMR, 0.5348
NVA, 0.2834
NVC, 0.1424
NVF, 0.2558
NVI, 0.0
NVL, 0.4288
NVM, 0.0466
NVV, 0.2882
NVW, 0.0
NVH, 0.0
NVN, 0.1494
NVQ, 0.3996
NVS, 0.2864
NVT, 0.062
NVY, 0.0218
NVG, 0.4564
NVP, 0.5066
NVD, 0.0264
NVE, 0.464
NVK, 0.1944
NVR, 0.1652
NWA, 0.7736
NWC, 0.3688
NWF, 0.294
NWI, 0.151
NWL, 0.3206
NWM, 0.0
NWV, 0.5852
NWW, 0.1072
NWH, 0.4174
NWN, 0.0
NWQ, 0.0944
NWS, 0.0698
NWT, 0.0768
NWY, 0.163
NWG, 0.2938
NWP, 0.085
NWD, 0.367
NWE, 0.356
NWK, 0.0874
NWR, 0.0882
NHA, 0.775
NHC, 0.4898
NHF, 0.0
NHI, 0.2366
NHL, 0.4642
NHM, 0.561
NHV, 0.3106
NHW, 0.4052
NHH, 0.315
NHN, 0.5638
NHQ, 0.2126
NHS, 0.4612
NHT, 0.0
NHY, 0.3532
NHG, 0.0436
NHP, 0.2352
NHD, 0.144
NHE, 0.0
NHK, 0.0314
NHR, 0.2932
NNA, 0.3406
NNC, 0.3566
NNF, 0.0336
NNI, 0.4688
NNL, 0.1216
NNM, 0.0056
NNV, 0.4052
NNW, 0.634
NNH, 0.4262
NNN, 0.2986
NNQ, 0.034
NNS, 0.0252
NNT, 0.2502
NNY, 0.0622
NNG, 0.4294
NNP, 0.3488
NND, 0.677
NNE, 0.501
NNK, 0.2898
NNR, 0.53
NQA, 0.3162
NQC, 0.2734
NQF, 0.1816
NQI, 0.2154
NQL, 0.1548
NQM, 0.0416
NQV, 0.0752
NQW, 0.0
NQH, 0.2408
NQN, 0.071
NQQ, 0.2674
NQS, 0.3382
NQT, 0.4994
NQY, 0.0
NQG, 0.109
NQP, 0.0456
NQD, 0.1242
NQE, 0.2156
NQK, 0.467
NQR, 0.281
NSA, 0.0728
NSC, 0.6988
NSF, 0.0534
NSI, 0.3408
NSL, 0.1028
NSM, 0.4606
NSV, 0.2154
NSW, 0.1294
NSH, 0.2358
NSN, 0.5066
NSQ, 0.3242
NSS, 0.3376
NST, 0.4134
NSY, 0.7184
NSG, 0.275
NSP, 0.1438
NSD, 0.1796
NSE, 0.5174
NSK, 0.3126
NSR, 0.033
NTA, 0.5474
NTC, 0.1922
NTF, 0.2668
NTI, 0.4982
NTL, 0.0564
NTM, 0.137
NTV, 0.4972
NTW, 0.295
NTH, 0.4658
NTN, 0.485
NTQ, 0.1622
NTS, 0.0834
NTT, 0.029
NTY, 0.0444
NTG, 0.2314
NTP, 0.2314
NTD, 0.124
NTE, 0.2842
NTK, 0.3998
NTR, 0.0
NYA, 0.2284
NYC, 0.4372
NYF, 0.1966
NYI, 0.3286
NYL, 0.0
NYM, 0.0266
NYV, 0.1658
NYW, 0.1158
NYH, 0.0506
NYN, 0.2618
NYQ, 0.471
NYS, 0.3466
NYT, 0.5066
NYY, 0.0432
NYG, 0.4794
NYP, 0.0
NYD, 0.426
NYE, 0.0262
NYK, 0.8496
NYR, 0.212
NGA, 0.0234
NGC, 0.4716
NGF, 0.1178
NGI, 0.4316
NGL, 0.035
NGM, 0.3908
NGV, 0.3456
NGW, 0.4852
NGH, 0.021
NGN, 0.2532
NGQ, 0.2624
NGS, 0.017
NGT, 0.3018
NGY, 0.3164
NGG, 0.1266
NGP, 0.1606
NGD, 0.001
NGE, 0.5294
NGK, 0.535
NGR, 0.0378
NPA, 0.3982
NPC, 0.2504
NPF, 0.1316
NPI, 0.2854
NPL, 0.5182
NPM, 0.463
NPV, 0.2872
NPW, 0.5612
NPH, 0.158
NPN, 0.2284
NPQ, 0.6948
NPS, 0.0204
NPT, 0.0274
NPY, 0.3582
NPG, 0.0892
NPP, 0.1712
NPD, 0.0
NPE, 0.5504
NPK, 0.0
NPR, 0.0946
NDA, 0.4538
NDC, 0.4098
NDF, 0.1114
NDI, 0.1102
NDL, 0.1426
NDM, 0.3558
NDV, 0.3318
NDW, 0.5178
NDH, 0.1974
NDN, 0.3628
NDQ, 0.2136
NDS, 0.0
NDT, 0.555
NDY, 0.2906
NDG, 0.6412
NDP, 0.4774
NDD, 0.466
NDE, 0.669
NDK, 0.3704
NDR, 0.2498
NEA, 0.4132
NEC, 0.5604
NEF, 0.2446
NEI, 0.5326
NEL, 0.4786
NEM, 0.3364
NEV, 0.306
NEW, 0.0604
NEH, 0.0406
NEN, 0.424
NEQ, 0.1932
NES, 0.2486
NET, 0.348
NEY, 0.2458
NEG, 0.4348
NEP, 0.361
NED, 0.0636
NEE, 0.3624
NEK, 0.1886
NER, 0.2874
NKA, 0.5482
NKC, 0.0392
NKF, 0.1678
NKI, 0.1808
NKL, 0.0
NKM, 0.4616
NKV, 0.2858
NKW, 0.0012
NKH, 0.1716
NKN, 0.2036
NKQ, 0.419
NKS, 0.1226
NKT, 0.22
NKY, 0.3544
NKG, 0.3836
NKP, 0.2376
NKD, 0.1938
NKE, 0.0834
NKK, 0.2546
NKR, 0.3114
NRA, 0.4298
NRC, 0.0344
NRF, 0.1206
NRI, 0.3906
NRL, 0.3762
NRM, 0.374
NRV, 0.3334
NRW, 0.1012
NRH, 0.0
NRN, 0.204
NRQ, 0.4948
NRS, 0.1366
NRT, 0.2702
NRY, 0.1458
NRG, 0.299
NRP, 0.0082
NRD, 0.53
NRE, 0.0
NRK, 0.0902
NRR, 0.036
QAA, 0.1188
QAC, 0.4012
QAF, 0.1832
QAI, 0.4502
QAL, 0.3104
QAM, 0.3516
QAV, 0.3162
QAW, 0.3772
QAH, 0.0744
QAN, 0.2916
QAQ, 0.059
QAS, 0.1836
QAT, 0.506
QAY, 0.6042
QAG, 0.575
QAP, 0.1662
QAD, 0.282
QAE, 0.1416
QAK, 0.1172
QAR, 0.1066
QCA, 0.7644
QCC, 0.0
QCF, 0.3094
QCI, 0.258
QCL, 0.2214
QCM, 0.319
QCV, 0.0908
QCW, 0.5482
QCH, 0.3368
QCN, 0.1992
QCQ, 0.1964
QCS, 0.5766
QCT, 0.5612
QCY, 0.74
QCG, 0.0208
QCP, 0.3888
QCD, 0.1782
QCE, 0.5742
QCK, 0.636
QCR, 0.2266
QFA, 0.4544
QFC, 0.1528
QFF, 0.3448
QFI, 0.4204
QFL, 0.4266
QFM, 0.7764
QFV, 0.0992
QFW, 0.3656
QFH, 0.1712
QFN, 0.2154
QFQ, 0.19
QFS, 0.5922
QFT, 0.1614
QFY, 0.0926
QFG, 0.4168
QFP, 0.5688
QFD, 0.3554
QFE, 0.0042
QFK, 0.2398
QFR, 0.291
QIA, 0.2858
QIC, 0.2892
QIF, 0.025
QII, 0.2148
QIL, 0.4146
QIM, 0.4128
QIV, 0.1096
QIW, 0.1418
QIH, 0.4196
QIN, 0.3882
QIQ, 0.3996
QIS, 0.0
QIT, 0.434
QIY, 0.088
QIG, 0.132
QIP, 0.4988
QID, 0.3372
QIE, 0.3748
QIK, 0.4164
QIR, 0.5256
QLA, 0.0006
QLC, 0.2148
QLF, 0.1272
QLI, 0.0952
QLL, 0.0516
QLM, 0.2182
QLV, 0.4368
QLW, 0.346
QLH, 0.4754
QLN, 0.0
QLQ, 0.0212
QLS, 0.0
QLT, 0.16
QLY, 0.1944
QLG, 0.2418
QLP, 0.3474
QLD, 0.5042
QLE, 0.5882
QLK, 0.5316
QLR, 0.3636
QMA, 0.133
QMC, 0.0088
QMF, 0.0
QMI, 0.0366
QML, 0.246
QMM, 0.405
QMV, 0.2858
QMW, 0.2186
QMH, 0.1096
QMN, 0.0
QMQ, 0.2942
QMS, 0.2782
QMT, 1.0
QMY, 0.2422
QMG, 0.2422
QMP, 0.0158
QMD, 0.3008
QME, 0.1292
QMK, 0.277
QMR, 0.704
QVA, 0.0
QVC, 0.6912
QVF, 0.088
QVI, 0.123
QVL, 0.5218
QVM, 0.5404
QVV, 0.1094
QVW, 0.524
QVH, 0.0766
QVN, 0.373
QVQ, 0.062
QVS, 0.1214
QVT, 0.1272
QVY, 0.6626
QVG, 0.5118
QVP, 0.3176
QVD, 0.823
QVE, 0.4424
QVK, 0.3778
QVR, 0.1874
QWA, 0.3982
QWC, 0.2304
QWF, 0.2406
QWI, 0.3566
QWL, 0.3402
QWM, 0.593
QWV, 0.3926
QWW, 0.0644
QWH, 0.0902
QWN, 0.266
QWQ, 0.4384
QWS, 0.3934
QWT, 0.3812
QWY, 0.2918
QWG, 0.198
QWP, 0.164
QWD, 0.2984
QWE, 0.3578
QWK, 0.064
QWR, 0.1036
QHA, 0.2214
QHC, 0.274
QHF, 0.0432
QHI, 0.0052
QHL, 0.5458
QHM, 0.1322
QHV, 0.1492
QHW, 0.241
QHH, 0.085
QHN, 0.4064
QHQ, 0.197
QHS, 0.2136
QHT, 0.5718
QHY, 0.2216
QHG, 0.1968
QHP, 0.3196
QHD, 0.2972
QHE, 0.4044
QHK, 0.2066
QHR, 0.0818
QNA, 0.229
QNC, 0.1406
QNF, 0.3486
QNI, 0.1332
QNL, 0.3412
QNM, 0.5788
QNV, 0.2106
QNW, 0.0
QNH, 0.2912
QNN, 0.083
QNQ, 0.0618
QNS, 0.634
QNT, 0.0718
QNY, 0.1858
QNG, 0.2206
QNP, 0.3102
QND, 0.4296
QNE, 0.3706
QNK, 0.0248
QNR, 0.1658
QQA, 0.3828
QQC, 0.5616
QQF, 0.274
QQI, 0.1422
QQL, 0.3816
QQM, 0.0676
QQV, 0.3288
QQW, 0.5166
QQH, 0.0624
QQN, 0.2308
QQQ, 0.0888
QQS, 0.1824
QQT, 0.0
QQY, 0.2024
QQG, 0.38
QQP, 0.1828
QQD, 0.6306
QQE, 0.0342
QQK, 0.503
QQR, 0.176
QSA, 0.0162
QSC, 0.0934
QSF, 0.5044
QSI, 0.1088
QSL, 0.4164
QSM, 0.4958
QSV, 0.1986
QSW, 0.1012
QSH, 0.3232
QSN, 0.4252
QSQ, 0.2988
QSS, 0.0684
QST, 0.5616
QSY, 0.43
QSG, 0.0224
QSP, 0.1436
QSD, 0.2834
QSE, 0.288
QSK, 0.6542
QSR, 0.0856
QTA, 0.1794
QTC, 0.5642
QTF, 0.0362
QTI, 0.4274
QTL, 0.3762
QTM, 0.077
QTV, 0.304
QTW, 0.3352
QTH, 0.2224
QTN, 0.703
QTQ, 0.2936
QTS, 0.2802
QTT, 0.4904
QTY, 0.1296
QTG, 0.5422
QTP, 0.4296
QTD, 0.1836
QTE, 0.1918
QTK, 0.0884
QTR, 0.1502
QYA, 0.3126
QYC, 0.3462
QYF, 0.5426
QYI, 0.0898
QYL, 0.3104
QYM, 0.2238
QYV, 0.3158
QYW, 0.236
QYH, 0.3046
QYN, 0.2198
QYQ, 0.3342
QYS, 0.3928
QYT, 0.4914
QYY, 0.1654
QYG, 0.2918
QYP, 0.224
QYD, 0.5372
QYE, 0.452
QYK, 0.6446
QYR, 0.394
QGA, 0.1616
QGC, 0.0176
QGF, 0.2062
QGI, 0.4438
QGL, 0.6788
QGM, 0.512
QGV, 0.1464
QGW, 0.3792
QGH, 0.4106
QGN, 0.496
QGQ, 0.2882
QGS, 0.2398
QGT, 0.1676
QGY, 0.0
QGG, 0.1318
QGP, 0.0618
QGD, 0.0532
QGE, 0.1552
QGK, 0.433
QGR, 0.0672
QPA, 0.0006
QPC, 0.0172
QPF, 0.8292
QPI, 0.0288
QPL, 0.3414
QPM, 0.5116
QPV, 0.6546
QPW, 0.4258
QPH, 0.0992
QPN, 0.2996
QPQ, 0.699
QPS, 0.602
QPT, 0.2474
QPY, 0.22
QPG, 0.032
QPP, 0.7716
QPD, 0.2122
QPE, 0.2962
QPK, 0.0
QPR, 0.2362
QDA, 0.3538
QDC, 0.9182
QDF, 0.2032
QDI, 0.6264
QDL, 0.1358
QDM, 0.2956
QDV, 0.4152
QDW, 0.2878
QDH, 0.0706
QDN, 0.0538
QDQ, 0.6046
QDS, 0.143
QDT, 0.2922
QDY, 0.0962
QDG, 0.5736
QDP, 0.1472
QDD, 0.3952
QDE, 0.23
QDK, 0.0164
QDR, 0.3406
QEA, 0.1342
QEC, 0.0
QEF, 0.2644
QEI, 0.0852
QEL, 0.4012
QEM, 0.1388
QEV, 0.1354
QEW, 0.4126
QEH, 0.4326
QEN, 0.3542
QEQ, 0.2234
QES, 0.1762
QET, 0.4116
QEY, 0.3824
QEG, 0.2974
QEP, 0.3674
QED, 0.174
QEE, 0.117
QEK, 0.366
QER, 0.1526
QKA, 0.0
QKC, 0.0
QKF, 0.502
QKI, 0.2748
QKL, 0.0538
QKM, 0.1334
QKV, 0.318
QKW, 0.1146
QKH, 0.246
QKN, 0.5012
QKQ, 0.1526
QKS, 0.0
QKT, 0.426
QKY, 0.1984
QKG, 0.3736
QKP, 0.0096
QKD, 0.0858
QKE, 0.132
QKK, 0.3466
QKR, 0.0348
QRA, 0.3032
QRC, 0.3168
QRF, 0.124
QRI, 0.5886
QRL, 0.5096
QRM, 0.07
QRV, 0.3858
QRW, 0.2344
QRH, 0.3984
QRN, 0.2528
QRQ, 0.421
QRS, 0.3746
QRT, 0.6626
QRY, 0.3184
QRG, 0.0886
QRP, 0.1142
QRD, 0.6956
QRE, 0.0
QRK, 0.0616
QRR, 0.4964
SAA, 0.3026
SAC, 0.1546
SAF, 0.536
SAI, 0.015
SAL, 0.3826
SAM, 0.094
SAV, 0.0
SAW, 0.0718
SAH, 0.605
SAN, 0.3234
SAQ, 0.1746
SAS, 0.1464
SAT, 0.7094
SAY, 0.5298
SAG, 0.3578
SAP, 0.5716
SAD, 0.2658
SAE, 0.2278
SAK, 0.2308
SAR, 0.1714
SCA, 0.1426
SCC, 0.1872
SCF, 0.6222
SCI, 0.1094
SCL, 0.3298
SCM, 0.193
SCV, 0.0492
SCW, 0.2674
SCH, 0.0
SCN, 0.0954
SCQ, 0.0924
SCS, 0.6726
SCT, 0.152
SCY, 0.3066
SCG, 0.3474
SCP, 0.26
SCD, 0.3506
SCE, 0.1292
SCK, 0.4914
SCR, 0.1738
SFA, 0.1542
SFC, 0.0918
SFF, 0.3786
SFI, 0.2006
SFL, 0.2
SFM, 0.161
SFV, 0.231
SFW, 0.44
SFH, 0.2054
SFN, 0.5566
SFQ, 0.091
SFS, 0.1944
SFT, 0.356
SFY, 0.2698
SFG, 0.3668
SFP, 0.0682
SFD, 0.0794
SFE, 0.5072
SFK, 0.4666
SFR, 0.0416
SIA, 0.082
SIC, 0.0566
SIF, 0.3942
SII, 0.2402
SIL, 0.1238
SIM, 0.3946
SIV, 0.7302
SIW, 0.3532
SIH, 0.3306
SIN, 0.0424
SIQ, 0.0932
SIS, 0.1626
SIT, 0.227
SIY, 0.2564
SIG, 0.2488
SIP, 0.0404
SID, 0.0
SIE, 0.4816
SIK, 0.2884
SIR, 0.1652
SLA, 0.2736
SLC, 0.0946
SLF, 0.0452
SLI, 0.4214
SLL, 0.7004
SLM, 0.2556
SLV, 0.32
SLW, 0.4204
SLH, 0.4234
SLN, 0.5284
SLQ, 0.3982
SLS, 0.2678
SLT, 0.2242
SLY, 0.0602
SLG, 0.0716
SLP, 0.4248
SLD, 0.0536
SLE, 0.0892
SLK, 0.2174
SLR, 0.506
SMA, 0.31
SMC, 0.0596
SMF, 0.9572
SMI, 0.1786
SML, 0.0596
SMM, 0.5028
SMV, 0.1026
SMW, 0.2902
SMH, 0.3656
SMN, 0.2764
SMQ, 0.237
SMS, 0.7298
SMT, 0.584
SMY, 0.344
SMG, 0.2142
SMP, 0.5326
SMD, 0.729
SME, 0.4526
SMK, 0.2728
SMR, 0.1284
SVA, 0.2882
SVC, 0.4724
SVF, 0.1202
SVI, 0.1578
SVL, 0.02
SVM, 0.0474
SVV, 0.3094
SVW, 0.0768
SVH, 0.1358
SVN, 0.1274
SVQ, 0.3398
SVS, 0.2734
SVT, 0.0742
SVY, 0.5318
SVG, 0.1864
SVP, 0.0286
SVD, 0.2722
SVE, 0.1394
SVK, 0.1834
SVR, 0.1788
SWA, 0.0444
SWC, 0.0986
SWF, 0.0714
SWI, 0.294
SWL, 0.2808
SWM, 0.2372
SWV, 0.2166
SWW, 0.0814
SWH, 0.3672
SWN, 0.0
SWQ, 0.0544
SWS, 0.5406
SWT, 0.0686
SWY, 0.2714
SWG, 0.023
SWP, 0.1614
SWD, 0.2584
SWE, 0.1994
SWK, 0.3896
SWR, 0.385
SHA, 0.0384
SHC, 0.1998
SHF, 0.443
SHI, 0.1088
SHL, 0.4856
SHM, 0.4722
SHV, 0.1064
SHW, 0.2884
SHH, 0.1554
SHN, 0.4154
SHQ, 0.4788
SHS, 0.2028
SHT, 0.2326
SHY, 0.2188
SHG, 0.0746
SHP, 0.0418
SHD, 0.2272
SHE, 0.2102
SHK, 0.3426
SHR, 0.0994
SNA, 0.072
SNC, 0.7912
SNF, 0.1532
SNI, 0.3846
SNL, 0.5896
SNM, 0.385
SNV, 0.0564
SNW, 0.0498
SNH, 0.229
SNN, 0.119
SNQ, 0.1288
SNS, 0.1238
SNT, 0.214
SNY, 0.1016
SNG, 0.7224
SNP, 0.0118
SND, 0.263
SNE, 0.4904
SNK, 0.1956
SNR, 0.0464
SQA, 0.336
SQC, 0.252
SQF, 0.048
SQI, 0.3364
SQL, 0.3178
SQM, 0.428
SQV, 0.1246
SQW, 0.7006
SQH, 0.1712
SQN, 0.8572
SQQ, 0.8748
SQS, 0.0516
SQT, 0.384
SQY, 0.443
SQG, 0.1128
SQP, 0.0
SQD, 0.0226
SQE, 0.5468
SQK, 0.2318
SQR, 0.0
SSA, 0.0
SSC, 0.0844
SSF, 0.6338
SSI, 0.22
SSL, 0.051
SSM, 0.288
SSV, 0.1622
SSW, 0.1758
SSH, 0.0866
SSN, 0.4928
SSQ, 0.26
SSS, 0.3476
SST, 0.0402
SSY, 0.3274
SSG, 0.4736
SSP, 0.3824
SSD, 0.3568
SSE, 0.4952
SSK, 0.4366
SSR, 0.7674
STA, 0.0108
STC, 0.6056
STF, 0.122
STI, 0.3794
STL, 0.703
STM, 0.101
STV, 0.654
STW, 0.5414
STH, 0.354
STN, 0.7376
STQ, 0.561
STS, 0.3172
STT, 0.2838
STY, 0.0632
STG, 0.1248
STP, 0.6092
STD, 0.2672
STE, 0.2266
STK, 0.9718
STR, 0.1918
SYA, 0.0
SYC, 0.2366
SYF, 0.3654
SYI, 0.4552
SYL, 0.0
SYM, 0.0
SYV, 0.1994
SYW, 0.2532
SYH, 0.5764
SYN, 0.2986
SYQ, 0.5426
SYS, 0.0702
SYT, 0.1126
SYY, 0.4526
SYG, 0.2002
SYP, 0.2286
SYD, 0.5172
SYE, 0.0372
SYK, 0.564
SYR, 0.1786
SGA, 0.2254
SGC, 0.226
SGF, 0.2884
SGI, 0.3172
SGL, 0.8178
SGM, 0.0
SGV, 0.1118
SGW, 0.2796
SGH, 0.4104
SGN, 0.3082
SGQ, 0.0294
SGS, 0.0
SGT, 0.3774
SGY, 0.187
SGG, 0.414
SGP, 0.6572
SGD, 0.3858
SGE, 0.035
SGK, 0.119
SGR, 0.1146
SPA, 0.3356
SPC, 0.4272
SPF, 0.0798
SPI, 0.4098
SPL, 0.0752
SPM, 0.1184
SPV, 0.2938
SPW, 0.6148
SPH, 0.0
SPN, 0.2636
SPQ, 0.3494
SPS, 0.536
SPT, 0.2148
SPY, 0.2122
SPG, 0.292
SPP, 0.4258
SPD, 0.3164
SPE, 0.0218
SPK, 0.5708
SPR, 0.1958
SDA, 0.4932
SDC, 0.1124
SDF, 0.2992
SDI, 0.1468
SDL, 0.4908
SDM, 0.0984
SDV, 0.178
SDW, 0.3996
SDH, 0.357
SDN, 0.1432
SDQ, 0.3718
SDS, 0.1476
SDT, 0.3016
SDY, 0.3264
SDG, 0.3848
SDP, 0.1828
SDD, 0.319
SDE, 0.1444
SDK, 0.3336
SDR, 0.4756
SEA, 0.3076
SEC, 0.3046
SEF, 0.3094
SEI, 0.0492
SEL, 0.2252
SEM, 0.5834
SEV, 0.2948
SEW, 0.0516
SEH, 0.56
SEN, 0.4498
SEQ, 0.1152
SES, 0.0352
SET, 0.2358
SEY, 0.0
SEG, 0.0
SEP, 0.401
SED, 0.2848
SEE, 0.1062
SEK, 0.5532
SER, 0.167
SKA, 0.5296
SKC, 0.1534
SKF, 0.508
SKI, 0.3304
SKL, 0.5562
SKM, 0.2784
SKV, 0.0236
SKW, 0.4996
SKH, 0.0366
SKN, 0.6058
SKQ, 0.1288
SKS, 0.7174
SKT, 0.2926
SKY, 0.351
SKG, 0.0268
SKP, 0.4006
SKD, 0.2998
SKE, 0.3792
SKK, 0.5816
SKR, 0.4508
SRA, 0.5284
SRC, 0.0246
SRF, 0.4956
SRI, 0.28
SRL, 0.08
SRM, 0.5318
SRV, 0.2398
SRW, 0.0
SRH, 0.8534
SRN, 0.0
SRQ, 0.1026
SRS, 0.0912
SRT, 0.4624
SRY, 0.1962
SRG, 0.3648
SRP, 0.3872
SRD, 0.4294
SRE, 0.152
SRK, 0.213
SRR, 0.5604
TAA, 0.8444
TAC, 0.5954
TAF, 0.1752
TAI, 0.3944
TAL, 0.3276
TAM, 0.5966
TAV, 0.1264
TAW, 0.3012
TAH, 0.0508
TAN, 0.5124
TAQ, 0.0494
TAS, 0.0
TAT, 0.113
TAY, 0.2336
TAG, 0.2852
TAP, 0.2548
TAD, 0.6418
TAE, 0.2614
TAK, 0.081
TAR, 0.319
TCA, 0.0
TCC, 0.708
TCF, 0.3828
TCI, 0.0
TCL, 0.5152
TCM, 0.069
TCV, 0.201
TCW, 0.646
TCH, 0.0
TCN, 0.3362
TCQ, 0.1336
TCS, 0.0
TCT, 0.1638
TCY, 0.4914
TCG, 0.374
TCP, 0.3118
TCD, 0.0432
TCE, 0.2366
TCK, 0.4812
TCR, 0.174
TFA, 0.2544
TFC, 0.222
TFF, 0.712
TFI, 0.066
TFL, 0.602
TFM, 0.3564
TFV, 0.6792
TFW, 0.039
TFH, 0.3488
TFN, 0.4332
TFQ, 0.0
TFS, 0.0574
TFT, 0.6186
TFY, 0.2858
TFG, 0.1986
TFP, 0.729
TFD, 0.2294
TFE, 0.6964
TFK, 0.1332
TFR, 0.5888
TIA, 0.1644
TIC, 0.0662
TIF, 0.4528
TII, 0.4328
TIL, 0.0334
TIM, 0.2412
TIV, 0.3582
TIW, 0.4834
TIH, 0.2126
TIN, 0.276
TIQ, 0.016
TIS, 0.3422
TIT, 0.3732
TIY, 0.656
TIG, 0.3794
TIP, 0.1692
TID, 0.248
TIE, 0.0452
TIK, 0.0
TIR, 0.0
TLA, 0.1066
TLC, 0.3226
TLF, 0.465
TLI, 0.6944
TLL, 0.1266
TLM, 0.1128
TLV, 0.2142
TLW, 0.5046
TLH, 0.0846
TLN, 0.4492
TLQ, 0.178
TLS, 0.0758
TLT, 0.0746
TLY, 0.2032
TLG, 0.3164
TLP, 0.1586
TLD, 0.194
TLE, 0.4974
TLK, 0.2466
TLR, 0.3226
TMA, 0.1644
TMC, 0.0712
TMF, 0.4886
TMI, 0.2364
TML, 0.5348
TMM, 0.599
TMV, 0.3332
TMW, 0.323
TMH, 0.1638
TMN, 0.5046
TMQ, 0.1106
TMS, 0.5836
TMT, 0.1598
TMY, 0.4322
TMG, 0.498
TMP, 0.174
TMD, 0.349
TME, 0.5728
TMK, 0.0858
TMR, 0.3942
TVA, 0.6864
TVC, 0.372
TVF, 0.2152
TVI, 0.1596
TVL, 0.3408
TVM, 0.348
TVV, 0.0936
TVW, 0.5144
TVH, 0.2496
TVN, 0.1686
TVQ, 0.2434
TVS, 0.7842
TVT, 0.4302
TVY, 0.1814
TVG, 0.3968
TVP, 0.4988
TVD, 0.283
TVE, 0.228
TVK, 0.1224
TVR, 0.2298
TWA, 0.2562
TWC, 0.02
TWF, 0.7216
TWI, 0.2104
TWL, 0.1456
TWM, 0.3534
TWV, 0.668
TWW, 0.0366
TWH, 0.2236
TWN, 0.3182
TWQ, 0.7706
TWS, 0.4888
TWT, 0.308
TWY, 0.2108
TWG, 0.1108
TWP, 0.054
TWD, 0.2946
TWE, 0.1526
TWK, 0.1032
TWR, 0.5476
THA, 0.5034
THC, 0.1726
THF, 0.048
THI, 0.0524
THL, 0.5568
THM, 0.2254
THV, 0.4224
THW, 0.1628
THH, 0.154
THN, 0.3112
THQ, 0.3952
THS, 0.1024
THT, 0.5618
THY, 0.0876
THG, 0.3228
THP, 0.0
THD, 0.2314
THE, 0.4002
THK, 0.6844
THR, 0.3074
TNA, 0.2586
TNC, 0.2002
TNF, 0.3366
TNI, 0.2134
TNL, 0.3214
TNM, 0.3284
TNV, 0.1896
TNW, 0.0688
TNH, 0.1452
TNN, 0.1466
TNQ, 0.4684
TNS, 0.2616
TNT, 0.2496
TNY, 0.5978
TNG, 0.2014
TNP, 0.1916
TND, 0.4422
TNE, 0.5274
TNK, 0.0
TNR, 0.448
TQA, 0.2718
TQC, 0.2218
TQF, 0.6818
TQI, 0.372
TQL, 0.3246
TQM, 0.443
TQV, 0.288
TQW, 0.1682
TQH, 0.7644
TQN, 0.38
TQQ, 0.1146
TQS, 0.1078
TQT, 0.0
TQY, 0.2546
TQG, 0.2348
TQP, 0.4348
TQD, 0.2118
TQE, 0.2002
TQK, 0.012
TQR, 0.0582
TSA, 0.5048
TSC, 0.5136
TSF, 0.091
TSI, 0.033
TSL, 0.6278
TSM, 0.2874
TSV, 0.6012
TSW, 0.3294
TSH, 0.2238
TSN, 0.0996
TSQ, 0.3754
TSS, 0.0334
TST, 0.0
TSY, 0.574
TSG, 0.5094
TSP, 0.3652
TSD, 0.246
TSE, 0.5638
TSK, 0.0786
TSR, 0.0724
TTA, 0.526
TTC, 0.2876
TTF, 0.2688
TTI, 0.3272
TTL, 0.4706
TTM, 0.0332
TTV, 0.1514
TTW, 0.1096
TTH, 0.517
TTN, 0.0304
TTQ, 0.4618
TTS, 0.2352
TTT, 0.1066
TTY, 0.0726
TTG, 0.0842
TTP, 0.0452
TTD, 0.2618
TTE, 0.0796
TTK, 0.0
TTR, 0.727
TYA, 0.3786
TYC, 0.1024
TYF, 0.2712
TYI, 0.095
TYL, 0.1236
TYM, 0.4168
TYV, 0.0884
TYW, 0.4604
TYH, 0.3294
TYN, 0.1968
TYQ, 0.2808
TYS, 0.288
TYT, 0.5934
TYY, 0.0108
TYG, 0.0454
TYP, 0.001
TYD, 0.067
TYE, 0.0
TYK, 0.2662
TYR, 0.1022
TGA, 0.0784
TGC, 0.1414
TGF, 0.2548
TGI, 0.2186
TGL, 0.438
TGM, 0.4568
TGV, 0.122
TGW, 0.2112
TGH, 0.2552
TGN, 0.2048
TGQ, 0.3656
TGS, 0.402
TGT, 0.525
TGY, 0.435
TGG, 0.0312
TGP, 0.1168
TGD, 0.3492
TGE, 0.1374
TGK, 0.0172
TGR, 0.033
TPA, 0.2344
TPC, 0.0872
TPF, 0.1856
TPI, 0.2536
TPL, 0.3096
TPM, 0.3792
TPV, 0.1768
TPW, 0.214
TPH, 0.505
TPN, 0.232
TPQ, 0.056
TPS, 0.1516
TPT, 0.0
TPY, 0.3448
TPG, 0.0934
TPP, 0.3502
TPD, 0.2162
TPE, 0.4404
TPK, 0.0202
TPR, 0.2982
TDA, 0.002
TDC, 0.2138
TDF, 0.6662
TDI, 0.2538
TDL, 0.0528
TDM, 0.4336
TDV, 0.3612
TDW, 0.6616
TDH, 0.051
TDN, 0.3058
TDQ, 0.0392
TDS, 0.2314
TDT, 0.003
TDY, 0.3166
TDG, 0.1202
TDP, 0.0916
TDD, 0.3054
TDE, 0.1042
TDK, 0.3256
TDR, 0.5328
TEA, 0.4066
TEC, 0.47
TEF, 0.2462
TEI, 0.0942
TEL, 0.217
TEM, 0.0412
TEV, 0.206
TEW, 0.2404
TEH, 0.2928
TEN, 0.198
TEQ, 0.0566
TES, 0.4784
TET, 0.3068
TEY, 0.2692
TEG, 0.3848
TEP, 0.2352
TED, 0.5728
TEE, 0.0742
TEK, 0.2312
TER, 0.5854
TKA, 0.3318
TKC, 0.6528
TKF, 0.2956
TKI, 0.0
TKL, 0.1392
TKM, 0.2762
TKV, 0.1794
TKW, 0.182
TKH, 0.2272
TKN, 0.9332
TKQ, 0.0672
TKS, 0.4942
TKT, 0.2518
TKY, 0.5264
TKG, 0.2286
TKP, 0.5754
TKD, 0.0906
TKE, 0.0
TKK, 0.1936
TKR, 0.427
TRA, 0.4136
TRC, 0.3412
TRF, 0.1818
TRI, 0.0294
TRL, 0.1928
TRM, 0.2458
TRV, 0.1984
TRW, 0.0
TRH, 0.3062
TRN, 0.4008
TRQ, 0.7322
TRS, 0.069
TRT, 0.305
TRY, 0.5524
TRG, 0.1336
TRP, 0.1938
TRD, 0.7078
TRE, 0.27
TRK, 0.4432
TRR, 0.3478
YAA, 0.149
YAC, 0.0
YAF, 0.3322
YAI, 0.1652
YAL, 0.4326
YAM, 0.1998
YAV, 0.2888
YAW, 0.3464
YAH, 0.3436
YAN, 0.253
YAQ, 0.1062
YAS, 0.3012
YAT, 0.3182
YAY, 0.2752
YAG, 0.1124
YAP, 0.256
YAD, 0.1126
YAE, 0.1862
YAK, 0.0356
YAR, 0.4444
YCA, 0.0176
YCC, 0.6016
YCF, 0.1296
YCI, 0.364
YCL, 0.3744
YCM, 0.6152
YCV, 0.287
YCW, 0.238
YCH, 0.3584
YCN, 0.5288
YCQ, 0.3088
YCS, 0.5004
YCT, 0.157
YCY, 0.3182
YCG, 0.1436
YCP, 0.1478
YCD, 0.0
YCE, 0.303
YCK, 0.2398
YCR, 0.169
YFA, 0.4746
YFC, 0.3424
YFF, 0.0826
YFI, 0.119
YFL, 0.0438
YFM, 0.1998
YFV, 0.4724
YFW, 0.1764
YFH, 0.6242
YFN, 0.3014
YFQ, 0.0838
YFS, 0.7202
YFT, 0.31
YFY, 0.1678
YFG, 0.1556
YFP, 0.3142
YFD, 0.5262
YFE, 0.0604
YFK, 0.078
YFR, 0.1774
YIA, 0.5456
YIC, 0.4584
YIF, 0.1606
YII, 0.2484
YIL, 0.0408
YIM, 0.0332
YIV, 0.4584
YIW, 0.097
YIH, 0.1904
YIN, 0.081
YIQ, 0.319
YIS, 0.3856
YIT, 0.345
YIY, 0.3152
YIG, 0.0
YIP, 0.0636
YID, 0.5316
YIE, 0.2404
YIK, 0.4204
YIR, 0.0
YLA, 0.2092
YLC, 0.0576
YLF, 0.1034
YLI, 0.4202
YLL, 0.0894
YLM, 0.1276
YLV, 0.162
YLW, 0.2018
YLH, 0.3954
YLN, 0.4212
YLQ, 0.3078
YLS, 0.2898
YLT, 0.182
YLY, 0.0408
YLG, 0.2298
YLP, 0.1448
YLD, 0.1162
YLE, 0.7152
YLK, 0.0
YLR, 0.1984
YMA, 0.481
YMC, 0.2344
YMF, 0.195
YMI, 0.292
YML, 0.3272
YMM, 0.1346
YMV, 0.1984
YMW, 0.1312
YMH, 0.292
YMN, 0.2512
YMQ, 0.7472
YMS, 0.4428
YMT, 0.4752
YMY, 0.4262
YMG, 0.306
YMP, 0.1774
YMD, 0.2772
YME, 0.2364
YMK, 0.3118
YMR, 0.1326
YVA, 0.5336
YVC, 0.2564
YVF, 0.448
YVI, 0.6618
YVL, 0.162
YVM, 0.486
YVV, 0.1416
YVW, 0.4562
YVH, 0.034
YVN, 0.0566
YVQ, 0.3248
YVS, 0.0824
YVT, 0.2008
YVY, 0.1318
YVG, 0.2564
YVP, 0.7024
YVD, 0.385
YVE, 0.7018
YVK, 0.1338
YVR, 0.554
YWA, 0.4896
YWC, 0.427
YWF, 0.3752
YWI, 0.3438
YWL, 0.247
YWM, 0.191
YWV, 0.1558
YWW, 0.158
YWH, 0.1764
YWN, 0.742
YWQ, 0.3404
YWS, 0.1478
YWT, 0.2938
YWY, 0.081
YWG, 0.1458
YWP, 0.6356
YWD, 0.2388
YWE, 0.1578
YWK, 0.1172
YWR, 0.0142
YHA, 0.1622
YHC, 0.0
YHF, 0.0936
YHI, 0.0282
YHL, 0.3896
YHM, 0.0606
YHV, 0.0
YHW, 0.0656
YHH, 0.1456
YHN, 0.0
YHQ, 0.0982
YHS, 0.3682
YHT, 0.0656
YHY, 0.2774
YHG, 0.2374
YHP, 0.0
YHD, 0.4
YHE, 0.713
YHK, 0.3386
YHR, 0.3396
YNA, 0.4774
YNC, 0.4784
YNF, 0.292
YNI, 0.2346
YNL, 0.2146
YNM, 0.1958
YNV, 0.079
YNW, 0.0972
YNH, 0.0
YNN, 0.1424
YNQ, 0.6374
YNS, 0.3276
YNT, 0.391
YNY, 0.3452
YNG, 0.042
YNP, 0.1432
YND, 0.6372
YNE, 0.1986
YNK, 0.5498
YNR, 0.2476
YQA, 0.0678
YQC, 0.2648
YQF, 0.1814
YQI, 0.0778
YQL, 0.208
YQM, 0.1082
YQV, 0.3528
YQW, 0.3898
YQH, 0.3162
YQN, 0.1482
YQQ, 0.0
YQS, 0.5892
YQT, 0.2114
YQY, 0.3468
YQG, 0.0
YQP, 0.4866
YQD, 0.177
YQE, 0.9356
YQK, 0.309
YQR, 0.0096
YSA, 0.1936
YSC, 0.0894
YSF, 0.2638
YSI, 0.2764
YSL, 0.0
YSM, 0.1084
YSV, 0.285
YSW, 0.166
YSH, 0.1376
YSN, 0.3366
YSQ, 0.094
YSS, 0.161
YST, 0.0
YSY, 0.291
YSG, 0.1476
YSP, 0.1326
YSD, 0.0
YSE, 0.3858
YSK, 0.2698
YSR, 0.0444
YTA, 0.0
YTC, 0.278
YTF, 0.1646
YTI, 0.2728
YTL, 0.3882
YTM, 0.1062
YTV, 0.1322
YTW, 0.3956
YTH, 0.3174
YTN, 0.4768
YTQ, 0.2174
YTS, 0.1308
YTT, 0.3542
YTY, 0.7624
YTG, 0.1732
YTP, 0.0262
YTD, 0.6158
YTE, 0.3782
YTK, 0.16
YTR, 0.0998
YYA, 0.3366
YYC, 0.2948
YYF, 0.2256
YYI, 0.126
YYL, 0.44
YYM, 0.0
YYV, 0.3854
YYW, 0.0
YYH, 0.1522
YYN, 0.2804
YYQ, 0.3412
YYS, 0.2444
YYT, 0.7814
YYY, 0.3088
YYG, 0.1272
YYP, 0.3538
YYD, 0.4078
YYE, 0.3094
YYK, 0.598
YYR, 0.4638
YGA, 0.0846
YGC, 0.249
YGF, 0.3432
YGI, 0.3378
YGL, 0.055
YGM, 0.0064
YGV, 0.0
YGW, 0.3544
YGH, 0.3132
YGN, 0.3118
YGQ, 0.7428
YGS, 0.2012
YGT, 0.0352
YGY, 0.0
YGG, 0.0
YGP, 0.7676
YGD, 0.1574
YGE, 0.5096
YGK, 0.5154
YGR, 0.225
YPA, 0.3922
YPC, 0.0
YPF, 0.1664
YPI, 0.1778
YPL, 0.2992
YPM, 0.0956
YPV, 0.135
YPW, 0.833
YPH, 0.4212
YPN, 0.0602
YPQ, 0.2724
YPS, 0.5958
YPT, 0.1208
YPY, 0.2192
YPG, 0.0008
YPP, 0.0962
YPD, 0.282
YPE, 0.0052
YPK, 0.2428
YPR, 0.2724
YDA, 0.0
YDC, 0.0
YDF, 0.4912
YDI, 0.5454
YDL, 0.5166
YDM, 0.1708
YDV, 0.1468
YDW, 0.541
YDH, 0.2916
YDN, 0.0448
YDQ, 0.4364
YDS, 0.4534
YDT, 0.0774
YDY, 0.0044
YDG, 0.3714
YDP, 0.544
YDD, 0.405
YDE, 0.1088
YDK, 0.3866
YDR, 0.2006
YEA, 0.0232
YEC, 0.3562
YEF, 0.096
YEI, 0.0686
YEL, 0.1338
YEM, 0.1742
YEV, 0.1624
YEW, 0.2098
YEH, 0.129
YEN, 0.4954
YEQ, 0.0372
YES, 0.1632
YET, 0.0784
YEY, 0.0656
YEG, 0.4176
YEP, 0.1232
YED, 0.1096
YEE, 0.3138
YEK, 0.1128
YER, 0.2828
YKA, 0.2028
YKC, 0.0786
YKF, 0.0644
YKI, 0.3006
YKL, 0.043
YKM, 0.209
YKV, 0.2222
YKW, 0.6964
YKH, 0.0662
YKN, 0.491
YKQ, 0.3612
YKS, 0.4116
YKT, 0.4516
YKY, 0.3914
YKG, 0.1338
YKP, 0.4458
YKD, 0.3706
YKE, 0.0734
YKK, 0.2926
YKR, 0.3244
YRA, 0.4094
YRC, 0.4664
YRF, 0.1816
YRI, 0.4034
YRL, 0.348
YRM, 0.0956
YRV, 0.3366
YRW, 0.4916
YRH, 0.177
YRN, 0.1014
YRQ, 0.1354
YRS, 0.4954
YRT, 0.2882
YRY, 0.162
YRG, 0.3076
YRP, 0.1512
YRD, 0.1928
YRE, 0.323
YRK, 0.612
YRR, 0.0014
GAA, 0.217
GAC, 0.4198
GAF, 0.1446
GAI, 0.162
GAL, 0.494
GAM, 0.1532
GAV, 0.0148
GAW, 0.3322
GAH, 0.2932
GAN, 0.1654
GAQ, 0.1534
GAS, 0.5714
GAT, 0.68
GAY, 0.3824
GAG, 0.0864
GAP, 0.4844
GAD, 0.4108
GAE, 0.3926
GAK, 0.4474
GAR, 0.5212
GCA, 0.0754
GCC, 0.309
GCF, 0.1194
GCI, 0.8122
GCL, 0.2738
GCM, 0.1162
GCV, 0.5942
GCW, 0.3624
GCH, 0.504
GCN, 0.2038
GCQ, 0.646
GCS, 0.0902
GCT, 0.1816
GCY, 0.1584
GCG, 0.1348
GCP, 0.5122
GCD, 0.0114
GCE, 0.0966
GCK, 0.2408
GCR, 0.4918
GFA, 0.652
GFC, 0.0
GFF, 0.566
GFI, 0.1734
GFL, 0.7926
GFM, 0.4008
GFV, 0.3618
GFW, 0.2138
GFH, 0.2694
GFN, 0.1784
GFQ, 0.1602
GFS, 0.3476
GFT, 0.389
GFY, 0.4554
GFG, 0.0
GFP, 0.054
GFD, 0.536
GFE, 0.0076
GFK, 0.402
GFR, 0.4494
GIA, 0.0316
GIC, 0.3878
GIF, 0.1282
GII, 0.0442
GIL, 0.0
GIM, 0.1444
GIV, 0.1798
GIW, 0.2466
GIH, 0.5618
GIN, 0.2794
GIQ, 0.0454
GIS, 0.4296
GIT, 0.0
GIY, 0.218
GIG, 0.0318
GIP, 0.6696
GID, 0.0
GIE, 0.1242
GIK, 0.48
GIR, 0.1644
GLA, 0.1148
GLC, 0.2132
GLF, 0.2008
GLI, 0.032
GLL, 0.7834
GLM, 0.0002
GLV, 0.2866
GLW, 0.0
GLH, 0.1996
GLN, 0.1572
GLQ, 0.3008
GLS, 0.1562
GLT, 0.1964
GLY, 0.355
GLG, 0.4734
GLP, 0.458
GLD, 0.2782
GLE, 0.0812
GLK, 0.0
GLR, 0.4134
GMA, 0.6986
GMC, 0.6658
GMF, 0.0
GMI, 0.0416
GML, 0.6576
GMM, 0.5746
GMV, 0.0584
GMW, 0.3362
GMH, 0.0
GMN, 0.088
GMQ, 0.4166
GMS, 0.3512
GMT, 0.5534
GMY, 0.5516
GMG, 0.5504
GMP, 0.647
GMD, 0.1282
GME, 0.1032
GMK, 0.2126
GMR, 0.009
GVA, 0.123
GVC, 0.489
GVF, 0.743
GVI, 0.0298
GVL, 0.2424
GVM, 0.0272
GVV, 0.2536
GVW, 0.0212
GVH, 0.3106
GVN, 0.115
GVQ, 0.364
GVS, 0.4902
GVT, 0.2844
GVY, 0.7436
GVG, 0.2874
GVP, 0.3094
GVD, 0.6308
GVE, 0.1028
GVK, 0.0836
GVR, 0.4708
GWA, 0.0234
GWC, 0.0636
GWF, 0.2644
GWI, 0.0
GWL, 0.3632
GWM, 0.0052
GWV, 0.0644
GWW, 0.0
GWH, 0.0312
GWN, 0.1532
GWQ, 0.1306
GWS, 0.163
GWT, 0.4566
GWY, 0.2804
GWG, 0.3854
GWP, 0.302
GWD, 0.396
GWE, 0.3554
GWK, 0.5128
GWR, 0.4782
GHA, 0.1986
GHC, 0.3038
GHF, 0.4302
GHI, 0.44
GHL, 0.5402
GHM, 0.7196
GHV, 0.1376
GHW, 0.4628
GHH, 0.1686
GHN, 0.0924
GHQ, 0.391
GHS, 0.0492
GHT, 0.3796
GHY, 0.041
GHG, 0.0
GHP, 0.1068
GHD, 0.3716
GHE, 0.4442
GHK, 0.5162
GHR, 0.3468
GNA, 0.0486
GNC, 0.3326
GNF, 0.1972
GNI, 0.2762
GNL, 0.19
GNM, 0.0972
GNV, 0.6292
GNW, 0.0172
GNH, 0.252
GNN, 0.3908
GNQ, 0.176
GNS, 0.2362
GNT, 0.2816
GNY, 0.1864
GNG, 0.1362
GNP, 0.3426
GND, 0.0734
GNE, 0.0832
GNK, 0.3148
GNR, 0.0
GQA, 0.7446
GQC, 0.0
GQF, 0.1046
GQI, 0.4948
GQL, 0.4648
GQM, 0.138
GQV, 0.3008
GQW, 0.2672
GQH, 0.356
GQN, 0.2066
GQQ, 0.0192
GQS, 0.5764
GQT, 0.263
GQY, 0.0004
GQG, 0.1718
GQP, 0.396
GQD, 0.378
GQE, 0.0268
GQK, 0.41
GQR, 0.0
GSA, 0.3104
GSC, 0.2244
GSF, 0.0
GSI, 0.0774
GSL, 0.4878
GSM, 0.3354
GSV, 0.1144
GSW, 0.402
GSH, 0.1678
GSN, 0.2708
GSQ, 0.5864
GSS, 0.0012
GST, 0.854
GSY, 0.307
GSG, 0.0
GSP, 0.0148
GSD, 0.4026
GSE, 0.0896
GSK, 0.531
GSR, 0.2762
GTA, 0.1274
GTC, 0.41
GTF, 0.1544
GTI, 0.7468
GTL, 0.7014
GTM, 0.3026
GTV, 0.1986
GTW, 0.477
GTH, 0.3436
GTN, 0.0158
GTQ, 0.6902
GTS, 0.596
GTT, 0.0356
GTY, 0.2596
GTG, 0.6158
GTP, 0.216
GTD, 0.2382
GTE, 0.0
GTK, 0.5526
GTR, 0.3936
GYA, 0.1758
GYC, 0.4854
GYF, 0.2892
GYI, 0.0214
GYL, 0.1346
GYM, 0.4634
GYV, 0.1948
GYW, 0.2738
GYH, 0.5168
GYN, 0.0894
GYQ, 0.0534
GYS, 0.3488
GYT, 0.4572
GYY, 0.1644
GYG, 0.167
GYP, 0.0344
GYD, 0.6454
GYE, 0.4182
GYK, 0.0788
GYR, 0.1044
GGA, 0.2982
GGC, 0.2624
GGF, 0.5404
GGI, 0.3884
GGL, 0.1818
GGM, 0.1756
GGV, 0.3452
GGW, 0.0124
GGH, 0.2912
GGN, 0.5188
GGQ, 0.7592
GGS, 0.6108
GGT, 0.4208
GGY, 0.3176
GGG, 0.4668
GGP, 0.0
GGD, 0.1992
GGE, 0.175
GGK, 0.0384
GGR, 0.1172
GPA, 0.3236
GPC, 0.4366
GPF, 0.5782
GPI, 0.6018
GPL, 0.1088
GPM, 0.6486
GPV, 0.1796
GPW, 0.4318
GPH, 0.215
GPN, 0.5206
GPQ, 0.186
GPS, 0.4832
GPT, 0.2292
GPY, 0.5074
GPG, 0.4554
GPP, 0.4978
GPD, 0.199
GPE, 0.8858
GPK, 0.4792
GPR, 0.5582
GDA, 0.7518
GDC, 0.123
GDF, 0.3382
GDI, 0.2544
GDL, 0.0392
GDM, 0.1654
GDV, 0.4468
GDW, 0.408
GDH, 0.3332
GDN, 0.0656
GDQ, 0.3204
GDS, 0.269
GDT, 0.386
GDY, 0.0196
GDG, 0.2388
GDP, 0.2672
GDD, 0.2254
GDE, 0.0308
GDK, 0.6086
GDR, 0.2922
GEA, 0.5782
GEC, 0.204
GEF, 0.2102
GEI, 0.6196
GEL, 0.2904
GEM, 0.3508
GEV, 0.7768
GEW, 0.2288
GEH, 0.4986
GEN, 0.3232
GEQ, 0.178
GES, 0.4906
GET, 0.0
GEY, 0.0184
GEG, 0.3842
GEP, 0.5058
GED, 0.3378
GEE, 0.0314
GEK, 0.5168
GER, 0.5154
GKA, 0.203
GKC, 0.315
GKF, 0.1934
GKI, 0.3842
GKL, 0.5298
GKM, 0.1948
GKV, 0.0888
GKW, 0.44
GKH, 0.1932
GKN, 0.0388
GKQ, 0.5062
GKS, 0.288
GKT, 0.6096
GKY, 0.2768
GKG, 0.265
GKP, 0.0402
GKD, 0.0518
GKE, 0.5524
GKK, 0.312
GKR, 0.4228
GRA, 0.3762
GRC, 0.1132
GRF, 0.1558
GRI, 0.3996
GRL, 0.4642
GRM, 0.29
GRV, 0.4386
GRW, 0.1284
GRH, 0.7074
GRN, 0.5304
GRQ, 0.3666
GRS, 0.3376
GRT, 0.0
GRY, 0.4862
GRG, 0.2042
GRP, 0.1746
GRD, 0.4158
GRE, 0.003
GRK, 0.0092
GRR, 0.0368
PAA, 0.3554
PAC, 0.1662
PAF, 0.0964
PAI, 0.6344
PAL, 0.1968
PAM, 0.4032
PAV, 0.424
PAW, 0.2354
PAH, 0.6738
PAN, 0.539
PAQ, 0.4376
PAS, 0.0
PAT, 0.3798
PAY, 0.1406
PAG, 0.4518
PAP, 0.2578
PAD, 0.21
PAE, 0.4698
PAK, 0.0
PAR, 0.087
PCA, 0.3134
PCC, 0.295
PCF, 0.1696
PCI, 0.0
PCL, 0.2124
PCM, 0.4114
PCV, 0.1562
PCW, 0.0
PCH, 0.2568
PCN, 0.1914
PCQ, 0.2054
PCS, 0.2456
PCT, 0.2248
PCY, 0.1004
PCG, 0.0
PCP, 0.2882
PCD, 0.075
PCE, 0.2672
PCK, 0.495
PCR, 0.133
PFA, 0.2882
PFC, 0.1076
PFF, 0.5578
PFI, 0.1024
PFL, 0.175
PFM, 0.0
PFV, 0.35
PFW, 0.0
PFH, 0.4296
PFN, 0.2518
PFQ, 0.1174
PFS, 0.0
PFT, 0.4516
PFY, 0.21
PFG, 0.3562
PFP, 0.2338
PFD, 0.1956
PFE, 0.077
PFK, 0.407
PFR, 0.5066
PIA, 0.3264
PIC, 0.0808
PIF, 0.0834
PII, 0.0
PIL, 0.2502
PIM, 0.4612
PIV, 0.5632
PIW, 0.1692
PIH, 0.5034
PIN, 0.2618
PIQ, 0.164
PIS, 0.105
PIT, 0.0378
PIY, 0.2798
PIG, 0.157
PIP, 0.249
PID, 0.5566
PIE, 0.8014
PIK, 0.1444
PIR, 0.0798
PLA, 0.2786
PLC, 0.435
PLF, 0.0
PLI, 0.1652
PLL, 0.0584
PLM, 0.5442
PLV, 0.194
PLW, 0.1504
PLH, 0.2304
PLN, 0.2472
PLQ, 0.0
PLS, 0.5148
PLT, 0.5882
PLY, 0.2572
PLG, 0.2098
PLP, 0.8706
PLD, 0.1734
PLE, 0.6518
PLK, 0.6172
PLR, 0.128
PMA, 0.359
PMC, 0.0134
PMF, 0.0
PMI, 0.076
PML, 0.2198
PMM, 0.1358
PMV, 0.21
PMW, 0.3492
PMH, 0.1498
PMN, 0.0008
PMQ, 0.0
PMS, 0.1886
PMT, 0.3382
PMY, 0.2348
PMG, 0.0
PMP, 0.3998
PMD, 0.1476
PME, 0.0548
PMK, 0.0322
PMR, 0.1736
PVA, 0.2114
PVC, 0.4524
PVF, 0.1054
PVI, 0.2138
PVL, 0.0708
PVM, 0.2878
PVV, 0.266
PVW, 0.745
PVH, 0.2874
PVN, 0.3648
PVQ, 0.0338
PVS, 0.2902
PVT, 0.3728
PVY, 0.3668
PVG, 0.1518
PVP, 0.3058
PVD, 0.068
PVE, 0.3508
PVK, 0.045
PVR, 0.087
PWA, 0.411
PWC, 0.3506
PWF, 0.042
PWI, 0.012
PWL, 0.3572
PWM, 0.1662
PWV, 0.138
PWW, 0.2668
PWH, 0.4956
PWN, 0.5316
PWQ, 0.0054
PWS, 0.3244
PWT, 0.2348
PWY, 0.2162
PWG, 0.2258
PWP, 0.366
PWD, 0.6038
PWE, 0.0366
PWK, 0.2898
PWR, 0.0
PHA, 0.131
PHC, 0.0462
PHF, 0.2926
PHI, 0.0418
PHL, 0.4084
PHM, 0.46
PHV, 0.4662
PHW, 0.2336
PHH, 0.3986
PHN, 0.282
PHQ, 0.3166
PHS, 0.4778
PHT, 0.3192
PHY, 0.0162
PHG, 0.247
PHP, 0.3868
PHD, 0.0498
PHE, 0.0572
PHK, 0.356
PHR, 0.538
PNA, 0.5496
PNC, 0.1078
PNF, 0.2642
PNI, 0.053
PNL, 0.195
PNM, 0.0
PNV, 0.0556
PNW, 0.2368
PNH, 0.0588
PNN, 0.0792
PNQ, 0.2656
PNS, 0.2362
PNT, 0.2354
PNY, 0.437
PNG, 0.0568
PNP, 0.2888
PND, 0.37
PNE, 0.6762
PNK, 0.0
PNR, 0.1964
PQA, 0.6922
PQC, 0.335
PQF, 0.1262
PQI, 0.1878
PQL, 0.2692
PQM, 0.056
PQV, 0.132
PQW, 0.4044
PQH, 0.3686
PQN, 0.1592
PQQ, 0.0
PQS, 0.1644
PQT, 0.1478
PQY, 0.0388
PQG, 0.7454
PQP, 0.2794
PQD, 0.1222
PQE, 0.292
PQK, 0.2976
PQR, 0.2402
PSA, 0.5992
PSC, 0.2848
PSF, 0.7328
PSI, 0.006
PSL, 0.1158
PSM, 0.0766
PSV, 0.2436
PSW, 0.5404
PSH, 0.5728
PSN, 0.3166
PSQ, 0.0
PSS, 0.2852
PST, 0.5028
PSY, 0.1028
PSG, 0.0878
PSP, 0.3718
PSD, 0.2528
PSE, 0.4408
PSK, 0.1514
PSR, 0.4482
PTA, 0.4078
PTC, 0.557
PTF, 0.0694
PTI, 0.007
PTL, 0.271
PTM, 0.1152
PTV, 0.3504
PTW, 0.283
PTH, 0.6408
PTN, 0.1302
PTQ, 0.0
PTS, 0.436
PTT, 0.2608
PTY, 0.4512
PTG, 0.0294
PTP, 0.2902
PTD, 0.0
PTE, 0.0828
PTK, 0.1638
PTR, 0.0614
PYA, 0.1444
PYC, 0.0874
PYF, 0.0628
PYI, 0.2798
PYL, 0.1542
PYM, 0.6188
PYV, 0.1542
PYW, 0.3308
PYH, 0.7806
PYN, 0.2036
PYQ, 0.0292
PYS, 0.0846
PYT, 0.1736
PYY, 0.6036
PYG, 0.668
PYP, 0.2128
PYD, 0.0874
PYE, 0.302
PYK, 0.2688
PYR, 0.0176
PGA, 0.0054
PGC, 0.1362
PGF, 0.4508
PGI, 0.2676
PGL, 0.0932
PGM, 0.0044
PGV, 0.0568
PGW, 0.0
PGH, 0.272
PGN, 0.1532
PGQ, 0.6552
PGS, 0.6812
PGT, 0.3936
PGY, 0.1512
PGG, 0.403
PGP, 0.2046
PGD, 0.1542
PGE, 0.1056
PGK, 0.4026
PGR, 0.1882
PPA, 0.0658
PPC, 0.3716
PPF, 0.1476
PPI, 0.5986
PPL, 0.3696
PPM, 0.15
PPV, 0.4264
PPW, 0.0
PPH, 0.4472
PPN, 0.3952
PPQ, 0.0538
PPS, 0.246
PPT, 0.5292
PPY, 0.6398
PPG, 0.0514
PPP, 0.0404
PPD, 0.122
PPE, 0.0456
PPK, 0.8088
PPR, 0.103
PDA, 0.36
PDC, 0.2232
PDF, 0.0
PDI, 0.464
PDL, 0.4808
PDM, 0.2558
PDV, 0.8114
PDW, 0.5692
PDH, 0.3886
PDN, 0.2496
PDQ, 0.284
PDS, 0.298
PDT, 0.2312
PDY, 0.3332
PDG, 0.3134
PDP, 0.5016
PDD, 0.522
PDE, 0.9156
PDK, 0.2314
PDR, 0.2966
PEA, 0.0994
PEC, 0.127
PEF, 0.4244
PEI, 0.2868
PEL, 0.2666
PEM, 0.3394
PEV, 0.121
PEW, 0.4396
PEH, 0.0
PEN, 0.44
PEQ, 0.4196
PES, 0.3484
PET, 0.3924
PEY, 0.3626
PEG, 0.0
PEP, 0.2726
PED, 0.3546
PEE, 0.27
PEK, 0.2838
PER, 0.1396
PKA, 0.0328
PKC, 0.1892
PKF, 0.0
PKI, 0.294
PKL, 0.2666
PKM, 0.0442
PKV, 0.0
PKW, 0.614
PKH, 0.3462
PKN, 0.5894
PKQ, 0.406
PKS, 0.3494
PKT, 0.2528
PKY, 0.2138
PKG, 0.4028
PKP, 0.295
PKD, 0.3018
PKE, 0.1904
PKK, 0.117
PKR, 0.0266
PRA, 0.466
PRC, 0.2598
PRF, 0.5354
PRI, 0.0324
PRL, 0.4788
PRM, 0.1414
PRV, 0.6718
PRW, 0.8196
PRH, 0.1614
PRN, 0.1084
PRQ, 0.0806
PRS, 0.0172
PRT, 0.2402
PRY, 0.3986
PRG, 0.6976
PRP, 0.1084
PRD, 0.2988
PRE, 0.459
PRK, 0.0962
PRR, 0.3424
DAA, 0.5884
DAC, 0.2122
DAF, 0.2746
DAI, 0.323
DAL, 0.876
DAM, 0.4424
DAV, 0.3052
DAW, 0.1538
DAH, 0.4168
DAN, 0.5914
DAQ, 0.1164
DAS, 0.693
DAT, 0.408
DAY, 0.172
DAG, 0.44
DAP, 0.0958
DAD, 0.3194
DAE, 0.3024
DAK, 0.226
DAR, 0.4846
DCA, 0.3414
DCC, 0.3202
DCF, 0.0702
DCI, 0.0
DCL, 0.2954
DCM, 0.2634
DCV, 0.2638
DCW, 0.5782
DCH, 0.2628
DCN, 0.4206
DCQ, 0.0252
DCS, 0.6296
DCT, 0.1574
DCY, 0.1448
DCG, 0.3058
DCP, 0.0006
DCD, 0.6332
DCE, 0.1374
DCK, 0.2014
DCR, 0.1362
DFA, 0.2134
DFC, 0.325
DFF, 0.2376
DFI, 0.4232
DFL, 0.3278
DFM, 0.2686
DFV, 0.162
DFW, 0.5344
DFH, 0.141
DFN, 0.5662
DFQ, 0.0078
DFS, 0.3854
DFT, 0.1454
DFY, 0.4318
DFG, 0.5294
DFP, 0.3292
DFD, 0.3838
DFE, 0.3654
DFK, 0.2904
DFR, 0.2456
DIA, 0.5066
DIC, 0.0032
DIF, 0.2546
DII, 0.6524
DIL, 0.36
DIM, 0.0598
DIV, 0.0
DIW, 0.0322
DIH, 0.6162
DIN, 0.1854
DIQ, 0.0756
DIS, 0.1252
DIT, 0.3356
DIY, 0.0
DIG, 0.031
DIP, 0.6992
DID, 0.3354
DIE, 0.8846
DIK, 0.3072
DIR, 0.4956
DLA, 0.084
DLC, 0.4332
DLF, 0.4522
DLI, 0.1802
DLL, 0.118
DLM, 0.2322
DLV, 0.269
DLW, 0.523
DLH, 0.0748
DLN, 0.0628
DLQ, 0.4248
DLS, 0.4626
DLT, 0.0258
DLY, 0.0
DLG, 0.141
DLP, 0.48
DLD, 0.2018
DLE, 0.1008
DLK, 0.1536
DLR, 0.0
DMA, 0.2764
DMC, 0.4718
DMF, 0.2552
DMI, 0.0606
DML, 0.109
DMM, 0.0
DMV, 0.31
DMW, 0.0436
DMH, 0.0452
DMN, 0.3712
DMQ, 0.3766
DMS, 0.1686
DMT, 0.5186
DMY, 0.517
DMG, 0.2024
DMP, 0.643
DMD, 0.0
DME, 0.2426
DMK, 0.3696
DMR, 0.1626
DVA, 0.6366
DVC, 0.2594
DVF, 0.0
DVI, 0.2644
DVL, 0.483
DVM, 0.3786
DVV, 0.5266
DVW, 0.0916
DVH, 0.0478
DVN, 0.4242
DVQ, 0.5958
DVS, 0.1844
DVT, 0.4146
DVY, 0.343
DVG, 0.6734
DVP, 0.1494
DVD, 0.2488
DVE, 0.4208
DVK, 0.4628
DVR, 0.0
DWA, 0.2736
DWC, 0.3098
DWF, 0.0614
DWI, 0.1964
DWL, 0.1406
DWM, 0.0002
DWV, 0.6816
DWW, 0.0598
DWH, 0.256
DWN, 0.4266
DWQ, 0.2096
DWS, 0.356
DWT, 0.0
DWY, 0.2928
DWG, 0.248
DWP, 0.4686
DWD, 0.4052
DWE, 0.3432
DWK, 0.3396
DWR, 0.2536
DHA, 0.1976
DHC, 0.2422
DHF, 0.3032
DHI, 0.1574
DHL, 0.3222
DHM, 0.0882
DHV, 0.6108
DHW, 0.0
DHH, 0.4134
DHN, 0.403
DHQ, 0.6822
DHS, 0.302
DHT, 0.04
DHY, 0.424
DHG, 0.182
DHP, 0.5044
DHD, 0.0972
DHE, 0.7522
DHK, 0.1094
DHR, 0.2476
DNA, 0.0
DNC, 0.0334
DNF, 0.0966
DNI, 0.4548
DNL, 0.4474
DNM, 0.2062
DNV, 0.3368
DNW, 0.0
DNH, 0.4454
DNN, 0.3532
DNQ, 0.2072
DNS, 0.6862
DNT, 0.2486
DNY, 0.2372
DNG, 0.297
DNP, 0.366
DND, 0.0978
DNE, 0.107
DNK, 0.5252
DNR, 0.1808
DQA, 0.3186
DQC, 0.3092
DQF, 0.736
DQI, 0.1898
DQL, 0.121
DQM, 0.2216
DQV, 0.1914
DQW, 0.0
DQH, 0.4588
DQN, 0.545
DQQ, 0.3532
DQS, 0.162
DQT, 0.0
DQY, 0.4624
DQG, 0.4566
DQP, 0.333
DQD, 0.0838
DQE, 0.3236
DQK, 0.542
DQR, 0.2834
DSA, 0.047
DSC, 0.2792
DSF, 0.3916
DSI, 0.2852
DSL, 0.2922
DSM, 0.1908
DSV, 0.3236
DSW, 0.042
DSH, 0.4108
DSN, 0.3678
DSQ, 0.2598
DSS, 0.1368
DST, 0.1752
DSY, 0.0406
DSG, 0.187
DSP, 0.1824
DSD, 0.3844
DSE, 0.0954
DSK, 0.1652
DSR, 0.3862
DTA, 0.139
DTC, 0.34
DTF, 0.2574
DTI, 0.0854
DTL, 0.1686
DTM, 0.1616
DTV, 0.2526
DTW, 0.5534
DTH, 0.3484
DTN, 0.2652
DTQ, 0.5914
DTS, 0.4324
DTT, 0.371
DTY, 0.4164
DTG, 0.2792
DTP, 0.4072
DTD, 0.194
DTE, 0.5994
DTK, 0.3196
DTR, 0.2556
DYA, 0.6714
DYC, 0.1148
DYF, 0.282
DYI, 0.304
DYL, 0.4206
DYM, 0.4406
DYV, 0.0338
DYW, 0.0
DYH, 0.1654
DYN, 0.3626
DYQ, 0.4922
DYS, 0.5426
DYT, 0.2706
DYY, 0.1942
DYG, 0.4002
DYP, 0.1218
DYD, 0.3708
DYE, 0.84
DYK, 0.3318
DYR, 0.0
DGA, 0.0348
DGC, 0.0168
DGF, 0.1032
DGI, 0.179
DGL, 0.1972
DGM, 0.1212
DGV, 0.1162
DGW, 0.6682
DGH, 0.3336
DGN, 0.4946
DGQ, 0.3502
DGS, 0.1112
DGT, 0.3536
DGY, 0.1736
DGG, 0.515
DGP, 0.282
DGD, 0.5222
DGE, 0.4948
DGK, 0.0
DGR, 0.1598
DPA, 0.1056
DPC, 0.6246
DPF, 0.16
DPI, 0.1864
DPL, 0.3088
DPM, 0.1368
DPV, 0.0956
DPW, 0.2406
DPH, 0.5092
DPN, 0.487
DPQ, 0.5448
DPS, 0.412
DPT, 0.5192
DPY, 0.0376
DPG, 0.1726
DPP, 0.4522
DPD, 0.1964
DPE, 0.4198
DPK, 0.1342
DPR, 0.5528
DDA, 0.4008
DDC, 0.4494
DDF, 0.3026
DDI, 0.3444
DDL, 0.0
DDM, 0.2846
DDV, 0.578
DDW, 0.6226
DDH, 0.4234
DDN, 0.1472
DDQ, 0.0976
DDS, 0.3486
DDT, 0.1632
DDY, 0.1574
DDG, 0.345
DDP, 0.3306
DDD, 0.2996
DDE, 0.3704
DDK, 0.0456
DDR, 0.3196
DEA, 0.1728
DEC, 0.1626
DEF, 0.2034
DEI, 0.0388
DEL, 0.0698
DEM, 0.4796
DEV, 0.7872
DEW, 0.1036
DEH, 0.3848
DEN, 0.3328
DEQ, 0.0484
DES, 0.7
DET, 0.5882
DEY, 0.227
DEG, 0.2856
DEP, 0.2032
DED, 0.0092
DEE, 0.7372
DEK, 0.4764
DER, 0.1666
DKA, 0.5868
DKC, 0.2078
DKF, 0.269
DKI, 0.325
DKL, 0.1142
DKM, 0.3618
DKV, 0.0
DKW, 0.145
DKH, 0.0
DKN, 0.0062
DKQ, 0.1794
DKS, 0.0338
DKT, 0.2968
DKY, 0.106
DKG, 0.3984
DKP, 0.158
DKD, 0.1596
DKE, 0.299
DKK, 0.3108
DKR, 0.3982
DRA, 0.4902
DRC, 0.4024
DRF, 0.3724
DRI, 0.0
DRL, 0.0628
DRM, 0.252
DRV, 0.419
DRW, 0.6378
DRH, 0.4756
DRN, 0.3734
DRQ, 0.1896
DRS, 0.3926
DRT, 0.2278
DRY, 0.432
DRG, 0.7174
DRP, 0.5198
DRD, 0.0262
DRE, 0.4328
DRK, 0.3462
DRR, 0.109
EAA, 0.5186
EAC, 0.088
EAF, 0.4364
EAI, 0.1784
EAL, 0.2886
EAM, 0.36
EAV, 0.1116
EAW, 0.3378
EAH, 0.2398
EAN, 0.426
EAQ, 0.7998
EAS, 0.1864
EAT, 0.158
EAY, 0.1894
EAG, 0.2404
EAP, 0.4366
EAD, 0.1814
EAE, 0.097
EAK, 0.288
EAR, 0.3684
ECA, 0.0766
ECC, 0.3282
ECF, 0.074
ECI, 0.0008
ECL, 0.5852
ECM, 0.1672
ECV, 0.044
ECW, 0.216
ECH, 0.2698
ECN, 0.5722
ECQ, 0.358
ECS, 0.2948
ECT, 0.663
ECY, 0.2554
ECG, 0.2768
ECP, 0.071
ECD, 0.1426
ECE, 0.098
ECK, 0.7748
ECR, 0.4768
EFA, 0.3346
EFC, 0.0
EFF, 0.644
EFI, 0.3912
EFL, 0.3702
EFM, 0.1234
EFV, 0.3162
EFW, 0.293
EFH, 0.2702
EFN, 0.4816
EFQ, 0.0622
EFS, 0.387
EFT, 0.3136
EFY, 0.2344
EFG, 0.336
EFP, 0.4362
EFD, 0.0
EFE, 0.0
EFK, 0.646
EFR, 0.1826
EIA, 0.1824
EIC, 0.1278
EIF, 0.0
EII, 0.1874
EIL, 0.5118
EIM, 0.2078
EIV, 0.0232
EIW, 0.4008
EIH, 0.0
EIN, 0.2692
EIQ, 0.4022
EIS, 0.5186
EIT, 0.5332
EIY, 0.3722
EIG, 0.4444
EIP, 0.1292
EID, 0.0968
EIE, 0.4874
EIK, 0.0198
EIR, 0.0
ELA, 0.6276
ELC, 0.0006
ELF, 0.0106
ELI, 0.1744
ELL, 0.1698
ELM, 0.3342
ELV, 0.4084
ELW, 0.4286
ELH, 0.6184
ELN, 0.6192
ELQ, 0.193
ELS, 0.3032
ELT, 0.2784
ELY, 0.2858
ELG, 0.3172
ELP, 0.229
ELD, 0.3584
ELE, 0.568
ELK, 0.0908
ELR, 0.0234
EMA, 0.0
EMC, 0.3108
EMF, 0.362
EMI, 0.0214
EML, 0.1828
EMM, 0.3246
EMV, 0.2074
EMW, 0.3598
EMH, 0.531
EMN, 0.149
EMQ, 0.1008
EMS, 0.159
EMT, 0.2394
EMY, 0.229
EMG, 0.0526
EMP, 0.2494
EMD, 0.473
EME, 0.1542
EMK, 0.2252
EMR, 0.2786
EVA, 0.1626
EVC, 0.1838
EVF, 0.4142
EVI, 0.1586
EVL, 0.4464
EVM, 0.332
EVV, 0.0
EVW, 0.2014
EVH, 0.3918
EVN, 0.158
EVQ, 0.3464
EVS, 0.5986
EVT, 0.1082
EVY, 0.3578
EVG, 0.1896
EVP, 0.1228
EVD, 0.3554
EVE, 0.4678
EVK, 0.1902
EVR, 0.6286
EWA, 0.2896
EWC, 0.2118
EWF, 0.724
EWI, 0.2864
EWL, 0.1814
EWM, 0.4836
EWV, 0.0378
EWW, 0.0756
EWH, 0.1412
EWN, 0.1414
EWQ, 0.3566
EWS, 0.0928
EWT, 0.6368
EWY, 0.2054
EWG, 0.2104
EWP, 0.0262
EWD, 0.2716
EWE, 0.315
EWK, 0.7782
EWR, 0.0848
EHA, 0.0
EHC, 0.239
EHF, 0.6172
EHI, 0.0
EHL, 0.327
EHM, 0.0972
EHV, 0.0
EHW, 0.0
EHH, 0.5638
EHN, 0.1018
EHQ, 0.179
EHS, 0.3216
EHT, 0.169
EHY, 0.473
EHG, 0.3376
EHP, 0.7254
EHD, 0.0152
EHE, 0.3444
EHK, 0.4338
EHR, 0.5764
ENA, 0.2966
ENC, 0.4816
ENF, 0.1002
ENI, 0.2168
ENL, 0.7672
ENM, 0.5018
ENV, 0.1626
ENW, 0.1656
ENH, 0.2566
ENN, 0.2878
ENQ, 0.0588
ENS, 0.1842
ENT, 0.1172
ENY, 0.4548
ENG, 0.3512
ENP, 0.1094
END, 0.0
ENE, 0.2032
ENK, 0.0
ENR, 0.6008
EQA, 0.0
EQC, 0.0212
EQF, 0.1448
EQI, 0.6294
EQL, 0.1394
EQM, 0.4976
EQV, 0.3
EQW, 0.0098
EQH, 0.42
EQN, 0.1932
EQQ, 0.5974
EQS, 0.2046
EQT, 0.0624
EQY, 0.3058
EQG, 0.088
EQP, 0.0334
EQD, 0.2904
EQE, 0.0686
EQK, 0.3012
EQR, 0.7576
ESA, 0.136
ESC, 0.0672
ESF, 0.3518
ESI, 0.3852
ESL, 0.319
ESM, 0.3584
ESV, 0.0746
ESW, 0.283
ESH, 0.4474
ESN, 0.036
ESQ, 0.6962
ESS, 0.5088
EST, 0.0806
ESY, 0.5032
ESG, 0.3016
ESP, 0.3148
ESD, 0.65
ESE, 0.1166
ESK, 0.0
ESR, 0.1394
ETA, 0.1584
ETC, 0.2188
ETF, 0.4244
ETI, 0.3014
ETL, 0.28
ETM, 0.0414
ETV, 0.0
ETW, 0.5796
ETH, 0.423
ETN, 0.3452
ETQ, 0.245
ETS, 0.2396
ETT, 0.333
ETY, 0.0616
ETG, 0.5934
ETP, 0.5128
ETD, 0.8614
ETE, 0.3296
ETK, 0.4934
ETR, 0.2936
EYA, 0.3656
EYC, 0.152
EYF, 0.4022
EYI, 0.0
EYL, 0.0
EYM, 0.4936
EYV, 0.2108
EYW, 0.5318
EYH, 0.3692
EYN, 0.391
EYQ, 0.279
EYS, 0.6398
EYT, 0.7498
EYY, 0.073
EYG, 0.3494
EYP, 0.3596
EYD, 0.4538
EYE, 0.3322
EYK, 0.2854
EYR, 0.0
EGA, 0.2956
EGC, 0.1216
EGF, 0.365
EGI, 0.4556
EGL, 0.2868
EGM, 0.1394
EGV, 0.2488
EGW, 0.0
EGH, 0.277
EGN, 0.0376
EGQ, 0.3768
EGS, 0.5306
EGT, 0.1524
EGY, 0.1014
EGG, 0.538
EGP, 0.0194
EGD, 0.0302
EGE, 0.281
EGK, 0.1836
EGR, 0.0684
EPA, 0.4876
EPC, 0.231
EPF, 0.2334
EPI, 0.0
EPL, 0.634
EPM, 0.3342
EPV, 0.5862
EPW, 0.4996
EPH, 0.2908
EPN, 0.566
EPQ, 0.1342
EPS, 0.344
EPT, 0.5662
EPY, 0.1988
EPG, 0.4056
EPP, 0.5436
EPD, 0.4654
EPE, 0.1768
EPK, 0.2226
EPR, 0.3558
EDA, 0.3046
EDC, 0.0494
EDF, 0.5668
EDI, 0.093
EDL, 0.1976
EDM, 0.026
EDV, 0.0742
EDW, 0.0
EDH, 0.0524
EDN, 0.1622
EDQ, 0.3574
EDS, 0.337
EDT, 0.0
EDY, 0.3472
EDG, 0.197
EDP, 0.0956
EDD, 0.5404
EDE, 0.0
EDK, 0.4582
EDR, 0.0334
EEA, 0.3426
EEC, 0.5266
EEF, 0.86
EEI, 0.3924
EEL, 0.049
EEM, 0.1754
EEV, 0.4688
EEW, 0.2292
EEH, 0.2268
EEN, 0.0834
EEQ, 0.5314
EES, 0.0452
EET, 0.285
EEY, 0.2078
EEG, 0.0654
EEP, 0.1686
EED, 0.7674
EEE, 0.7984
EEK, 0.126
EER, 0.057
EKA, 0.3418
EKC, 0.2288
EKF, 0.3502
EKI, 0.528
EKL, 0.3672
EKM, 0.2706
EKV, 0.0584
EKW, 0.1898
EKH, 0.066
EKN, 0.0
EKQ, 0.2238
EKS, 0.2586
EKT, 0.5982
EKY, 0.0342
EKG, 0.2894
EKP, 0.0448
EKD, 0.5962
EKE, 0.7122
EKK, 0.4642
EKR, 0.102
ERA, 0.0
ERC, 0.3902
ERF, 0.1014
ERI, 0.828
ERL, 0.1042
ERM, 0.0296
ERV, 0.3404
ERW, 0.345
ERH, 0.6996
ERN, 0.3506
ERQ, 0.0
ERS, 0.0804
ERT, 0.649
ERY, 0.0014
ERG, 0.4816
ERP, 0.5852
ERD, 0.1634
ERE, 0.0284
ERK, 0.4038
ERR, 0.8204
KAA, 0.0828
KAC, 0.165
KAF, 0.296
KAI, 0.0058
KAL, 0.0
KAM, 0.3186
KAV, 0.2672
KAW, 0.1932
KAH, 0.1342
KAN, 0.2194
KAQ, 0.1304
KAS, 0.5988
KAT, 0.2084
KAY, 0.1564
KAG, 0.2848
KAP, 0.2544
KAD, 0.2442
KAE, 0.2942
KAK, 0.4886
KAR, 0.35
KCA, 0.096
KCC, 0.0944
KCF, 0.1522
KCI, 0.0638
KCL, 0.2988
KCM, 0.1948
KCV, 0.5854
KCW, 0.2652
KCH, 0.4894
KCN, 0.4918
KCQ, 0.6158
KCS, 0.5474
KCT, 0.013
KCY, 0.0032
KCG, 0.3138
KCP, 0.1354
KCD, 0.3844
KCE, 0.0408
KCK, 0.2558
KCR, 0.2942
KFA, 0.2658
KFC, 0.0704
KFF, 0.2314
KFI, 0.2628
KFL, 0.1362
KFM, 0.0094
KFV, 0.1038
KFW, 0.5812
KFH, 0.374
KFN, 0.1758
KFQ, 0.0524
KFS, 0.0
KFT, 0.051
KFY, 0.3066
KFG, 0.125
KFP, 0.1278
KFD, 0.3592
KFE, 0.4858
KFK, 0.0118
KFR, 0.2392
KIA, 0.0658
KIC, 0.2032
KIF, 0.2294
KII, 0.1888
KIL, 0.0
KIM, 0.3154
KIV, 0.1328
KIW, 0.2952
KIH, 0.176
KIN, 0.0844
KIQ, 0.0398
KIS, 0.3662
KIT, 0.0616
KIY, 0.0476
KIG, 0.786
KIP, 0.0
KID, 0.0
KIE, 0.1542
KIK, 0.4078
KIR, 0.2086
KLA, 0.2462
KLC, 0.0
KLF, 0.0
KLI, 0.0074
KLL, 0.0
KLM, 0.2768
KLV, 0.9448
KLW, 0.5052
KLH, 0.1616
KLN, 0.1394
KLQ, 0.3952
KLS, 0.1654
KLT, 0.3104
KLY, 0.268
KLG, 0.7156
KLP, 0.3008
KLD, 0.328
KLE, 0.4416
KLK, 0.0962
KLR, 0.2596
KMA, 0.8496
KMC, 0.0
KMF, 0.3556
KMI, 0.6454
KML, 0.0066
KMM, 0.2264
KMV, 0.077
KMW, 0.6084
KMH, 0.0906
KMN, 0.1328
KMQ, 0.397
KMS, 0.2182
KMT, 0.5414
KMY, 0.2476
KMG, 0.4844
KMP, 0.0
KMD, 0.0212
KME, 0.0412
KMK, 0.4628
KMR, 0.3702
KVA, 0.8508
KVC, 0.1758
KVF, 0.5656
KVI, 0.1568
KVL, 0.0902
KVM, 0.6614
KVV, 0.4086
KVW, 0.7218
KVH, 0.6054
KVN, 0.0116
KVQ, 0.6064
KVS, 0.8082
KVT, 0.3074
KVY, 0.4564
KVG, 0.961
KVP, 0.6278
KVD, 0.0374
KVE, 0.2428
KVK, 0.3832
KVR, 0.428
KWA, 0.4722
KWC, 0.1822
KWF, 0.4286
KWI, 0.6206
KWL, 0.6512
KWM, 0.1968
KWV, 0.2742
KWW, 0.347
KWH, 0.0234
KWN, 0.1618
KWQ, 0.6518
KWS, 0.0804
KWT, 0.278
KWY, 0.363
KWG, 0.2746
KWP, 0.7742
KWD, 0.057
KWE, 0.3858
KWK, 0.0066
KWR, 0.0828
KHA, 0.1232
KHC, 0.2616
KHF, 0.7378
KHI, 0.046
KHL, 0.5918
KHM, 0.0
KHV, 0.8042
KHW, 0.3538
KHH, 0.3934
KHN, 0.1468
KHQ, 0.1034
KHS, 0.4142
KHT, 0.0
KHY, 0.1164
KHG, 0.0462
KHP, 0.348
KHD, 0.137
KHE, 0.47
KHK, 0.3518
KHR, 0.4462
KNA, 0.1478
KNC, 0.3658
KNF, 0.005
KNI, 0.1766
KNL, 0.0
KNM, 0.0964
KNV, 0.2084
KNW, 0.0186
KNH, 0.2846
KNN, 0.5584
KNQ, 0.3428
KNS, 0.2026
KNT, 0.269
KNY, 0.0722
KNG, 0.511
KNP, 0.7062
KND, 0.1358
KNE, 0.386
KNK, 0.3726
KNR, 0.4642
KQA, 0.1836
KQC, 0.0738
KQF, 0.3074
KQI, 0.2704
KQL, 0.348
KQM, 0.0556
KQV, 0.3562
KQW, 0.1344
KQH, 0.2178
KQN, 0.3516
KQQ, 0.3134
KQS, 0.3184
KQT, 0.1092
KQY, 0.3054
KQG, 0.8466
KQP, 0.0
KQD, 0.2732
KQE, 0.21
KQK, 0.2194
KQR, 0.7194
KSA, 0.05
KSC, 0.0426
KSF, 0.0772
KSI, 0.053
KSL, 0.4948
KSM, 0.015
KSV, 0.5666
KSW, 0.7076
KSH, 0.4556
KSN, 0.0
KSQ, 0.3584
KSS, 0.5252
KST, 0.2388
KSY, 0.3238
KSG, 0.2412
KSP, 0.413
KSD, 0.1494
KSE, 0.1868
KSK, 0.0148
KSR, 0.2512
KTA, 0.1142
KTC, 0.38
KTF, 0.5936
KTI, 0.3972
KTL, 0.2114
KTM, 0.4338
KTV, 0.288
KTW, 0.3782
KTH, 0.2418
KTN, 0.2912
KTQ, 0.2338
KTS, 0.3312
KTT, 0.686
KTY, 0.2236
KTG, 0.2234
KTP, 0.1202
KTD, 0.1014
KTE, 0.0
KTK, 0.1022
KTR, 0.4518
KYA, 0.0038
KYC, 0.4998
KYF, 0.4696
KYI, 0.258
KYL, 0.0288
KYM, 0.3446
KYV, 0.2282
KYW, 0.2834
KYH, 0.1016
KYN, 0.5074
KYQ, 0.1194
KYS, 0.361
KYT, 0.2908
KYY, 0.1164
KYG, 0.6442
KYP, 0.1116
KYD, 0.2336
KYE, 0.1812
KYK, 0.2276
KYR, 0.0026
KGA, 0.6498
KGC, 0.3324
KGF, 0.3738
KGI, 0.4886
KGL, 0.0042
KGM, 0.0
KGV, 0.0
KGW, 0.35
KGH, 0.0308
KGN, 0.765
KGQ, 0.441
KGS, 0.2398
KGT, 0.0778
KGY, 0.3778
KGG, 0.4808
KGP, 0.0974
KGD, 0.1318
KGE, 0.4212
KGK, 0.1936
KGR, 0.3476
KPA, 0.3576
KPC, 0.5112
KPF, 0.5024
KPI, 0.0118
KPL, 0.4576
KPM, 0.1316
KPV, 0.267
KPW, 0.0584
KPH, 0.0712
KPN, 0.4268
KPQ, 0.1978
KPS, 0.4292
KPT, 0.364
KPY, 0.3708
KPG, 0.086
KPP, 0.3094
KPD, 0.1494
KPE, 0.0326
KPK, 0.1882
KPR, 0.5154
KDA, 0.4616
KDC, 0.1468
KDF, 0.173
KDI, 0.3018
KDL, 0.2642
KDM, 0.4164
KDV, 0.338
KDW, 0.8566
KDH, 0.4026
KDN, 0.1988
KDQ, 0.296
KDS, 0.2528
KDT, 0.5096
KDY, 0.0222
KDG, 0.5574
KDP, 0.0
KDD, 0.3052
KDE, 0.4464
KDK, 0.0
KDR, 0.6692
KEA, 0.1214
KEC, 0.6182
KEF, 0.27
KEI, 0.5146
KEL, 0.5272
KEM, 0.1674
KEV, 0.0
KEW, 0.3534
KEH, 0.6314
KEN, 0.2736
KEQ, 0.5728
KES, 0.075
KET, 0.7356
KEY, 0.4262
KEG, 0.1008
KEP, 0.4734
KED, 0.114
KEE, 0.7534
KEK, 0.2692
KER, 0.0524
KKA, 0.0342
KKC, 0.075
KKF, 0.464
KKI, 0.161
KKL, 0.399
KKM, 0.0016
KKV, 0.0544
KKW, 0.4504
KKH, 0.389
KKN, 0.1274
KKQ, 0.1202
KKS, 0.1654
KKT, 0.0112
KKY, 0.1636
KKG, 0.1634
KKP, 0.1412
KKD, 0.49
KKE, 0.0992
KKK, 0.247
KKR, 0.4862
KRA, 0.2778
KRC, 0.1196
KRF, 0.5468
KRI, 0.1722
KRL, 0.0056
KRM, 0.566
KRV, 0.1922
KRW, 0.2348
KRH, 0.7
KRN, 0.301
KRQ, 0.1238
KRS, 0.5722
KRT, 0.3678
KRY, 0.4742
KRG, 0.0996
KRP, 0.037
KRD, 0.3752
KRE, 0.121
KRK, 0.1582
KRR, 0.3084
RAA, 0.215
RAC, 0.14
RAF, 0.0996
RAI, 0.6826
RAL, 0.4144
RAM, 0.1938
RAV, 0.3498
RAW, 0.27
RAH, 0.3664
RAN, 0.003
RAQ, 0.0
RAS, 0.0
RAT, 0.157
RAY, 0.2944
RAG, 0.247
RAP, 0.668
RAD, 0.0
RAE, 0.0094
RAK, 0.221
RAR, 0.2604
RCA, 0.0
RCC, 0.0444
RCF, 0.1684
RCI, 0.1474
RCL, 0.1018
RCM, 0.602
RCV, 0.1174
RCW, 0.0374
RCH, 0.3704
RCN, 0.5464
RCQ, 0.6872
RCS, 0.6408
RCT, 0.2224
RCY, 0.1674
RCG, 0.706
RCP, 0.169
RCD, 0.9576
RCE, 0.0682
RCK, 0.0
RCR, 0.0076
RFA, 0.9244
RFC, 0.2886
RFF, 0.102
RFI, 0.3144
RFL, 0.211
RFM, 0.3286
RFV, 0.7878
RFW, 0.0936
RFH, 0.146
RFN, 0.3708
RFQ, 0.6816
RFS, 0.3016
RFT, 0.243
RFY, 0.2398
RFG, 0.0904
RFP, 0.0
RFD, 0.2438
RFE, 0.2646
RFK, 0.3422
RFR, 0.0
RIA, 0.101
RIC, 0.0
RIF, 0.4642
RII, 0.3922
RIL, 0.6772
RIM, 0.548
RIV, 0.3456
RIW, 0.3328
RIH, 0.131
RIN, 0.7372
RIQ, 0.4136
RIS, 0.1988
RIT, 0.012
RIY, 0.0884
RIG, 0.442
RIP, 0.5942
RID, 0.2012
RIE, 0.5088
RIK, 0.448
RIR, 0.387
RLA, 0.2182
RLC, 0.4024
RLF, 0.3054
RLI, 0.1864
RLL, 0.2484
RLM, 0.4094
RLV, 0.1256
RLW, 0.1726
RLH, 0.1472
RLN, 0.3618
RLQ, 0.463
RLS, 0.3952
RLT, 0.6158
RLY, 0.5664
RLG, 0.0278
RLP, 0.3902
RLD, 0.5212
RLE, 0.218
RLK, 0.363
RLR, 0.2784
RMA, 0.2388
RMC, 0.0622
RMF, 0.0004
RMI, 0.1874
RML, 0.0758
RMM, 0.0
RMV, 0.5272
RMW, 0.0334
RMH, 0.2356
RMN, 0.0148
RMQ, 0.4046
RMS, 0.2124
RMT, 0.093
RMY, 0.2178
RMG, 0.54
RMP, 0.0174
RMD, 0.234
RME, 0.277
RMK, 0.1848
RMR, 0.0322
RVA, 0.6072
RVC, 0.4094
RVF, 0.1112
RVI, 0.0948
RVL, 0.2048
RVM, 0.49
RVV, 0.1146
RVW, 0.4726
RVH, 0.3924
RVN, 0.7944
RVQ, 0.0892
RVS, 0.177
RVT, 0.0932
RVY, 0.161
RVG, 0.8958
RVP, 0.6154
RVD, 0.0392
RVE, 0.4652
RVK, 0.167
RVR, 0.6106
RWA, 0.3652
RWC, 0.2376
RWF, 0.439
RWI, 0.2284
RWL, 0.2934
RWM, 0.0578
RWV, 0.2092
RWW, 0.3596
RWH, 0.2724
RWN, 0.253
RWQ, 0.2372
RWS, 0.2554
RWT, 0.4896
RWY, 0.1424
RWG, 0.5426
RWP, 0.6036
RWD, 0.3342
RWE, 0.191
RWK, 0.1746
RWR, 0.1098
RHA, 0.1902
RHC, 0.0754
RHF, 0.0
RHI, 0.2192
RHL, 0.1832
RHM, 0.6512
RHV, 0.411
RHW, 0.009
RHH, 0.174
RHN, 0.0744
RHQ, 0.081
RHS, 0.31
RHT, 0.4716
RHY, 0.4166
RHG, 0.162
RHP, 0.558
RHD, 0.2518
RHE, 0.0546
RHK, 0.242
RHR, 0.0822
RNA, 0.5766
RNC, 0.2462
RNF, 0.2454
RNI, 0.1302
RNL, 0.2728
RNM, 0.0536
RNV, 0.2016
RNW, 0.606
RNH, 0.5222
RNN, 0.7188
RNQ, 0.364
RNS, 0.0548
RNT, 0.1334
RNY, 0.206
RNG, 0.5028
RNP, 0.4548
RND, 0.2712
RNE, 0.0
RNK, 0.027
RNR, 0.1582
RQA, 0.49
RQC, 0.49
RQF, 0.0
RQI, 0.2148
RQL, 0.0
RQM, 0.3626
RQV, 0.5294
RQW, 0.1642
RQH, 0.1672
RQN, 0.4958
RQQ, 0.5442
RQS, 0.1246
RQT, 0.1416
RQY, 0.457
RQG, 0.4468
RQP, 0.277
RQD, 0.6694
RQE, 0.5892
RQK, 0.2206
RQR, 0.0
RSA, 0.1792
RSC, 0.0
RSF, 0.5212
RSI, 0.0282
RSL, 0.2004
RSM, 0.3124
RSV, 0.1158
RSW, 0.1982
RSH, 0.0282
RSN, 0.288
RSQ, 0.0688
RSS, 0.197
RST, 0.3394
RSY, 0.0996
RSG, 0.2788
RSP, 0.1388
RSD, 0.4262
RSE, 0.2446
RSK, 0.0704
RSR, 0.186
RTA, 0.5446
RTC, 0.2568
RTF, 0.4876
RTI, 0.2894
RTL, 0.3814
RTM, 0.5738
RTV, 0.611
RTW, 0.4406
RTH, 0.0
RTN, 0.1062
RTQ, 0.5264
RTS, 0.092
RTT, 0.1698
RTY, 0.1644
RTG, 0.1156
RTP, 0.1876
RTD, 0.2662
RTE, 0.2222
RTK, 0.6692
RTR, 0.3548
RYA, 0.5322
RYC, 0.1038
RYF, 0.223
RYI, 0.5602
RYL, 0.1208
RYM, 0.7058
RYV, 0.1456
RYW, 0.135
RYH, 0.5088
RYN, 0.2644
RYQ, 0.3796
RYS, 0.2946
RYT, 0.2854
RYY, 0.2104
RYG, 0.2816
RYP, 0.0774
RYD, 0.1228
RYE, 0.257
RYK, 0.2948
RYR, 0.1544
RGA, 0.465
RGC, 0.1416
RGF, 0.202
RGI, 0.4626
RGL, 0.0
RGM, 0.3296
RGV, 0.4426
RGW, 0.2366
RGH, 0.1048
RGN, 0.3018
RGQ, 0.1186
RGS, 0.4128
RGT, 0.3634
RGY, 0.247
RGG, 0.469
RGP, 0.5948
RGD, 0.0214
RGE, 0.3374
RGK, 0.3802
RGR, 0.4302
RPA, 0.239
RPC, 0.2366
RPF, 0.6544
RPI, 0.4246
RPL, 0.171
RPM, 0.1632
RPV, 0.3788
RPW, 0.0998
RPH, 0.0852
RPN, 0.3374
RPQ, 0.0686
RPS, 0.4846
RPT, 0.1072
RPY, 0.0
RPG, 0.0
RPP, 0.3684
RPD, 0.2894
RPE, 0.5396
RPK, 0.0922
RPR, 0.2278
RDA, 0.0332
RDC, 0.406
RDF, 0.7108
RDI, 0.0554
RDL, 0.4676
RDM, 0.5014
RDV, 0.2986
RDW, 0.2016
RDH, 0.1566
RDN, 0.641
RDQ, 0.0
RDS, 0.6964
RDT, 0.1894
RDY, 0.0
RDG, 0.6956
RDP, 0.1986
RDD, 0.0
RDE, 0.0874
RDK, 0.2982
RDR, 0.2338
REA, 0.4538
REC, 0.0
REF, 0.0
REI, 0.4254
REL, 0.2134
REM, 0.0
REV, 0.395
REW, 0.5534
REH, 0.051
REN, 0.059
REQ, 0.1934
RES, 0.2682
RET, 0.2944
REY, 0.052
REG, 0.44
REP, 0.7012
RED, 0.2526
REE, 0.409
REK, 0.0
RER, 0.2362
RKA, 0.3494
RKC, 0.4008
RKF, 0.6864
RKI, 0.1094
RKL, 0.4986
RKM, 0.5196
RKV, 0.4876
RKW, 0.239
RKH, 0.0
RKN, 0.0
RKQ, 0.3882
RKS, 0.3812
RKT, 0.6922
RKY, 0.3762
RKG, 0.0714
RKP, 0.6872
RKD, 0.415
RKE, 0.3514
RKK, 0.2834
RKR, 0.4476
RRA, 0.0052
RRC, 0.274
RRF, 0.0998
RRI, 0.2274
RRL, 0.273
RRM, 0.2468
RRV, 0.0414
RRW, 0.0
RRH, 0.4774
RRN, 0.399
RRQ, 0.3182
RRS, 0.4076
RRT, 0.067
RRY, 0.144
RRG, 0.118
RRP, 0.0256
RRD, 0.2196
RRE, 0.0574
RRK, 0.4742
RRR, 0.3688
